GEO_ID_LONG,GEO_ID_SHORT,TRACT_NAME,MUNI,PGH_NHOOD,MUNI_TYPE,EXCLUDE,TOTAL_POP_2020,HISPANIC_LATINO_2020,WHITE_ALONE_2020,BLACK_ALONE_2020,INDIGENIOUS_ALONE_2020,ASIAN_PI_ALONE_2020,OTHER_2020,MULTIRACIAL_2020,Percent_CollegeorMore_Enrollment_2022_ACS_5YE,Significant_College_Enrollment,poverty_rate,MaleUnemploymentJoblessnessRate20to64_2022_ACS_5YE,male_unemployment,AdjustedMaleUnemploymentJoblessnessRate_2022_ACS_5YE,Rate25UpwoBachelorsOrMore_2022_ACS_5YE,SingleParentRate_2022_ACS_5YE,Avg_Hom_Rate_2018_2022,overdose_rate,PercentwoInternet_2022_ACS_5YE,NoVehicleRate_2022_ACS_5YE,FamWhiteBelowFPL_2022_ACS_5YE,FamBlackBelowFPL_2022_ACS_5YE,FamNABelowFPL_2022_ACS_5YE,FamAsianPIBelowFPL_2022_ACS_5YE,FamOtherBelowFPL_2022_ACS_5YE,FamMultiRaceBelowFPL_2022_ACS_5YE,FamLatinoBelowFPL_2022_ACS_5YE,FamWhiteNotLatinoBelowFPL_2022_ACS_5YE,FamWhiteAboveFPL_2022_ACS_5YE,FamBlackAboveFPL_2022_ACS_5YE,FamNAAboveFPL_2022_ACS_5YE,FamAsianPIAboveFPL_2022_ACS_5YE,FamOtherAboveFPL_2022_ACS_5YE,FamMultiRaceAboveFPL_2022_ACS_5YE,FamLatinoAboveFPL_2022_ACS_5YE,FamWhiteNotLatinoAboveFPL_2022_ACS_5YE,MedianHomeValue_2022_ACS_5YE,MedianGrossRent_2022_ACS_5YE,MedianIncome_2022_ACS_5YE,avg_income_LI_kids,PercentHispanicLatino_2020,PercentWhite_2020,PercentBlack_2020,PercentIndigenious_2020,PercentAsianPI_2020,PercentOther_2020,PercentMultiRacial_2020,ZScore_20225YE_FamPovRate,ZScore_20225YE_UnemployJoblessRate,ZScore_20225YE_NoCollegeAttRate,ZScore_20225YE_SingleParentRate,ZScore_20225YE_AvgHomRate,ZScore_20225YE_FatalOvdRate,ZScore_20225YE_NoInternetRate,ZScore_20225YE_NoVehicleRate,AverageZScore_20225YE,LevelofNeed_20225YE,LevelofNeed_Grouping_20225YE,PercentNonWhite_2020,PerBIPOC_Class2020,PerBlackClass2020,FamPovRate_2017_ACS_5YE,AdjustedMaleUnemploymentJoblessnessRate_2017_ACS_5YE,Rate25UpwoBachelorsOrMore_2017_ACS_5YE,SingleParentRate_2017_ACS_5YE,Avg_Hom_Rate_2013_2017,Avg_Fatal_Overdose_Rate_2013_2017,PercentwoInternet_2017_ACS_5YE,LevelofNeed_20175YE,NeedOvertime,NeedOvertime_SORT,x,y,GEOID20,CBSA10,METRO_NAME,HRI2020,INTERVAL2020,PercentNonwhite_2020
1400000US42003050100,42003050100,501.0,Pittsburgh,Middle Hill,Urban,0,1757,23,81,1597,0,5,4,47,14.6627566,0,32.6,46.79802956,50.26455026,46.79802956,93.0,70.0,56.91519636,352.8742174,22.66226623,52.25522552,0.0,120.05,0,0.0,0.0,4.005,0.0,0.0,22.0,222.95,0,0.0,0.0,10.995,0.0,22.0,160900.0,817.0,30036,21003.0,1.30904951622083,4.61013090495162,90.8935685828116,0.0,0.284575981787137,0.22766078542971,2.67501422879909,2.15298068679616,2.18256837206757,1.71853176378684,3.67734543103964,1.93143640168664,5.40850332950228,1.92929972282925,2.93530141478929,2.71438081538691,Extreme Need,High or Extreme Need,95.4,Mostly BIPOC,Mostly Black,42.3,23.86363636,92.3,47.18446602,83.79888268,158.2867784,45.88353414,Extreme Need,Consistent Need,4,,,42003050100.0,38300.0,"Pittsburgh, PA",4.0,4.0,95.38986909504838
1400000US42003070600,42003070600,706.0,Pittsburgh,Shadyside,Urban,0,2194,108,1596,58,0,330,9,93,83.15467075,1,2.1,11.49425287,12.13942308,12.13942308,14.7,4.694835681,0.0,0.0,1.966717095,19.96974281,8.928,0.0,0,0.0,0.0,0.0,0.0,9.15,363.072,0.0,0,46.0,0.0,8.0,6.0,356.85,414200.0,1390.0,85909,28980.0,4.92251595259799,72.7438468550593,2.64357338195077,0.0,15.0410209662717,0.4102096627165,4.23883318140383,-0.627883353588891,-0.662534697151469,-2.17325314359399,-0.842970067481663,-0.498166211849173,-1.09210537062179,-1.22611301150017,0.445923646668578,-1.01757512225531,Very Low Need,Very Low or Low Need,27.3,Racially Mixed,Minority Black,0.0,11.94029851,16.2,0.0,0.0,0.0,5.067300079,Very Low Need,Consistent Need,4,,,42003070600.0,38300.0,"Pittsburgh, PA",1.79,2.0,27.256153144940697
1400000US42003080700,42003080700,807.0,Pittsburgh,Friendship,Urban,0,1963,148,1171,201,3,345,10,85,81.7551963,1,0.0,12.10045662,12.45136187,12.45136187,23.5,4.102564103,0.0,40.75394804,6.516492357,36.92679002,0.0,0.0,0,0.0,0.0,0.0,0.0,0.0,136.0,1.0,0,39.0,0.0,19.0,20.0,136.0,484200.0,1136.0,45324,29765.0,7.53948038716251,59.6535914416709,10.2394294447275,0.152827305145186,17.5751400916964,0.509424350483953,4.3301069791136,-0.819352680959664,-0.636927839318059,-1.73586224723446,-0.88396612684826,-0.498166211849173,-0.341340774825539,-0.532417052702327,1.75339972552158,-0.778290419105355,Very Low Need,Very Low or Low Need,40.3,Racially Mixed,Minority Black,13.3,22.30483271,27.9,15.82733813,0.0,32.29278794,9.226713533,Very Low Need,Consistent Need,4,,,42003080700.0,38300.0,"Pittsburgh, PA",3.01,3.0,40.3464085583291
1400000US42003090100,42003090100,901.0,Pittsburgh,Central Lawrenceville,Urban,0,2038,72,1749,73,0,82,8,54,69.31506849,0,0.0,16.37080868,16.08093717,16.37080868,35.4,14.01273885,0.0,49.06771344,11.91047162,17.98561151,0.0,0.0,0,0.0,0.0,0.0,0.0,0.0,299.0,15.0,0,0.0,0.0,0.0,0.0,299.0,300000.0,1456.0,81681,27101.0,3.53287536800785,85.819430814524,3.5819430814524,0.0,4.02355250245339,0.392541707556428,2.64965652600589,-0.819352680959664,-0.315182931449167,-1.1443904669301,-0.198000216356167,-0.498166211849173,-0.188185534161503,0.289993154640017,0.292936857168832,-0.410469269580822,Low Need,Very Low or Low Need,14.2,Minority BIPOC,Minority Black,10.5,13.22207959,45.4,4.347826087,0.0,85.51576697,23.15081652,Low Need,Consistent Need,4,,,42003090100.0,38300.0,"Pittsburgh, PA",4.0,4.0,14.180569185476003
1400000US42003111500,42003111500,1115.0,Pittsburgh,East Liberty,Urban,0,3529,109,1239,1625,10,376,29,141,39.13043478,0,5.2,20.23381295,19.37269373,20.23381295,40.7,43.05019305,22.66931142,39.67129498,13.75609756,36.04878049,0.0,14.993,0,11.954,0.0,0.0,0.0,0.0,60.0,304.007,0,127.046,0.0,0.0,0.0,60.0,163500.0,1170.0,39331,18778.0,3.08869368092944,35.1090960612071,46.0470388211958,0.28336639274582,10.6545763672428,0.821762538962879,3.99546613771607,-0.345238156041558,0.0019286440357132,-0.880961858895378,1.81192435280496,0.469544027165265,-0.361285286365395,0.571392384778624,1.6857006477716,0.181043443926033,Moderate Need,Moderate Need,64.9,Majority BIPOC,Racially Mixed,18.6,28.63534676,55.9,46.34146341,31.73595684,69.81910505,24.38478747,Moderate Need,Consistent Need,4,,,42003111500.0,38300.0,"Pittsburgh, PA",3.87,4.0,64.8909039387929
1400000US42003460001,42003460001,4600.01,Kennedy Township,,Suburban,0,4925,89,4497,123,2,65,15,134,13.1443299,0,1.3,13.37704918,13.92491468,13.37704918,66.9,2.674173118,8.121827411,24.36548223,16.39572689,13.65536461,18.564,0.0,0,0.0,0.0,0.0,0.0,18.452,1307.436,72.0,0,0.0,0.0,23.0,8.0,1299.548,222300.0,1272.0,75598,41373.0,1.80710659898477,91.3096446700508,2.49746192893401,0.0406091370558376,1.31979695431472,0.304568527918782,2.72081218274112,-0.700824049730138,-0.560938753942168,0.421270127993226,-0.98283698912653,-0.151460685619615,-0.643247228096987,0.973851867610386,-0.0409475843357326,-0.234883672987404,Low Need,Very Low or Low Need,8.7,Minority BIPOC,Minority Black,2.7,12.48142645,65.1,5.656424581,0.0,16.92047377,19.01028907,Very Low Need,Persistently Lower Need,3,,,,,,,,8.690355329949199
1400000US42003515401,42003515401,5154.01,Swissvale Borough,,Suburban,0,2290,92,1772,284,0,55,5,82,39.03002309,0,3.2,13.83285303,14.12872841,13.83285303,41.8,5.760368664,0.0,43.66812227,3.50877193,3.801169591,14.136,0.0,0,0.0,0.0,0.0,0.0,14.136,357.864,23.0,0,14.0,0.0,25.0,7.0,357.864,218300.0,1107.0,79297,29269.0,4.0174672489083,77.3799126637555,12.4017467248908,0.0,2.40174672489083,0.218340611353712,3.58078602620087,-0.527589896394676,-0.523522104390918,-0.826287996850437,-0.769215636151962,-0.498166211849173,-0.287656188593098,-0.990998715587906,-0.800757007765117,-0.63191953568831,Very Low Need,Very Low or Low Need,22.6,Minority BIPOC,Minority Black,8.9,23.27044025,43.6,10.7606679,0.0,18.81467545,15.6097561,Low Need,Persistently Lower Need,3,,,42003515401.0,38300.0,"Pittsburgh, PA",2.47,2.0,22.620087336244495
1400000US42003455000,42003455000,4550.0,Oakdale Borough,,Suburban,0,1475,17,1343,24,1,7,1,82,20.83333333,0,6.2,17.4392936,13.61502347,17.4392936,74.1,13.30166271,0.0,13.55932203,10.16691958,6.373292868,5.835,0.0,0,0.0,0.0,19.992,0.0,5.835,383.165,4.0,0,4.0,0.0,4.008,0.0,383.165,170900.0,1105.0,86635,41773.0,1.15254237288136,91.0508474576271,1.6271186440678,0.0677966101694915,0.474576271186441,0.0677966101694915,5.5593220338983,-0.254062285864999,-0.227471680650307,0.779135406832842,-0.247219731072793,-0.498166211849173,-0.842317082303497,0.0241569463763876,-0.60243299445723,-0.180849234075934,Low Need,Very Low or Low Need,8.9,Minority BIPOC,Minority Black,4.0,17.47368421,74.7,9.047619048,0.0,13.22751323,14.59293395,Low Need,Consistent Need,4,,,,,,,,8.9491525423729
1400000US42003456003,42003456003,4560.03,South Fayette Township,,Suburban,0,8059,161,6088,153,8,1393,19,237,5.109816226,0,1.5,14.37043796,13.56663471,14.37043796,36.7,5.832921404,2.481697481,12.40848741,3.909774436,2.030075188,0.0,15.982,0,13.912,0.0,0.0,0.0,0.0,1569.0,45.018,0,362.088,0.0,17.0,32.0,1554.0,316400.0,666.0,158986,39141.0,1.99776647226703,75.5428713239856,1.89849857302395,0.0992678992430823,17.2850229557017,0.23576126070232,2.94081151507631,-0.682588875694826,-0.479392097744762,-1.07977590269517,-0.764193655447953,-0.392227217143703,-0.8635176267873,-0.929858592865069,-0.937317550213058,-0.741650566911254,Very Low Need,Very Low or Low Need,24.5,Minority BIPOC,Minority Black,3.1,9.511826875,45.0,7.335907336,0.0,8.275862069,9.585393686,Very Low Need,Consistent Need,4,,,,,,,,24.457128676014406
1400000US42003446000,42003446000,4460.0,Edgeworth Borough,,Suburban,0,1669,56,1518,13,0,22,6,54,20.69825436,0,0.7,17.46835443,7.926829268,17.46835443,18.8,3.973509934,0.0,11.98322349,6.620209059,1.916376307,3.045,0.0,0,0.0,0.0,0.0,0.0,3.024,431.955,3.0,0,6.0,0.0,9.0,6.0,428.976,714100.0,1313.0,208333,55352.0,3.35530257639305,90.9526662672259,0.778909526662672,0.0,1.31815458358298,0.359496704613541,3.23547034152187,-0.755529571836073,-0.22508609550929,-1.96946874869921,-0.892899043048117,-0.498166211849173,-0.871351790355752,-0.516603555794435,-0.946084322237623,-0.818443573870293,Very Low Need,Very Low or Low Need,9.0,Minority BIPOC,Minority Black,3.3,8.478802993,18.9,3.95869191,0.0,0.0,4.494382022,Very Low Need,Consistent Need,4,,,42003446000.0,38300.0,"Pittsburgh, PA",1.5,1.0,9.047333732774106
1400000US42003561900,42003561900,5619.0,Pittsburgh,Lincoln-Lemington-Belmar,Urban,0,1898,27,65,1720,6,14,10,56,16.45244216,0,29.0,58.73493976,53.7593985,58.73493976,89.3,57.80669145,63.22444679,73.76185458,27.29941292,24.85322896,0.0,156.256,0,0.0,0.0,0.0,0.0,0.0,24.0,357.744,0,0.0,0.0,0.0,0.0,24.0,45700.0,657.0,22770,22878.0,1.42255005268704,3.42465753424658,90.6217070600632,0.316122233930453,0.737618545837724,0.526870389884089,2.9504741833509,1.82474755416055,3.16246177507009,1.53462877327203,2.83334477364016,2.20076642801601,0.266727125424535,2.63631704433795,0.822465696912417,2.06557049627447,Extreme Need,High or Extreme Need,96.6,Mostly BIPOC,Mostly Black,29.3,57.29813665,82.8,41.34790528,30.58103976,22.93577982,43.70922647,High Need,Deepening Need,6,,,42003561900.0,38300.0,"Pittsburgh, PA",3.01,3.0,96.57534246575342
1400000US42003457100,42003457100,4571.0,Bridgeville Borough,,Suburban,0,1406,35,1238,52,0,18,4,59,38.43137255,0,13.4,27.85571142,32.2815534,27.85571142,70.6,22.44897959,0.0,56.89900427,15.31791908,9.971098266,46.11,0.0,0,0.0,0.0,0.0,0.0,46.11,271.89,19.0,0,0.0,6.0,0.0,0.0,271.89,170800.0,870.0,63295,34867.0,2.48933143669986,88.0512091038407,3.69843527738265,0.0,1.28022759601707,0.284495021337127,4.19630156472262,0.402403979406226,0.627605465254318,0.605173118508028,0.385942419175705,-0.498166211849173,-0.0439183851535806,0.809520471200029,-0.325023582547406,0.326937265220222,Moderate Need,Moderate Need,11.9,Minority BIPOC,Minority Black,13.8,12.05073996,74.4,21.54255319,0.0,65.27415144,26.31578947,Moderate Need,Consistent Need,4,,,,,,,,11.948790896159295
1400000US42003447000,42003447000,4470.0,Leet Township,,Suburban,0,1624,59,1396,55,2,35,10,67,19.03553299,0,2.7,12.67281106,10.0,12.67281106,57.8,27.67175573,0.0,49.26108374,2.480620155,5.426356589,14.07,0.0,0,0.0,0.0,0.0,0.0,14.01,454.93,10.0,0,12.0,6.0,27.0,16.0,452.99,247600.0,1121.0,86985,44184.0,3.63300492610837,85.9605911330049,3.38669950738916,0.123152709359606,2.1551724137931,0.61576354679803,4.1256157635468,-0.573177831482955,-0.618749215474407,-0.0310318216512896,0.747454348241942,-0.498166211849173,-0.184623288487145,-1.14775914665913,-0.675446681195122,-0.329436166766023,Low Need,Very Low or Low Need,14.0,Minority BIPOC,Minority Black,1.9,10.76555024,48.8,11.22661123,0.0,25.17306482,7.011686144,Very Low Need,Persistently Lower Need,3,,,,,,,,14.039408866995103
1400000US42003457200,42003457200,4572.0,Bridgeville Borough,,Suburban,0,3398,75,2989,146,2,42,14,130,18.73873874,0,10.2,21.86559679,21.74887892,21.86559679,70.9,24.77987421,0.0,52.97233667,13.9431121,18.51645287,60.993,0.0,0,0.0,0.0,20.007,0.0,60.993,692.007,15.0,0,0.0,0.0,6.993,0.0,692.007,151400.0,874.0,53472,34780.0,2.20718069452619,87.9635079458505,4.29664508534432,0.0588581518540318,1.23602118893467,0.412007062978222,3.82577987051207,0.110641194841237,0.135880746644486,0.620084171793013,0.547283090868042,-0.498166211849173,-0.116255009096045,0.59990615153936,0.333867472698197,0.199910590677274,Moderate Need,Moderate Need,12.0,Minority BIPOC,Minority Black,6.6,20.46783626,70.7,15.71582347,0.0,56.19556055,24.15158371,Low Need,Emerging Need,5,,,,,,,,12.036492054149505
1400000US42003448000,42003448000,4480.0,Leetsdale Borough,,Suburban,0,1162,43,904,94,2,23,0,96,15.31914894,0,1.1,11.70212766,12.15686275,11.70212766,59.1,25.99277978,0.0,68.84681583,9.473684211,15.96491228,3.068,0.0,0,0.0,0.0,0.0,0.0,3.068,232.932,15.0,0,12.0,0.0,14.0,0.0,232.932,115800.0,1068.0,65417,41055.0,3.70051635111876,77.7969018932874,8.0895008605852,0.172117039586919,1.97934595524957,0.0,8.26161790017212,-0.71905922376545,-0.698432001398695,0.0335827425836413,0.631238409003865,-0.498166211849173,0.176182840565436,-0.0815393894377118,0.137130491056717,-0.165170404899727,Low Need,Very Low or Low Need,22.2,Minority BIPOC,Minority Black,15.9,12.72727273,68.5,9.121621622,0.0,15.91089897,22.99465241,Low Need,Consistent Need,4,,,,,,,,22.203098106712602
1400000US42003449000,42003449000,4490.0,Crescent Township,,Suburban,0,2488,57,2191,91,8,37,6,98,25.0,0,5.0,14.87603306,10.44247788,14.87603306,73.9,12.24764468,8.038585209,32.15434084,4.637681159,0.77294686,37.232,0.0,0,0.0,0.0,0.0,0.0,36.816,678.768,0.0,0,21.0,0.0,6.0,8.0,671.184,165300.0,1048.0,76116,33720.0,2.29099678456592,88.0627009646302,3.65755627009646,0.321543408360129,1.48713826366559,0.241157556270096,3.93890675241158,-0.363473330076869,-0.43788811599575,0.769194704642853,-0.320177116394672,-0.155014138554336,-0.499761760620036,-0.818875978768891,-1.03424864892104,-0.2608565336811,Low Need,Very Low or Low Need,11.9,Minority BIPOC,Minority Black,4.3,13.18373072,70.8,12.63586957,0.0,15.34919417,18.3531746,Low Need,Consistent Need,4,,,,,,,,11.937299035369804
1400000US42003428200,42003428200,4282.0,Reserve Township,,Suburban,0,2068,16,1925,36,0,14,16,61,19.16666667,0,9.3,19.35483871,21.10552764,19.35483871,68.5,19.64285714,0.0,67.69825919,8.156779661,6.144067797,51.84,0.0,0,0.0,0.0,0.0,0.0,52.234,488.16,0.0,0,15.0,5.0,0.0,7.0,480.766,187600.0,1052.0,75795,50518.0,0.773694390715667,93.0851063829787,1.74081237911025,0.0,0.676982591876209,0.773694390715667,2.94970986460348,0.0285829116823341,-0.0702257949903211,0.500795745513141,0.191707262833052,-0.498166211849173,0.155024260770116,-0.282325430912632,-0.620107433485102,0.0036275347209309,Low Need,Very Low or Low Need,6.9,Minority BIPOC,Minority Black,0.8,10.33950617,71.4,7.677165354,9.523809524,28.57142857,18.90179514,Low Need,Consistent Need,4,,,,,,,,6.914893617021306
1400000US42003431100,42003431100,4311.0,Bellevue Borough,,Suburban,0,3253,88,2421,471,5,60,19,189,26.94610778,0,4.2,19.19686582,17.70386266,19.19686582,50.8,12.11699164,0.0,43.03719643,11.70646476,19.04484566,30.222,0.0,0,0.0,0.0,0.0,0.0,29.946,626.778,61.0,0,0.0,0.0,0.0,6.0,621.054,167600.0,926.0,60559,29384.0,2.70519520442668,74.4236089763295,14.4789425146019,0.153704272978789,1.84445127574547,0.584076237319398,5.81002151859822,-0.436414026218117,-0.0831936895434896,-0.378956398300917,-0.329220703801574,-0.498166211849173,-0.299279032661607,0.258888599755513,0.374609290811199,-0.252334494659909,Low Need,Very Low or Low Need,25.6,Minority BIPOC,Minority Black,9.0,15.47933157,62.3,18.92950392,6.309148265,94.63722397,19.85981308,Low Need,Consistent Need,4,,,42003431100.0,38300.0,"Pittsburgh, PA",2.74,3.0,25.576391023670496
1400000US42003432300,42003432300,4323.0,Avalon Borough,,Suburban,0,2183,66,1795,202,4,13,7,96,28.33333333,0,13.4,19.25925926,20.0617284,19.25925926,70.5,16.82926829,9.161704077,64.13192854,19.60784314,26.79738562,55.05,0.0,0,0.0,0.0,0.0,0.0,55.05,311.95,22.0,0,13.0,0.0,8.0,8.0,311.95,145900.0,857.0,46994,31405.0,3.02336234539624,82.2262940907009,9.2533211177279,0.183234081539166,0.59551076500229,0.320659642693541,4.39761795693999,0.402403979406226,-0.0780718515450238,0.600202767413034,-0.0030447053726449,-0.10707030788134,0.0893257231389867,1.46359738986161,0.972370234831832,0.33819185643155,Moderate Need,Moderate Need,17.8,Minority BIPOC,Minority Black,2.7,8.550185874,76.6,25.6302521,0.0,39.25417076,36.86868687,Low Need,Emerging Need,5,,,42003432300.0,38300.0,"Pittsburgh, PA",1.98,2.0,17.773705909299096
1400000US42003563800,42003563800,5638.0,Aleppo Township- Ben Avon Heights Borough-Glenfield Borough-Glen Osborne Borough-Haysville Borough- Kilbuck Township,,Suburban,0,3881,73,3591,54,0,34,14,115,25.3968254,0,1.5,21.46529563,18.58789625,21.46529563,50.2,8.462332301,0.0,10.306622,10.85545723,15.81120944,15.072,0.0,0,0.0,0.0,0.0,0.0,15.024,926.928,6.0,1,10.0,3.0,7.0,3.0,923.976,285300.0,3448.0,86929,36530.0,1.88095851584643,92.5276990466375,1.39139397062613,0.0,0.876062870394228,0.360731770162329,2.96315382633342,-0.682588875694826,0.103020277785614,-0.408778504870884,-0.582190180628859,-0.498166211849173,-0.902237952322582,0.129137029519045,0.125279206805219,-0.405972059723095,Low Need,Very Low or Low Need,7.5,Minority BIPOC,Minority Black,2.1,13.27543424,46.6,7.150715072,0.0,16.14639397,18.5840708,Very Low Need,Persistently Lower Need,3,,,,,,,,7.472300953362506
1400000US42003563300,42003563300,5633.0,Sewickley Heights Borough-Sewickley Hills Borough ,,Suburban,0,1546,29,1381,25,0,57,18,36,13.9941691,0,1.4,15.15151515,14.62686567,15.15151515,29.5,5.263157895,0.0,0.0,2.065404475,2.409638554,6.16,0.0,0,0.0,0.0,0.0,0.0,6.16,378.84,13.0,0,8.0,6.0,6.0,0.0,378.84,644900.0,1450.0,174375,60294.0,1.875808538163,89.3272962483829,1.61707632600259,0.0,3.6869340232859,1.16429495472186,2.32858990944373,-0.691706462712482,-0.415273965590535,-1.43764118153478,-0.803631743493239,-0.498166211849173,-1.09210537062179,-1.21106632616999,-0.90805125076198,-0.87851303742457,Very Low Need,Very Low or Low Need,10.7,Minority BIPOC,Minority Black,2.3,11.40583554,34.6,6.636155606,0.0,13.83125864,7.387387387,Very Low Need,Consistent Need,4,,,,,,,,10.672703751617107
1400000US42003451104,42003451104,4511.04,Moon Township,,Suburban,0,3966,82,3428,109,0,160,6,181,26.91891892,0,0.9,9.758064516,3.240740741,9.758064516,42.0,2.651839179,0.0,5.042864347,0.506512301,2.026049204,10.78,0.0,0,0.0,0.0,0.0,0.0,10.78,1067.22,52.0,0,23.0,16.0,0.0,16.0,1067.22,291800.0,,136111,45770.0,2.06757438224912,86.434694906707,2.74836106908724,0.0,4.03429147755925,0.151285930408472,4.56379223398891,-0.737294397800761,-0.858018914419614,-0.816347294660448,-0.984382907457147,-0.498166211849173,-0.999206297152517,-1.44874778053485,-0.937627974410659,-0.906023400553501,Very Low Need,Very Low or Low Need,13.6,Minority BIPOC,Minority Black,1.3,8.602150538,43.5,5.268199234,0.0,0.0,6.47425897,Very Low Need,Consistent Need,4,,,,,,,,13.565305093293006
1400000US42003451105,42003451105,4511.05,Moon Township,,Suburban,0,5625,242,4103,402,10,542,35,291,37.62662808,0,0.0,24.1337386,22.94973545,24.1337386,41.8,2.214348981,7.111111111,32.0,3.47705146,2.410755679,0.0,0.0,0,0.0,0.0,0.0,0.0,0.0,912.0,21.0,0,148.0,0.0,48.0,72.0,882.0,259900.0,1157.0,96821,36265.0,4.30222222222222,72.9422222222222,7.14666666666667,0.177777777777778,9.63555555555556,0.622222222222222,5.17333333333333,-0.819352680959664,0.322071072235875,-0.826287996850437,-1.01466525561587,-0.194606262215553,-0.502605010021142,-0.995835077953746,-0.907965114644264,-0.575897315911506,Very Low Need,Very Low or Low Need,27.1,Racially Mixed,Minority Black,17.7,10.42543245,53.2,6.993642144,0.0,34.51581975,17.3595249,Low Need,Persistently Lower Need,3,,,,,,,,27.0577777777778
1400000US42003564000,42003564000,5640.0,McDonald Borough-North Fayette Township,,Suburban,0,7121,166,6450,115,3,145,7,235,7.133917397,0,0.3,8.131241084,4.783950617,8.131241084,44.8,7.588075881,0.0,16.85156579,3.74617737,0.802752294,6.676,0.0,0,0.0,0.0,0.0,0.0,6.676,1662.324,53.0,0,66.0,31.0,26.0,0.0,1662.324,306600.0,1110.0,130789,34898.0,2.33113326779947,90.5771661283528,1.6149417216683,0.0421289144783036,2.03623086645134,0.0983008004493751,3.30009830080045,-0.791999919906697,-0.991563820275294,-0.677177464000597,-0.642704764524607,-0.498166211849173,-0.781667742187709,-0.954801939958107,-1.0319504957407,-0.762583123243169,Very Low Need,Very Low or Low Need,9.4,Minority BIPOC,Minority Black,5.4,8.481262327,65.2,6.565307533,0.0,26.19086594,14.58929301,Very Low Need,Consistent Need,4,,,,,,,,9.4228338716472
1400000US42003453003,42003453003,4530.03,North Fayette Township,,Suburban,0,2184,26,1988,53,8,17,20,72,38.91625616,0,5.8,20.16806723,19.84585742,20.16806723,62.7,6.728971963,0.0,36.63003663,4.216073781,1.844532279,30.798,0.0,0,0.0,0.0,0.0,0.0,30.798,491.202,10.0,0,0.0,0.0,3.0,0.0,491.202,222500.0,1324.0,87255,35499.0,1.19047619047619,91.025641025641,2.42673992673993,0.366300366300366,0.778388278388278,0.915750915750916,3.2967032967033,-0.290532633935622,-0.0034683805061696,0.21251538200345,-0.702170517285081,-0.498166211849173,-0.417311001803043,-0.883157688848213,-0.951623868530981,-0.368898721746265,Low Need,Very Low or Low Need,9.0,Minority BIPOC,Minority Black,3.4,26.26262626,70.8,6.285714286,0.0,21.57497303,16.82119205,Low Need,Consistent Need,4,,,,,,,,8.974358974359006
1400000US42003080200,42003080200,802.0,Pittsburgh,Bloomfield,Urban,0,1618,48,1383,54,0,47,9,77,66.36904762,0,0.0,15.10695187,10.59907834,15.10695187,52.0,4.07523511,0.0,111.2484549,12.16617211,22.15628091,0.0,0.0,0,0.0,0.0,0.0,0.0,0.0,288.0,17.0,0,5.0,9.0,0.0,18.0,270.0,212700.0,1170.0,60052,32845.0,2.96662546353523,85.4758961681088,3.33745364647713,0.0,2.90482076637824,0.556242274412855,4.75896168108776,-0.819352680959664,-0.418932137039974,-0.319312185160981,-0.885857794557929,-0.498166211849173,0.957301013122416,0.328979343267201,0.6145170477393,-0.2364772361683,Low Need,Very Low or Low Need,14.5,Minority BIPOC,Minority Black,16.1,16.27906977,61.9,11.30136986,0.0,116.5048544,25.48794489,Moderate Need,Lessening Need,2,,,42003080200.0,38300.0,"Pittsburgh, PA",3.0,3.0,14.524103831891196
1400000US42003080400,42003080400,804.0,Pittsburgh,Bloomfield,Urban,0,1674,92,1035,86,0,365,11,85,98.11764706,1,0.0,16.24242424,13.73092926,13.73092926,26.4,1.485148515,0.0,47.78972521,4.891304348,26.95652174,0.0,0.0,0,0.0,0.0,0.0,0.0,0.0,169.0,0.0,0,33.0,0.0,0.0,0.0,169.0,224000.0,1397.0,62868,35423.0,5.49581839904421,61.8279569892473,5.1373954599761,0.0,21.8040621266428,0.657108721624851,5.07765830346476,-0.819352680959664,-0.531888962158864,-1.59172206547962,-1.06513930621143,-0.498166211849173,-0.21172848798739,-0.780206512446859,0.984640453084145,-0.785457746727571,Very Low Need,Very Low or Low Need,38.2,Racially Mixed,Minority Black,16.3,20.33195021,40.0,8.810572687,13.1147541,39.3442623,12.79503106,Low Need,Persistently Lower Need,3,,,42003080400.0,38300.0,"Pittsburgh, PA",2.98,3.0,38.1720430107527
1400000US42003080900,42003080900,809.0,Pittsburgh,Bloomfield,Urban,0,1824,109,1365,172,0,95,7,76,78.81773399,1,4.2,9.709821429,11.55988858,11.55988858,38.6,11.29032258,10.96491228,54.8245614,5.267938238,21.88919164,0.0,0.0,0,12.992,0.0,0.0,0.0,0.0,272.0,0.0,0,15.008,0.0,10.0,0.0,272.0,258200.0,1083.0,62852,32355.0,5.97587719298246,74.8355263157895,9.42982456140351,0.0,5.20833333333333,0.383771929824561,4.16666666666667,-0.436414026218117,-0.710108317447478,-0.985339231890267,-0.386441369319122,-0.0300947434811607,-0.0821335357757817,-0.722781828282467,0.593923083052018,-0.479044721773485,Low Need,Very Low or Low Need,25.2,Minority BIPOC,Minority Black,8.6,4.038772213,31.4,21.78988327,44.79283315,78.38745801,12.33569262,Low Need,Consistent Need,4,,,42003080900.0,38300.0,"Pittsburgh, PA",3.0,3.0,25.164473684210506
1400000US42003130200,42003130200,1302.0,Pittsburgh,Homewood North,Urban,0,1028,24,36,895,0,11,8,54,21.21212121,0,27.7,35.97560976,25.26690391,35.97560976,79.0,33.47107438,155.6420233,194.5525292,12.21590909,16.47727273,0.0,67.014,0,0.0,0.0,0.0,0.0,0.0,23.0,151.986,0,0.0,0.0,0.0,0.0,23.0,58900.0,1429.0,41667,19946.0,2.33463035019455,3.50194552529183,87.0622568093385,0.0,1.07003891050584,0.778210116731518,5.25291828793774,1.70621892293102,1.29416278059854,1.02268261048758,1.14887359659428,6.14589883176095,2.49191919560219,0.336562650143252,0.176636132801366,2.0209026554454,Extreme Need,High or Extreme Need,96.5,Mostly BIPOC,Mostly Black,37.3,40.17595308,78.9,43.96782842,87.22741433,49.84423676,24.84725051,High Need,Deepening Need,6,,,42003130200.0,38300.0,"Pittsburgh, PA",3.34,4.0,96.49805447470817
1400000US42003130600,42003130600,1306.0,Pittsburgh,East Hills,Urban,0,2892,34,64,2656,12,5,14,107,15.86263287,0,46.8,50.06321113,45.99358974,50.06321113,84.1,55.90433483,82.98755187,76.07192254,15.76271186,41.44067797,0.0,312.702,0,0.0,0.0,0.0,0.0,0.0,36.0,320.298,0,0.0,0.0,0.0,0.0,36.0,83000.0,426.0,18879,22307.0,1.17565698478562,2.21300138312586,91.8395573997234,0.4149377593361,0.172890733056708,0.484094052558783,3.69986168741355,3.44767804330329,2.45060506049373,1.27617051633231,2.70166679376256,3.0444161880948,0.309282934656784,0.877337217351316,2.1014438421746,2.01530810771354,Extreme Need,High or Extreme Need,97.8,Mostly BIPOC,Mostly Black,30.8,45.82743989,89.4,47.36842105,88.0733945,36.69724771,33.75616631,High Need,Deepening Need,6,,,42003130600.0,38300.0,"Pittsburgh, PA",2.95,3.0,97.78699861687414
1400000US42003492700,42003492700,4927.0,Clairton,,Suburban,0,1819,47,1232,390,8,7,9,126,16.62468514,0,24.7,28.45394737,30.28571429,28.45394737,77.2,20.53941909,21.99010445,164.9257834,17.34575087,16.99650757,97.831,21.037,0,0.0,0.0,0.0,0.0,97.98,263.169,87.963,0,0.0,0.0,12.0,6.0,257.02,49400.0,1025.0,36583,33175.0,2.58383727322705,67.7295217152281,21.4403518416712,0.439802089059923,0.384826827927433,0.494777350192413,6.92688290269379,1.43269131240134,0.676714275743982,0.933216290777677,0.25376579863541,0.44054995993925,1.94613865396083,1.1187002958814,0.216671825584406,0.971682369619984,High Need,High or Extreme Need,32.3,Racially Mixed,Minority Black,17.5,32.69230769,82.9,33.0134357,18.78816346,56.36449037,25.90431739,Moderate Need,Deepening Need,6,,,,,,,,32.2704782847719
1400000US42003488400,42003488400,4884.0,West Mifflin Borough,,Suburban,0,4649,91,3603,654,4,26,23,248,12.51580278,0,9.1,28.10283688,28.88675624,28.10283688,81.1,10.46511628,0.0,60.22800602,10.05702436,10.73094868,85.785,0.0,0,0.0,0.0,0.0,0.0,85.785,817.215,43.0,0,0.0,0.0,0.0,0.0,817.215,95700.0,609.0,57584,38781.0,1.95741019574102,77.5005377500538,14.0675414067541,0.0860400086040009,0.559260055926006,0.494730049473005,5.33448053344805,0.0103477376470222,0.647891837850801,1.12705998348247,-0.443560785008,-0.498166211849173,0.0174081064734562,0.007401422066888,-0.266435184018583,0.124054584380495,Moderate Need,Moderate Need,22.5,Minority BIPOC,Minority Black,6.5,24.03708987,80.5,22.32289951,4.526935265,72.43096424,18.28463713,Moderate Need,Consistent Need,4,,,42003488400.0,38300.0,"Pittsburgh, PA",3.21,3.0,22.499462249946205
1400000US42003476100,42003476100,4761.0,Castle Shannon Borough,,Suburban,0,4979,121,3968,225,2,437,33,193,17.78017241,0,6.2,12.40409207,13.79800853,12.40409207,64.7,16.71957672,0.0,56.23619201,9.534175011,14.06181976,59.1,0.0,0,0.0,0.0,0.0,0.0,59.213,728.9,43.0,0,80.0,0.0,34.0,34.0,709.787,173500.0,953.0,59868,45481.0,2.43020686884917,79.6947178148223,4.51897971480217,0.0401687085760193,8.77686282386021,0.662783691504318,3.87628037758586,-0.254062285864999,-0.64080818728124,0.311922403903343,-0.0106373744838669,-0.498166211849173,-0.056128637224847,-0.0723164671859426,-0.0096077891950895,-0.174313822855246,Low Need,Very Low or Low Need,20.3,Minority BIPOC,Minority Black,7.1,6.811332128,65.3,15.34090909,0.0,73.84615385,13.83544822,Low Need,Consistent Need,4,,,42003476100.0,38300.0,"Pittsburgh, PA",2.97,3.0,20.305282185177703
1400000US42003470300,42003470300,4703.0,Scott Township,,Suburban,0,4317,66,3861,95,1,165,6,123,28.72727273,0,0.9,13.17427386,14.7161066,13.17427386,54.1,4.595185996,0.0,32.42992819,10.58434399,9.261300992,7.938,0.0,0,0.0,0.0,0.0,0.0,7.839,874.062,0.0,0,0.0,0.0,32.0,11.0,863.161,213500.0,1004.0,70385,48007.0,1.52883947185546,89.4371091035441,2.20060227009497,0.0231642344220524,3.82209867963864,0.138985406532314,2.84920083391244,-0.737294397800761,-0.577584451616908,-0.214934812166092,-0.84986765391645,-0.498166211849173,-0.494684921801224,0.0878008869329785,-0.379752624997838,-0.46924736603109,Low Need,Very Low or Low Need,10.6,Minority BIPOC,Minority Black,6.4,10.42810099,57.9,10.11235955,0.0,4.938271605,16.78043231,Very Low Need,Persistently Lower Need,3,,,,,,,,10.562890896455897
1400000US42003474101,42003474101,4741.01,Upper St. Clair Municipality,,Suburban,0,4460,127,3424,52,2,704,18,133,12.56366723,0,7.7,14.02877698,14.43594646,14.02877698,30.3,15.80726965,0.0,22.42152466,3.664223851,1.46568954,90.728,0.0,0,0.0,0.0,0.0,0.0,90.728,940.272,0.0,0,106.0,0.0,46.0,0.0,940.272,352700.0,1284.0,144821,36034.0,2.847533632287,76.7713004484305,1.16591928251121,0.0448430493273543,15.7847533632287,0.403587443946188,2.98206278026906,-0.11729848060016,-0.50743883134299,-1.39787837277482,-0.0737857614596231,-0.498166211849173,-0.679058593362841,-0.967297243938148,-0.980834603911699,-0.605846213618252,Very Low Need,Very Low or Low Need,23.2,Minority BIPOC,Minority Black,3.4,13.50574713,36.6,4.275996113,0.0,11.08033241,8.624535316,Very Low Need,Consistent Need,4,,,,,,,,23.228699551569505
1400000US42003170600,42003170600,1706.0,Pittsburgh,South Side Slopes,Urban,0,1775,94,1405,158,1,37,9,71,88.84892086,1,11.4,13.91625616,8.545727136,8.545727136,57.3,4.504504505,22.53521127,78.87323944,3.712296984,21.1136891,30.91,0.0,0,0.0,0.0,7.0,6.996,31.122,250.09,34.0,0,11.0,0.0,0.0,15.004,234.878,179800.0,1098.0,50859,32536.0,5.29577464788732,79.1549295774648,8.90140845070422,0.0563380281690141,2.08450704225352,0.507042253521127,4.0,0.220052239053108,-0.957538922610289,-0.055883577126263,-0.85614447679058,0.463819544149258,0.360888475991368,-0.959967620787885,0.534127824621541,-0.254967762588755,Low Need,Very Low or Low Need,20.8,Minority BIPOC,Minority Black,5.1,19.67391304,58.1,10.58020478,11.53402537,69.20415225,14.26927503,Low Need,Consistent Need,4,,,42003170600.0,38300.0,"Pittsburgh, PA",3.74,4.0,20.8450704225352
1400000US42003496102,42003496102,4961.02,Elizabeth Township,,Suburban,0,4370,34,4089,96,3,15,8,125,33.67346939,0,4.5,22.28390167,22.12692967,22.28390167,71.5,8.868778281,0.0,22.88329519,21.1219233,8.471665713,47.128,0.0,0,0.0,0.0,3.0,0.0,46.741,1048.872,6.0,0,0.0,0.0,0.0,9.0,1040.259,148100.0,1223.0,66356,39279.0,0.778032036613272,93.5697940503432,2.19679633867277,0.068649885583524,0.34324942791762,0.183066361556064,2.8604118993135,-0.409061265165149,0.170219129482932,0.649906278362981,-0.554056661911547,-0.498166211849173,-0.670551909176912,1.69444643795861,-0.440637590730674,0.0546765425288209,Moderate Need,Moderate Need,6.4,Minority BIPOC,Minority Black,5.2,12.78792693,75.2,9.111445783,4.56516777,9.13033554,17.15210356,Low Need,Emerging Need,5,,,,,,,,6.430205949656795
1400000US42003523501,42003523501,5235.01,Penn Hills Municipality,,Suburban,0,4703,123,1872,2350,11,36,56,255,14.88326848,0,11.2,19.23383879,17.40237691,19.23383879,66.3,18.38150289,12.75781416,38.27344248,6.824754193,3.528050896,28.925,67.9,0,0.0,0.0,0.0,0.0,28.925,416.075,320.1,0,0.0,0.0,32.0,32.0,416.075,119900.0,1153.0,64219,33800.0,2.61535190304061,39.804380182862,49.9681054645971,0.233893259621518,0.765468849670423,1.19072932170955,5.42207101849883,0.201817065017796,-0.0801586018377607,0.391448021423258,0.104398407172738,0.0464408633874946,-0.387036366140911,-0.485416931252195,-0.821815872317282,-0.029786791747083,Low Need,Very Low or Low Need,60.2,Majority BIPOC,Racially Mixed,4.0,19.74522293,76.6,14.71428571,4.195510803,8.391021607,24.34827946,Low Need,Consistent Need,4,,,,,,,,60.195619817138
1400000US42003414200,42003414200,4142.0,Hampton Township,,Suburban,0,5936,104,5487,31,1,131,9,173,26.16970658,0,1.6,18.27956989,15.16778523,18.27956989,41.8,11.25150421,0.0,13.47708895,1.91588785,0.747663551,27.166,0.0,0,0.0,0.0,0.0,0.0,27.166,1570.834,0.0,0,22.0,0.0,42.0,17.0,1570.834,321800.0,1033.0,127093,43193.0,1.75202156334232,92.4359838274933,0.522237196765499,0.0168463611859838,2.20687331536388,0.151617250673854,2.9144204851752,-0.67347128867717,-0.158493931846397,-0.826287996850437,-0.389128312708181,-0.498166211849173,-0.843831970750788,-1.2338628540341,-1.03619812286556,-0.660463223816606,Very Low Need,Very Low or Low Need,7.6,Minority BIPOC,Minority Black,2.4,12.26954863,46.2,4.575163399,0.0,28.28854314,5.745062837,Very Low Need,Consistent Need,4,,,,,,,,7.564016172506697
1400000US42003413202,42003413202,4132.02,McCandless Township,,Suburban,0,2860,56,2589,17,0,91,11,96,34.96503497,0,0.9,8.628659476,8.874801902,8.628659476,39.0,7.503075031,0.0,6.993006993,6.119162641,3.46215781,6.804,0.0,0,0.0,0.0,0.0,0.0,6.804,749.196,10.0,0,17.0,0.0,30.0,17.0,749.196,312500.0,1375.0,93700,43948.0,1.95804195804196,90.5244755244755,0.594405594405594,0.0,3.18181818181818,0.384615384615385,3.35664335664336,-0.737294397800761,-0.950731059310659,-0.965457827510288,-0.648588382821096,-0.498166211849173,-0.963280991120026,-0.592997191814151,-0.826896570191142,-0.765216580318022,Very Low Need,Very Low or Low Need,9.5,Minority BIPOC,Minority Black,2.5,8.021390374,52.0,9.322033898,0.0,22.32973576,10.19900498,Very Low Need,Consistent Need,4,,,,,,,,9.475524475524495
1400000US42003429202,42003429202,4292.02,Ross Township,,Suburban,0,4605,100,4142,49,1,131,19,163,16.58722593,0,3.3,8.87166236,7.102803738,8.87166236,40.4,6.367041199,0.0,0.0,3.072625698,0.502793296,44.472,0.0,0,0.0,0.0,0.0,0.0,44.472,1263.528,0.0,0,20.0,7.0,0.0,7.0,1263.528,262000.0,1428.0,115652,40753.0,2.17155266015201,89.9457111834962,1.06406080347448,0.0217155266015201,2.84473398479913,0.412595005428882,3.53963083604777,-0.51847230937702,-0.930783106368683,-0.895872912180363,-0.727222766352386,-0.498166211849173,-1.09210537062179,-1.05749713829248,-1.05507888653096,-0.817159973577414,Very Low Need,Very Low or Low Need,10.1,Minority BIPOC,Minority Black,2.5,2.47440273,48.3,4.135021097,0.0,23.14814815,8.051529791,Very Low Need,Consistent Need,4,,,,,,,,10.0542888165038
1400000US42003260200,42003260200,2602.0,Pittsburgh,Perry North,Urban,0,2092,65,1216,664,0,25,5,117,22.04861111,0,10.6,19.5892575,19.14893617,19.5892575,64.1,24.06716418,0.0,47.80114723,8.911917098,14.92227979,22.021,34.946,0,0.0,0.0,0.0,0.0,22.021,338.979,138.054,0,0.0,0.0,2.0,0.0,338.979,127800.0,997.0,56696,25802.0,3.10707456978967,58.1261950286807,31.7399617590822,0.0,1.19502868068834,0.239005736137667,5.59273422562141,0.147111542911861,-0.0509825048916128,0.282100297333375,0.497950480987092,-0.498166211849173,-0.21151807283399,-0.167190999381701,0.0567381313004717,-9.93525320213e-05,Low Need,Very Low or Low Need,41.9,Racially Mixed,Racially Mixed,13.5,28.57142857,68.7,12.25961538,29.88047809,29.88047809,21.66301969,Low Need,Consistent Need,4,,,42003260200.0,38300.0,"Pittsburgh, PA",2.0,2.0,41.8738049713193
1400000US42003462100,42003462100,4621.0,Stowe Township,,Suburban,0,2524,90,1613,648,1,29,19,124,13.89312977,0,32.4,9.048361934,9.58677686,9.048361934,83.0,46.27737226,39.61965135,103.0110935,10.23830538,7.413945278,35.952,186.068,0,0.0,0.0,0.0,0.0,35.952,392.048,70.932,0,0.0,0.0,0.0,0.0,392.048,134500.0,1033.0,54458,31061.0,3.56576862123613,63.9064976228209,25.6735340729002,0.0396196513470681,1.14896988906498,0.752773375594295,4.91283676703645,2.13474551276085,-0.916277950178771,1.22149665428737,2.03530436189904,1.19312213684551,0.805553278256859,0.0350410094616888,-0.522193309114293,0.929855000476077,High Need,High or Extreme Need,36.1,Racially Mixed,Minority Black,26.6,37.2859025,82.0,34.91577335,14.16932341,63.76195537,33.72513562,High Need,Consistent Need,4,,,42003462100.0,38300.0,"Pittsburgh, PA",3.84,4.0,36.0935023771791
1400000US42003473300,42003473300,4733.0,Mount Lebanon,,Suburban,0,5771,266,4986,54,0,200,13,252,23.76681614,0,4.1,7.67778477,7.939632546,7.67778477,39.4,8.42514582,0.0,20.79362329,6.92371476,7.669983416,64.715,0.0,0,0.0,0.0,0.0,0.0,64.07,1440.285,0.0,0,34.0,0.0,4.0,15.0,1425.93,309400.0,1425.0,127255,52832.0,4.60925316236354,86.3975047652053,0.935713047998614,0.0,3.46560388147635,0.225264252295963,4.3666608906602,-0.445531613235773,-1.02878776208215,-0.945576423130309,-0.584764167359505,-0.498166211849173,-0.709047607257757,-0.470328593597014,-0.502451443884853,-0.668886054073097,Very Low Need,Very Low or Low Need,13.6,Minority BIPOC,Minority Black,3.9,9.770114943,31.8,5.65010211,0.0,10.99908341,16.58291457,Very Low Need,Consistent Need,4,,,42003473300.0,38300.0,"Pittsburgh, PA",1.88,2.0,13.602495234794702
1400000US42003424000,42003424000,4240.0,O Hara Township-Sharpsburg Borough,,Suburban,0,3187,115,2469,362,3,60,18,160,21.3836478,0,14.5,37.37957611,38.75255624,37.37957611,68.0,28.61271676,0.0,181.9893317,15.90482154,25.17219787,83.79,9.0,0,7.0,0.0,0.0,0.0,83.79,581.21,0.0,0,0.0,0.0,11.0,0.0,581.21,94900.0,910.0,44571,33898.0,3.60840916222153,77.4709758393473,11.3586444932538,0.094132412927518,1.88264825855036,0.564794477565108,5.0203953561343,0.502697436600441,1.40941348964739,0.475943990038167,0.812586114952405,-0.498166211849173,2.2604814000851,0.899004421783458,0.847059850278746,0.837422948751112,High Need,High or Extreme Need,22.5,Minority BIPOC,Minority Black,15.5,33.87241689,80.1,24.87684729,5.858230814,117.1646163,23.70275464,Moderate Need,Deepening Need,6,,,42003424000.0,38300.0,"Pittsburgh, PA",3.34,4.0,22.529024160652696
1400000US42003290400,42003290400,2904.0,Pittsburgh,Carrick,Urban,0,4019,154,2896,588,3,170,19,189,40.81364829,0,17.7,12.10967251,12.04506066,12.10967251,70.0,5.810055866,14.92908684,104.5036079,11.04100946,19.92639327,122.93,35.0,0,0.0,0.0,0.0,0.0,122.93,524.07,105.0,0,0.0,0.0,108.0,108.0,524.07,106100.0,972.0,57500,34424.0,3.83179895496392,72.0577258024384,14.6305051007713,0.0746454341876089,4.22990793729784,0.472754416521523,4.70266235381936,0.794460221165429,-0.664976902612524,0.575351011938061,-0.765776370182404,0.139128407583238,0.833048208788161,0.157427840533817,0.442581172835878,0.152666059601968,Moderate Need,Moderate Need,27.9,Racially Mixed,Minority Black,22.3,36.12112473,84.0,27.39593417,18.97983393,123.3689205,22.59796028,High Need,Lessening Need,2,,,42003290400.0,38300.0,"Pittsburgh, PA",2.06,2.0,27.942274197561602
1400000US42003459201,42003459201,4592.01,Robinson Township,,Suburban,0,7344,222,6110,283,6,427,40,256,28.77629063,0,1.5,9.67094703,11.40558448,9.67094703,45.9,3.852327448,2.723311547,51.74291939,5.02189781,1.927007299,0.0,0.0,0,28.016,0.0,0.0,0.0,0.0,1632.0,109.0,0,39.984,17.0,43.0,17.0,1632.0,240100.0,1592.0,92292,42935.0,3.02287581699346,83.1971677559913,3.85348583877996,0.0816993464052288,5.81427015250545,0.544662309368192,3.48583877995643,-0.682588875694826,-0.865170333705449,-0.622503601955656,-0.901287094365764,-0.381913167403673,-0.138903194405066,-0.760295164826802,-0.945264617747664,-0.621808776051033,Very Low Need,Very Low or Low Need,16.8,Minority BIPOC,Minority Black,2.0,9.160305344,49.5,7.610853739,0.0,54.57025921,14.3659993,Very Low Need,Consistent Need,4,,,,,,,,16.802832244008698
1400000US42003490002,42003490002,4900.02,South Park Township,,Suburban,0,5102,111,4390,227,3,144,13,214,42.87616511,0,2.0,22.04515272,21.61246612,22.04515272,69.8,7.780784844,0.0,35.28028224,5.789254477,1.457725948,13.84,14.973,0,0.0,0.0,0.0,0.0,13.84,1370.16,78.027,0,1.0,0.0,0.0,0.0,1370.16,188300.0,1166.0,69354,40451.0,2.17561740493924,86.0446883575069,4.44923559388475,0.0588004704037632,2.82242257938064,0.254802038416307,4.19443355546844,-0.637000940606546,0.150620379290544,0.565410309748071,-0.629365768730986,-0.498166211849173,-0.442176023666396,-0.643297689522826,-0.981448638060026,-0.304853706476759,Low Need,Very Low or Low Need,14.0,Minority BIPOC,Minority Black,4.3,15.88861589,69.7,9.200603318,0.0,26.12671457,11.78403756,Low Need,Consistent Need,4,,,,,,,,13.9553116424931
1400000US42003504100,42003504100,5041.0,North Versailles Township,,Suburban,0,5026,134,3111,1410,7,27,26,311,6.423357664,0,16.7,33.43350864,30.27597403,33.43350864,89.1,26.97419859,11.9379228,39.793076,18.67256637,18.62831858,167.376,45.92,0,0.0,0.0,0.0,0.0,167.088,783.624,282.08,0,0.0,0.0,0.0,7.0,776.912,88200.0,833.0,39891,35317.0,2.66613609231994,61.8981297254278,28.0541185833665,0.139275766016713,0.537206526064465,0.517309988062077,6.18782331874254,0.70328435098887,1.08548330864831,1.52468807108204,0.699170596352985,0.0114412443319515,-0.35904185026526,1.3209974418762,0.342492897753489,0.712289023287871,High Need,High or Extreme Need,38.1,Racially Mixed,Racially Mixed,20.6,32.71317829,83.5,26.25189681,0.0,42.54496229,23.63247863,Moderate Need,Deepening Need,6,,,,,,,,38.1018702745722
1400000US42003551300,42003551300,5513.0,McKeesport,,Suburban,0,2347,64,1876,282,1,9,3,112,10.8559499,0,6.1,31.79074447,31.87772926,31.79074447,78.5,17.9047619,17.04303366,68.17213464,21.24645892,9.915014164,14.79,16.992,0,0.0,0.0,0.0,0.0,14.79,478.21,15.008,0,0.0,0.0,0.0,0.0,478.21,94600.0,800.0,57460,33709.0,2.72688538559864,79.93182786536,12.015338730294,0.0426075841499787,0.383468257349808,0.127822752449936,4.77204942479761,-0.263179872882655,0.950629837699697,0.997830855012608,0.0713991840890831,0.229368818707557,0.163753940415578,1.71343415742729,-0.329347957001333,0.551890988638451,Moderate Need,Moderate Need,20.1,Minority BIPOC,Minority Black,16.4,17.11606096,81.9,20.15404365,7.54147813,52.79034691,16.56,Low Need,Emerging Need,5,,,,,,,,20.068172134639994
1400000US42003523100,42003523100,5231.0,Penn Hills Municipality,,Suburban,0,3805,96,384,3126,3,18,13,165,36.96407879,0,10.4,31.17370892,30.49568966,31.17370892,78.3,33.00248139,42.0499343,52.56241787,14.863103,11.0821382,0.0,68.992,0,0.0,0.0,15.0,0.0,0.0,72.0,635.008,0,0.0,0.0,15.0,0.0,72.0,93300.0,1356.0,58471,24025.0,2.52299605781866,10.0919842312746,82.1550591327201,0.0788436268068331,0.473061760840999,0.341655716162943,4.33639947437582,0.128876368876549,0.899977779945001,0.987890152822618,1.11643836459871,1.29686634198895,-0.123806486609076,0.740175490728711,-0.239356654905738,0.720916858907352,High Need,High or Extreme Need,89.9,Mostly BIPOC,Mostly Black,12.9,25.54973822,73.4,20.54527751,59.0445518,10.73537305,14.46335079,Moderate Need,Deepening Need,6,,,,,,,,89.9080157687254
1400000US42003474102,42003474102,4741.02,Upper St. Clair Municipality,,Suburban,0,3901,98,3438,35,5,189,12,124,16.0,0,1.0,9.037328094,6.774519717,9.037328094,29.2,3.631284916,0.0,20.50756216,9.005763689,11.81556196,11.4,0.0,0,0.0,0.0,0.0,0.0,11.4,938.6,23.0,0,76.0,10.0,15.0,0.0,938.6,449200.0,1767.0,162143,45392.0,2.51217636503461,88.1312483978467,0.897205844655217,0.128172263522174,4.84491156113817,0.307613432453217,3.17867213534991,-0.728176810783105,-0.917183711120643,-1.45255223481977,-0.916587292958806,-0.498166211849173,-0.714317392860533,-0.152882380345639,-0.182805888136809,-0.768552290676809,Very Low Need,Very Low or Low Need,11.9,Minority BIPOC,Minority Black,2.5,13.34106729,29.0,12.96992481,5.333333333,16.0,10.94783248,Very Low Need,Consistent Need,4,,,,,,,,11.868751602153296
1400000US42003426400,42003426400,4264.0,Shaler Township,,Suburban,0,4435,64,4132,37,0,31,16,155,30.49932524,0,10.5,20.27756361,18.64700781,20.27756361,57.2,11.61290323,0.0,36.07666291,7.06300813,3.150406504,130.515,0.0,0,0.0,0.0,0.0,0.0,130.515,1024.485,0.0,0,9.0,0.0,76.0,20.0,1024.485,220600.0,744.0,85435,45749.0,1.44306651634724,93.1679819616685,0.834272829763247,0.0,0.698985343855693,0.360766629086809,3.49492671927847,0.137993955894205,0.0055201080236895,-0.0608539282212574,-0.36411287008137,-0.498166211849173,-0.427505189537009,-0.449090786828102,-0.850934208943826,-0.23660213179986,Low Need,Very Low or Low Need,6.8,Minority BIPOC,Minority Black,1.3,20.04662005,69.4,0.0,4.89955904,29.39735424,16.20416254,Low Need,Consistent Need,4,,,42003426400.0,38300.0,"Pittsburgh, PA",2.08,2.0,6.832018038331498
1400000US42003420000,42003420000,4200.0,Blawnox Borough,,Suburban,0,1454,35,1182,68,0,102,7,60,28.0334728,0,25.4,25.74257426,27.42616034,25.74257426,56.9,26.64670659,13.75515818,82.53094911,13.74722838,30.0443459,60.03,14.0,0,11.004,0.0,0.0,0.0,60.03,229.97,0.0,0,0.996,0.0,18.0,0.0,229.97,169300.0,794.0,43333,47773.0,2.40715268225585,81.292984869326,4.6767537826685,0.0,7.01513067400275,0.481430536451169,4.12654745529574,1.49651442152493,0.454139373273207,-0.0757649815062416,0.676502141588665,0.0890156025179618,0.428270387536289,0.57004011703581,1.22272767280501,0.519816723138661,Moderate Need,Moderate Need,18.7,Minority BIPOC,Minority Black,9.7,14.82352941,61.4,28.80886427,0.0,25.23659306,22.39520958,Low Need,Emerging Need,5,,,42003420000.0,38300.0,"Pittsburgh, PA",3.0,3.0,18.707015130673994
1400000US42003486800,42003486800,4868.0,Duquesne,,Suburban,0,1653,63,468,989,5,0,24,104,7.1278826,0,23.7,50.4950495,40.47619048,50.4950495,84.6,38.60182371,60.49606776,120.9921355,13.71769384,21.07355865,23.046,55.08,0,0.0,0.0,0.0,5.016,17.955,114.954,124.92,0,0.0,11.0,0.0,27.984,115.045,47400.0,628.0,43125,24455.0,3.81125226860254,28.3121597096189,59.8306110102843,0.302480338777979,0.0,1.4519056261343,6.29159104658197,1.34151544222478,2.48605439896042,1.30102227180728,1.50401558202956,2.08429706225866,1.13679798897484,0.565537039441172,0.531033559284021,1.4884628265281,High Need,High or Extreme Need,71.7,Majority BIPOC,Majority Black,21.5,31.71296296,92.1,48.48484848,32.91278113,76.7964893,34.53536755,High Need,Consistent Need,4,,,42003486800.0,38300.0,"Pittsburgh, PA",3.02,3.0,71.6878402903811
1400000US42003523600,42003523600,5236.0,Penn Hills Municipality,,Suburban,0,4852,161,2541,1892,5,47,15,191,21.3040182,0,4.3,22.93986637,23.05825243,22.93986637,60.6,15.66975569,4.122011542,45.34212696,14.47985005,8.153701968,51.086,0.0,0,0.0,0.0,0.0,0.0,51.086,571.914,558.0,0,0.0,0.0,6.0,0.0,571.914,126100.0,857.0,64545,29074.0,3.31821929101402,52.3701566364386,38.9942291838417,0.103050288540808,0.968672712283594,0.309150865622424,3.93652102225886,-0.427296439200461,0.224066856521419,0.108138009008561,-0.0833042504050706,-0.322205297085354,-0.256817864580531,0.681741610525255,-0.465154240674589,-0.0108110536023115,Low Need,Very Low or Low Need,47.6,Racially Mixed,Racially Mixed,7.6,12.97420334,67.0,16.62904439,0.0,28.62985685,10.65532766,Low Need,Consistent Need,4,,,,,,,,47.6298433635614
1400000US42003523800,42003523800,5238.0,Penn Hills Municipality,,Suburban,0,4687,106,3657,701,4,20,15,184,11.84357542,0,10.4,10.36077706,10.38353601,10.36077706,67.5,15.71072319,8.534243653,38.40409644,13.54166667,13.76811594,69.225,56.088,0,0.0,0.0,0.0,0.0,69.225,905.775,171.912,0,0.0,0.0,0.0,0.0,905.775,131300.0,1000.0,67314,38882.0,2.26157456795391,78.0243225944101,14.9562620012801,0.0853424365265628,0.426712182632814,0.320034136974611,3.92575208022189,0.128876368876549,-0.808542623161893,0.451092234563194,-0.0804685477907861,-0.133855412449864,-0.384629473749227,0.538698496999859,-0.0322538733960753,-0.0412612795303097,Low Need,Very Low or Low Need,22.0,Minority BIPOC,Minority Black,2.5,21.14361702,57.8,5.801376598,4.331817197,51.98180637,19.37101185,Low Need,Consistent Need,4,,,,,,,,21.975677405589906
1400000US42003520001,42003520001,5200.01,Wilkins Township,,Suburban,0,3258,51,2347,601,0,120,20,119,22.5,0,4.0,24.71190781,25.87131367,24.71190781,51.9,5.890227577,6.138735421,55.24861878,7.179161372,8.703939009,9.214,16.986,4,0.0,0.0,0.0,0.0,9.214,532.786,97.014,0,0.0,0.0,87.0,0.0,532.786,170500.0,1120.0,68304,35572.0,1.56537753222836,72.0380601596071,18.4468999386126,0.0,3.68324125230203,0.613873542050338,3.65254757519951,-0.454649200253428,0.369532616739927,-0.324282536255975,-0.76022701690299,-0.236115150330768,-0.074321598949989,-0.431381113286722,-0.422728117783211,-0.273063428462849,Low Need,Very Low or Low Need,28.0,Racially Mixed,Minority Black,3.2,18.6770428,67.0,11.00811124,12.97016861,6.485084306,16.92205197,Low Need,Consistent Need,4,,,,,,,,27.9619398403929
1400000US42003552400,42003552400,5524.0,McKeesport,,Suburban,0,2892,113,1887,691,15,3,13,170,21.34595163,0,32.6,25.88774341,28.75318066,25.88774341,90.2,34.96332518,13.83125864,76.07192254,21.80505415,7.870036101,201.217,51.956,0,0.0,14.006,0.0,0.0,201.217,445.783,72.044,0,0.0,32.994,0.0,27.0,445.783,66300.0,965.0,35331,31457.0,3.9073305670816,65.2489626556017,23.8934993084371,0.518672199170124,0.103734439834025,0.449515905947441,5.87828492392808,2.15298068679616,0.466056216913739,1.57936193312698,1.25216472968095,0.0922641879280478,0.309282934656784,1.79860215613948,-0.487026346761012,1.09295897789173,High Need,High or Extreme Need,34.8,Racially Mixed,Minority Black,10.0,30.12820513,81.2,14.3472023,28.70470039,100.4664514,25.11700468,Moderate Need,Deepening Need,6,,,,,,,,34.7510373443983
1400000US42003141400,42003141400,1414.0,Pittsburgh,Squirrel Hill South,Urban,0,5593,269,4203,235,4,599,27,256,29.27350427,0,2.9,9.601567603,8.815028902,9.601567603,28.9,4.947283049,0.0,21.45539067,11.15585985,19.45227547,11.788,0.0,0,24.03,0.0,0.0,0.0,11.634,830.212,25.0,0,65.97,0.0,276.0,74.0,819.366,399600.0,1087.0,101767,46219.0,4.80958340783122,75.147505810835,4.20168067226891,0.0715179688896835,10.7098158412301,0.482746290005364,4.57715000893975,-0.554942657447643,-0.870865646955053,-1.46746328810475,-0.825496078065496,-0.498166211849173,-0.696856603847015,0.174938870600462,0.406024237280916,-0.676978802238381,Very Low Need,Very Low or Low Need,24.9,Minority BIPOC,Minority Black,2.3,17.09753231,27.4,4.038004751,0.0,7.296607078,14.38220103,Very Low Need,Consistent Need,4,,,42003141400.0,38300.0,"Pittsburgh, PA",2.0,2.0,24.852494189165
1400000US42003484300,42003484300,4843.0,Munhall Borough,,Suburban,0,3122,90,1956,846,9,42,26,153,21.81818182,0,0.0,32.11111111,33.65041617,32.11111111,74.0,34.62603878,12.81229981,89.68609865,19.54636424,29.08605737,0.0,0.0,0,0.0,0.0,0.0,0.0,0.0,449.0,247.0,0,0.0,0.0,26.0,6.0,443.0,95600.0,856.0,48841,31867.0,2.88276745675849,62.6521460602178,27.0980140935298,0.288276745675849,1.34529147982063,0.832799487508008,4.90070467648943,-0.819352680959664,0.976928532405308,0.774165055737848,1.2288183227427,0.0487667532395277,0.560081738598212,1.45422381380006,1.14883866877633,0.603375933651998,Moderate Need,Moderate Need,37.3,Racially Mixed,Racially Mixed,11.2,24.62121212,74.1,22.06506365,24.85243865,55.91798695,23.35976929,Moderate Need,Consistent Need,4,,,42003484300.0,38300.0,"Pittsburgh, PA",3.56,4.0,37.3478539397822
1400000US42003469000,42003469000,4690.0,Green Tree Borough,,Suburban,0,4941,117,4175,143,0,312,13,181,10.80586081,0,3.7,5.844155844,4.896142433,5.844155844,52.5,5.035971223,4.047763611,48.57316333,1.45672665,3.213367609,50.88,0.0,0,0.0,0.0,0.0,0.0,51.578,1221.12,0.0,0,101.0,0.0,17.0,14.0,1206.422,229700.0,1571.0,86450,51534.0,2.36794171220401,84.4970653713823,2.89415098158268,0.0,6.31451123254402,0.263104634689334,3.66322606759765,-0.482001961306396,-1.17930920004538,-0.294460429686007,-0.819357229298353,-0.325374801519042,-0.197296080042131,-1.30387032704866,-0.846079581975688,-0.657381432706566,Very Low Need,Very Low or Low Need,15.5,Minority BIPOC,Minority Black,6.9,17.1875,54.4,6.512301013,4.129671691,37.16704522,12.76901004,Low Need,Persistently Lower Need,3,,,,,,,,15.502934628617695
1400000US42003040400,42003040400,404.0,Pittsburgh,North Oakland,Urban,0,2220,96,1485,103,0,468,6,62,99.64221825,1,0.0,35.43543544,12.93532338,12.93532338,11.6,0.0,0.0,27.02702703,1.901901902,33.93393393,0.0,0.0,0,0.0,0.0,0.0,0.0,0.0,226.0,0.0,0,20.0,0.0,0.0,0.0,226.0,209200.0,1258.0,60329,48510.0,4.32432432432432,66.8918918918919,4.63963963963964,0.0,21.0810810810811,0.27027027027027,2.79279279279279,-0.819352680959664,-0.597199745279441,-2.32733402753883,-1.16793883087333,-0.498166211849173,-0.59421655249215,-1.23599526608719,1.52263503538043,-1.03431475929711,Very Low Need,Very Low or Low Need,33.1,Racially Mixed,Minority Black,10.9,33.44709898,18.4,5.144694534,0.0,0.0,8.771929825,Very Low Need,Consistent Need,4,,,42003040400.0,38300.0,"Pittsburgh, PA",2.0,2.0,33.1081081081081
1400000US42003497000,42003497000,4970.0,Lincoln Borough,,Suburban,0,932,5,889,4,3,1,12,18,30.76923077,0,0.8,11.89189189,9.385113269,11.89189189,82.9,1.953125,0.0,64.3776824,14.75409836,5.620608899,2.032,0.0,0,0.0,0.0,0.0,0.0,1.976,251.968,0.0,0,0.0,0.0,2.0,7.0,245.024,113600.0,841.0,73203,32806.0,0.536480686695279,95.3862660944206,0.429184549356223,0.321888412017167,0.107296137339056,1.28755364806867,1.931330472103,-0.746411984818417,-0.682854375866851,1.21652630319237,-1.03274674767263,-0.498166211849173,0.0938529727980178,0.723555751531972,-0.660468822996015,-0.132320613240673,Low Need,Very Low or Low Need,4.6,Minority BIPOC,Minority Black,7.1,32.82674772,85.5,10.61093248,0.0,37.84295175,17.55888651,Low Need,Consistent Need,4,,,,,,,,4.6137339055793944
1400000US42003413201,42003413201,4132.01,McCandless Township,,Suburban,0,3826,68,3449,68,2,141,1,97,29.46145723,0,3.2,12.12686567,11.91709845,12.12686567,46.3,12.65182186,0.0,20.90956613,4.912734324,1.034259858,32.41,0.0,0,0.0,0.0,0.0,0.0,32.2,893.59,0.0,0,42.0,0.0,20.0,6.0,887.8,277000.0,1545.0,102969,45765.0,1.77731312075274,90.1463669628855,1.77731312075274,0.0522739153162572,3.68531102979613,0.0261369576581286,2.53528489283847,-0.527589896394676,-0.663565526990316,-0.602622197575677,-0.292200640262124,-0.498166211849173,-0.706911721445598,-0.776939122984242,-1.01410006469248,-0.581142188214544,Very Low Need,Very Low or Low Need,9.9,Minority BIPOC,Minority Black,0.5,15.20692974,43.6,11.19199272,0.0,32.66194883,7.294264339,Very Low Need,Consistent Need,4,,,,,,,,9.853633037114506
1400000US42003451102,42003451102,4511.02,Moon Township,,Suburban,0,6047,517,4394,592,14,245,23,262,71.89409369,1,2.7,22.64788732,14.28571429,14.28571429,49.0,13.25102881,0.0,26.45940136,3.368229404,5.006827492,33.002,0.0,0,0.0,0.0,0.0,0.0,33.002,1104.998,9.0,0,68.0,0.0,0.0,0.0,1104.998,222400.0,1100.0,86040,34259.0,8.54969406317182,72.6641309740367,9.7899785017364,0.231519761865388,4.05159583264429,0.380353894493137,4.33272697205226,-0.573177831482955,-0.486347010190292,-0.468422718010821,-0.25072452591264,-0.498166211849173,-0.604673288028125,-1.0124269789001,-0.707794545296533,-0.556276937767729,Very Low Need,Very Low or Low Need,27.3,Racially Mixed,Minority Black,7.4,16.27906977,51.7,5.829596413,7.167174342,21.50152302,14.77045908,Very Low Need,Consistent Need,4,,,,,,,,27.335869025963305
1400000US42003519000,42003519000,5190.0,Churchill Borough,,Suburban,0,3157,62,2319,519,0,85,22,150,27.0471464,0,0.6,14.23125794,11.64921466,14.23125794,34.7,2.458100559,31.67564143,25.34051315,7.246376812,0.533943555,5.362,0.0,0,0.0,0.0,0.0,0.0,5.362,760.638,86.0,0,23.0,10.0,10.0,0.0,760.638,220300.0,,102216,40982.0,1.96388976876782,73.4558124802027,16.4396579030725,0.0,2.69242952169781,0.696864111498258,4.75134621476085,-0.764647158853729,-0.490817297494338,-1.17918292459506,-0.997793174405872,0.85400730463962,-0.625285319380212,-0.421132897405324,-1.05267704038474,-0.517835923927845,Very Low Need,Very Low or Low Need,26.5,Racially Mixed,Minority Black,3.4,11.57024793,35.9,3.743315508,13.40482574,13.40482574,9.212598425,Very Low Need,Consistent Need,4,,,,,,,,26.544187519797305
1400000US42003191700,42003191700,1917.0,Pittsburgh,Brookline,Urban,0,3391,121,2685,221,2,194,15,153,37.2173913,0,5.0,21.7838765,17.9337232,21.7838765,62.1,9.963547995,0.0,76.67354763,8.596973865,6.396148556,41.259,0.0,0,0.0,0.0,0.0,0.0,41.085,767.741,0.0,0,0.0,0.0,14.0,62.0,705.915,151200.0,1053.0,97069,34117.0,3.56826894721321,79.1801828369213,6.51725154821587,0.0589796520200531,5.72102624594515,0.442347390150398,4.51194337953406,-0.363473330076869,0.129172379762204,0.182693275433482,-0.478278512402074,-0.498166211849173,0.320366003641203,-0.215209821279904,-0.600670702652788,-0.13184231668159,Low Need,Very Low or Low Need,20.8,Minority BIPOC,Minority Black,8.1,25.96302003,65.2,10.79295154,5.58347292,61.41820212,14.10761155,Low Need,Consistent Need,4,,,42003191700.0,38300.0,"Pittsburgh, PA",2.91,3.0,20.819817163078696
1400000US42003260700,42003260700,2607.0,Pittsburgh,Perry North,Urban,0,1653,67,896,597,0,11,13,69,28.66666667,0,9.0,9.076433121,6.628787879,9.076433121,70.4,8.495145631,12.09921355,36.29764065,8.037094281,11.4374034,13.974,23.004,0,0.0,0.0,0.0,0.0,13.988,260.026,84.996,0,0.0,9.0,21.0,20.0,255.012,155900.0,1069.0,79310,27588.0,4.05323653962492,54.2044767090139,36.1161524500907,0.0,0.665456745311555,0.786448880822747,4.17422867513612,0.0012301506293663,-0.913973604205242,0.59523241631804,-0.579918896179859,0.0183264428870171,-0.423434362742799,-0.300573643110411,-0.211963869776555,-0.229015928057698,Low Need,Very Low or Low Need,45.8,Racially Mixed,Racially Mixed,2.4,22.44224422,54.6,16.63019694,0.0,35.69303986,15.85365854,Low Need,Consistent Need,4,,,42003260700.0,38300.0,"Pittsburgh, PA",2.11,2.0,45.7955232909861
1400000US42003475401,42003475401,4754.01,Bethel Park Municipality,,Suburban,0,4066,60,3689,42,0,173,8,94,33.64485981,0,1.0,11.40186916,12.05533597,11.40186916,47.9,4.251386322,4.918839154,24.59419577,6.045751634,5.936819172,10.66,0.0,0,0.0,0.0,0.0,0.0,10.54,1055.34,0.0,0,9.0,0.0,7.0,12.0,1043.46,264400.0,952.0,101339,52301.0,1.4756517461879,90.727988194786,1.03295622233153,0.0,4.25479586817511,0.196753566158387,2.31185440236104,-0.728176810783105,-0.723080031618896,-0.523096580055762,-0.873664898911922,-0.288190226024063,-0.639033893274979,-0.604190034527176,-0.636087374816094,-0.625633210742272,Very Low Need,Very Low or Low Need,9.3,Minority BIPOC,Minority Black,3.1,15.78467153,62.3,7.626392459,5.16395559,25.81977795,15.31190926,Low Need,Persistently Lower Need,3,,,,,,,,9.272011805214007
1400000US42003429500,42003429500,4295.0,Ross Township,,Suburban,0,4412,105,3716,180,3,264,7,137,23.18634424,0,0.8,24.49145647,23.03571429,24.49145647,53.4,5.27256479,9.066183137,31.73164098,5.363321799,9.64532872,8.528,0.0,0,0.0,0.0,0.0,0.0,9.234,1057.472,0.0,0,53.0,0.0,0.0,40.0,1016.766,213100.0,944.0,56602,41795.0,2.37987307343608,84.2248413417951,4.07978241160471,0.0679963735267452,5.98368087035358,0.158658204895739,3.10516772438803,-0.746411984818417,0.351435905771199,-0.249727269831055,-0.802980613774711,-0.111147917031688,-0.507548689366781,-0.708238870226037,-0.350142100137109,-0.39637420561107,Low Need,Very Low or Low Need,15.8,Minority BIPOC,Minority Black,1.8,14.13398693,51.9,7.291666667,0.0,34.0881422,20.80772608,Very Low Need,Persistently Lower Need,3,,,,,,,,15.775158658204901
1400000US42003475304,42003475304,4753.04,Bethel Park Municipality,,Suburban,0,5466,91,4976,53,2,164,6,174,19.00311526,0,1.8,14.07068063,13.24900133,14.07068063,44.6,6.203641268,0.0,18.29491401,8.123953099,2.638190955,15.389,0.0,0,0.0,0.0,11.005,0.0,16.632,1383.611,10.0,0,43.0,0.0,19.995,13.0,1369.368,258100.0,1299.0,126059,45906.0,1.66483717526528,91.035492133187,0.969630442736919,0.0365898280278083,3.00036589828028,0.109769484083425,3.18331503841932,-0.655236114641858,-0.503998987236872,-0.687118166190586,-0.738533039410557,-0.498166211849173,-0.755078545432637,-0.287330437113887,-0.89042867807163,-0.589351643125081,Very Low Need,Very Low or Low Need,9.0,Minority BIPOC,Minority Black,1.7,19.01140684,44.7,16.30695444,3.53169698,7.063393961,7.315978456,Very Low Need,Consistent Need,4,,,,,,,,8.964507866812994
1400000US42003413100,42003413100,4131.0,McCandless Township,,Suburban,0,6998,190,5742,122,11,727,13,193,25.08751459,0,1.7,14.06649616,14.31767338,14.06649616,40.2,7.911576498,0.0,17.1477565,8.304891923,4.323094425,16.489,0.0,0,0.0,0.0,14.025,0.0,15.785,1482.511,70.0,0,99.0,0.0,36.975,106.0,1419.215,376000.0,1125.0,114196,57260.0,2.71506144612747,82.052014861389,1.74335524435553,0.157187767933695,10.3886824807088,0.185767362103458,2.75793083738211,-0.664353701659514,-0.504342487730665,-0.905813614370352,-0.62031258669219,-0.498166211849173,-0.776211350614223,-0.2597430237208,-0.76051390252614,-0.604134710948131,Very Low Need,Very Low or Low Need,17.9,Minority BIPOC,Minority Black,5.1,9.807991697,31.6,6.901920083,0.0,14.60280374,7.044353336,Very Low Need,Consistent Need,4,,,,,,,,17.947985138611003
1400000US42003421200,42003421200,4212.0,O Hara Township,,Suburban,0,4315,116,3766,53,0,225,13,142,21.93419741,0,3.3,12.48868778,9.138110073,12.48868778,38.7,10.22530329,0.0,9.269988413,6.057268722,7.04845815,10.14,27.999,0,0.0,0.0,0.0,0.0,9.96,1003.86,23.001,0,53.0,0.0,36.0,18.0,986.04,316100.0,,89211,40944.0,2.6882966396292,87.2769409038239,1.22827346465817,0.0,5.2143684820394,0.301274623406721,3.29084588644264,-0.51847230937702,-0.633863778991119,-0.980368880795272,-0.460160243668704,-0.498166211849173,-0.921334698364683,-0.602434045067775,-0.550374257782459,-0.659257166873392,Very Low Need,Very Low or Low Need,12.7,Minority BIPOC,Minority Black,2.8,10.20408163,42.7,6.81998414,0.0,9.41397976,8.672875437,Very Low Need,Consistent Need,4,,,,,,,,12.723059096176101
1400000US42003407002,42003407002,4070.02,West Deer Township,,Suburban,0,6676,83,6380,38,3,18,11,143,20.47244094,0,3.4,20.75569358,20.33333333,20.75569358,58.4,8.388408744,2.995805872,11.98322349,7.15835141,1.663051338,65.28,0.0,0,0.0,0.0,0.0,0.0,65.28,1854.72,16.0,0,0.0,0.0,31.0,0.0,1854.72,222700.0,1163.0,82875,42883.0,1.2432594367885,95.5662073097663,0.569203115638107,0.0449370880766926,0.269622528460156,0.164769322947873,2.14200119832235,-0.509354722359364,0.044769494634706,-0.0012097150813215,-0.587307047019098,-0.370280897526116,-0.871351790355752,-0.434553970342477,-0.965616988098714,-0.389898378292774,Low Need,Very Low or Low Need,4.4,Minority BIPOC,Minority Black,3.2,16.80412371,70.8,3.431372549,0.0,21.1352657,12.98372514,Very Low Need,Persistently Lower Need,3,,,,,,,,4.433792690233702
1400000US42003488600,42003488600,4886.0,West Mifflin Borough,,Suburban,0,4600,134,3802,382,3,70,17,192,21.11853088,0,10.3,21.00525131,20.55464927,21.00525131,70.3,9.759547383,8.695652174,30.43478261,6.81706719,7.013241785,42.704,102.971,0,0.0,0.0,0.0,0.0,42.704,1213.296,18.029,0,0.0,0.0,37.0,0.0,1213.296,137500.0,,83603,33194.0,2.91304347826087,82.6521739130435,8.30434782608696,0.0652173913043478,1.52173913043478,0.369565217391304,4.17391304347826,0.119758781858893,0.0652555307360148,0.590262065223044,-0.492399097469848,-0.126965186472463,-0.531439266765623,-0.486588954618031,-0.553089621740077,-0.123159446786859,Low Need,Very Low or Low Need,17.3,Minority BIPOC,Minority Black,13.6,23.01529497,78.2,20.26529108,8.088978766,56.62285137,18.44393593,Moderate Need,Lessening Need,2,,,,,,,,17.347826086956502
1400000US42003080600,42003080600,806.0,Pittsburgh,Bloomfield,Urban,0,2008,99,1609,98,5,115,9,73,66.30824373,0,0.0,17.053206,13.86292835,17.053206,30.0,5.166051661,0.0,89.64143426,4.22405877,20.56932966,0.0,0.0,0,0.0,0.0,0.0,0.0,0.0,238.0,0.0,0,0.0,13.0,20.0,13.0,238.0,376600.0,1113.0,63192,36977.0,4.93027888446215,80.1294820717131,4.8804780876494,0.249003984063745,5.72709163346614,0.448207171314741,3.63545816733068,-0.819352680959664,-0.259165367365071,-1.41278942605981,-0.810353276455151,-0.498166211849173,0.559258936285367,-0.881940232098951,0.49215489517908,-0.588929751214636,Very Low Need,Very Low or Low Need,19.9,Minority BIPOC,Minority Black,1.9,23.03664921,27.1,4.792332268,0.0,39.0625,10.35120148,Very Low Need,Consistent Need,4,,,42003080600.0,38300.0,"Pittsburgh, PA",3.0,3.0,19.8705179282869
1400000US42003491200,42003491200,4912.0,Jefferson Hills Borough,,Suburban,0,2114,47,1875,52,4,52,4,80,31.21212121,0,1.8,13.4351145,13.81118881,13.4351145,58.4,8.023483366,0.0,75.6859035,8.41025641,6.974358974,8.838,0.0,0,0.0,0.0,0.0,0.0,8.838,482.162,7.0,0,6.0,0.0,7.0,0.0,482.162,184100.0,1286.0,97519,45101.0,2.2232734153264,88.6944181646168,2.45979186376537,0.189214758751183,2.45979186376537,0.189214758751183,3.78429517502365,-0.655236114641858,-0.556172208575074,-0.0012097150813215,-0.612566578316184,-0.498166211849173,0.302171735804324,-0.243678292031046,-0.556087687655178,-0.323551054955762,Low Need,Very Low or Low Need,11.3,Minority BIPOC,Minority Black,0.0,20.71917808,67.9,5.996131528,20.67183463,51.67958656,11.12372304,Low Need,Consistent Need,4,,,,,,,,11.305581835383194
1400000US42003040500,42003040500,405.0,Pittsburgh,Central Oakland,Urban,0,3781,150,2881,191,2,385,16,156,99.08982984,1,9.1,75.85089141,70.94017094,70.94017094,85.4,0.0,5.289605924,10.57921185,15.12195122,39.41463415,0.0,0.0,3,0.0,0.0,0.0,0.0,0.0,17.0,0.0,0,0.0,0.0,13.0,0.0,17.0,,1341.0,13750,31439.0,3.96720444326898,76.1967733403861,5.0515736577625,0.0528960592435864,10.1824914043904,0.423168473948691,4.12589262099974,0.0103477376470222,4.16438147749045,1.34078508056724,-1.16793883087333,-0.272362890426266,-0.897216333107861,0.779641608023718,1.94522538051956,0.565376835617281,Moderate Need,Moderate Need,23.8,Minority BIPOC,Minority Black,49.2,18.6440678,42.8,4.166666667,5.196154845,10.39230969,4.328621908,Low Need,Emerging Need,5,,,42003040500.0,38300.0,"Pittsburgh, PA",3.0,3.0,23.803226659613898
1400000US42003060500,42003060500,605.0,Pittsburgh,Polish Hill,Urban,0,1201,36,980,81,0,18,11,75,37.01923077,0,2.9,3.485254692,3.823529412,3.485254692,53.9,5.416666667,16.65278934,99.91673605,18.15235008,16.04538088,6.93,0.0,0,0.0,0.0,0.0,0.0,6.93,191.07,23.0,0,0.0,0.0,19.0,0.0,191.07,190700.0,1025.0,62841,34899.0,2.99750208159867,81.5986677768526,6.744379683597,0.0,1.49875104079933,0.915903413821815,6.24479600333056,-0.554942657447643,-1.37294990257658,-0.224875514356082,-0.793006120106993,0.212710023158608,0.748549377238038,1.24168101033994,0.143335036476437,-0.106119111964388,Low Need,Very Low or Low Need,18.4,Minority BIPOC,Minority Black,5.4,13.76936317,57.0,14.23076923,0.0,62.59780908,23.32402235,Low Need,Consistent Need,4,,,42003060500.0,38300.0,"Pittsburgh, PA",3.56,4.0,18.401332223147406
1400000US42003070300,42003070300,703.0,Pittsburgh,Shadyside,Urban,0,2243,115,1581,102,0,341,15,89,84.61538462,1,0.0,20.70217918,18.22358346,18.22358346,27.7,4.347826087,8.916629514,8.916629514,0.74906367,29.68164794,0.0,0.0,0,0.0,0.0,0.0,0.0,0.0,229.0,30.0,0,19.0,17.0,27.0,17.0,229.0,536800.0,1422.0,78602,40380.0,5.12706197057512,70.4859563085154,4.54748105216228,0.0,15.2028533214445,0.668747213553277,3.96790013374944,-0.819352680959664,-0.163089822449199,-1.52710750124469,-0.866989497832249,-0.11753207972536,-0.927844235814119,-1.41176641447014,1.19476178342133,-0.833383176070774,Very Low Need,Very Low or Low Need,29.5,Racially Mixed,Minority Black,0.0,22.83849918,23.0,8.38150289,0.0,9.124087591,4.653204565,Very Low Need,Consistent Need,4,,,42003070300.0,38300.0,"Pittsburgh, PA",1.84,2.0,29.514043691484602
1400000US42003070500,42003070500,705.0,Pittsburgh,Shadyside,Urban,0,3040,135,2143,129,1,501,16,115,89.65853659,1,2.9,21.76079734,12.79069767,12.79069767,12.4,1.654411765,0.0,26.31578947,1.439712058,17.99640072,0.0,0.0,0,16.038,0.0,0.0,0.0,0.0,400.0,0.0,0,82.962,45.0,0.0,90.0,355.0,473800.0,1395.0,68957,34555.0,4.44078947368421,70.4934210526316,4.24342105263158,0.0328947368421053,16.4802631578947,0.526315789473684,3.78289473684211,-0.554942657447643,-0.609071978274338,-2.28757121877887,-1.0534231839065,-0.498166211849173,-0.607318889932548,-1.30646451094375,0.293768761085241,-0.988136950161832,Very Low Need,Very Low or Low Need,29.5,Racially Mixed,Minority Black,9.6,22.3255814,6.7,1.878914405,0.0,24.98438476,4.639463387,Very Low Need,Consistent Need,4,,,42003070500.0,38300.0,"Pittsburgh, PA",2.74,3.0,29.506578947368396
1400000US42003070800,42003070800,708.0,Pittsburgh,Shadyside,Urban,0,2853,154,1694,97,3,791,10,104,80.625,1,4.0,16.99905033,12.47357294,12.47357294,13.6,1.886792453,0.0,28.04065896,2.821128451,14.58583433,16.148,0.0,0,5.04,0.0,0.0,0.0,15.975,350.852,29.0,0,106.96,9.0,13.0,21.0,339.025,612300.0,2046.0,94297,41355.0,5.39782684893095,59.3760953382405,3.39992989835261,0.10515247108307,27.7252015422362,0.350508236943568,3.64528566421311,-0.454649200253428,-0.635104546639973,-2.22792700563893,-1.03733817690166,-0.498166211849173,-0.575543540359296,-1.09584246610456,0.0307964455021755,-0.93208159253529,Very Low Need,Very Low or Low Need,40.6,Racially Mixed,Minority Black,4.3,20.40441176,17.3,0.0,10.36806636,10.36806636,8.520599251,Very Low Need,Consistent Need,4,,,42003070800.0,38300.0,"Pittsburgh, PA",2.9,3.0,40.6239046617595
1400000US42003090200,42003090200,902.0,Pittsburgh,Central Lawrenceville,Urban,0,2678,95,2257,132,1,84,23,86,60.96491228,0,0.0,12.80310378,13.13432836,12.80310378,38.4,2.393617021,7.468259895,52.27781927,14.0944327,23.25581395,0.0,0.0,0,0.0,0.0,0.0,0.0,0.0,357.0,0.0,0,0.0,6.0,13.0,7.0,357.0,299600.0,1183.0,75521,32697.0,3.54742345033607,84.2793129200896,4.92905153099328,0.0373412994772218,3.13666915608663,0.858849887976102,3.21135175504108,-0.819352680959664,-0.608053568556727,-0.995279934080256,-1.00225661828907,-0.179360252809929,-0.129049329650527,0.622977728190538,0.699296734314728,-0.444339236593662,Low Need,Very Low or Low Need,15.7,Minority BIPOC,Minority Black,12.1,10.71049841,54.8,19.0053286,13.75988992,27.51977984,19.7586727,Low Need,Consistent Need,4,,,42003090200.0,38300.0,"Pittsburgh, PA",3.02,3.0,15.720687079910405
1400000US42003090300,42003090300,903.0,Pittsburgh,Bloomfield,Urban,0,1541,63,1270,100,2,60,4,42,51.4893617,0,2.8,8.0,8.094435076,8.0,44.3,5.985915493,0.0,103.8286827,17.26618705,20.98321343,8.096,0.0,0,0.0,0.0,0.0,0.0,7.953,244.904,23.0,0,8.0,0.0,0.0,12.0,233.047,195600.0,1123.0,68289,28924.0,4.08825438027255,82.4140168721609,6.48929266709929,0.129785853341986,3.89357560025957,0.259571706683971,2.7255029201817,-0.564060244465299,-1.00233731779348,-0.702029219475571,-0.75360365756799,-0.498166211849173,0.820614813513834,1.10656934496136,0.524067475358804,-0.227573213239473,Low Need,Very Low or Low Need,17.6,Minority BIPOC,Minority Black,5.4,26.14285714,59.4,14.28571429,33.6889388,112.2964627,24.37641723,Moderate Need,Lessening Need,2,,,42003090300.0,38300.0,"Pittsburgh, PA",3.0,3.0,17.5859831278391
1400000US42003100500,42003100500,1005.0,Pittsburgh,Stanton Heights,Urban,0,2013,65,712,1130,0,24,5,77,31.41025641,0,8.8,16.98113208,17.91044776,16.98113208,64.2,19.81981982,9.935419771,19.87083954,11.5212528,21.25279642,5.994,32.944,0,0.0,0.0,0.0,0.0,5.994,105.006,251.056,0,7.0,0.0,42.0,10.0,105.006,175300.0,1065.0,62411,24873.0,3.22901142573274,35.3700943864878,56.1351217088922,0.0,1.19225037257824,0.248385494287134,3.82513661202186,-0.0170050234059454,-0.2650818698396,0.28707064842837,0.203956326952337,-0.074041841100942,-0.726047024550926,0.230649669088737,0.544853718761064,-0.0514998734897099,Low Need,Very Low or Low Need,64.6,Majority BIPOC,Majority Black,15.5,23.89210019,62.1,18.24953445,0.0,20.30456853,23.40659341,Low Need,Consistent Need,4,,,42003100500.0,38300.0,"Pittsburgh, PA",3.09,3.0,64.6299056135122
1400000US42003101100,42003101100,1011.0,Pittsburgh,Upper Lawrenceville,Urban,0,2394,66,1984,154,5,74,12,99,59.59885387,0,9.9,20.37558685,20.96618357,20.37558685,42.3,8.968609865,8.354218881,100.2506266,6.326889279,10.19332162,32.895,10.994,0,0.0,0.0,0.0,0.0,32.895,354.105,35.006,0,0.0,0.0,13.0,0.0,354.105,248100.0,1410.0,76000,25257.0,2.75689223057644,82.8738512949039,6.4327485380117,0.208855472013367,3.09106098579783,0.50125313283208,4.13533834586466,0.0832884337882694,0.0135667737527265,-0.801436241375464,-0.547146484728733,-0.141540331145142,0.754700270976355,-0.561325489143738,-0.30788901212844,-0.171413295410818,Low Need,Very Low or Low Need,17.1,Minority BIPOC,Minority Black,6.6,14.28571429,50.1,27.60180995,0.0,84.71313054,12.97006907,Low Need,Consistent Need,4,,,42003101100.0,38300.0,"Pittsburgh, PA",3.32,4.0,17.1261487050961
1400000US42003140100,42003140100,1401.0,Pittsburgh,Squirrel Hill North,Urban,0,5579,363,4175,214,4,549,28,246,87.36187845,1,0.0,29.75460123,6.94214876,6.94214876,21.7,0.0,0.0,3.584871841,3.166986564,15.83493282,0.0,0.0,0,0.0,0.0,0.0,0.0,0.0,597.0,0.0,0,23.0,0.0,46.0,39.0,573.0,642700.0,1763.0,124444,20321.0,6.50654239110952,74.8341996773615,3.83581286968991,0.0716974368166338,9.84047320308299,0.501882057716437,4.40939236422298,-0.819352680959664,-1.08917565653159,-1.82532856694437,-1.16793883087333,-0.498166211849173,-1.02606526927877,-1.04311010868257,0.127108402152464,-1.06701961787421,Very Low Need,Very Low or Low Need,25.2,Minority BIPOC,Minority Black,4.2,15.78947368,15.9,3.130434783,0.0,0.0,4.783092325,Very Low Need,Consistent Need,4,,,42003140100.0,38300.0,"Pittsburgh, PA",1.09,1.0,25.165800322638503
1400000US42003140200,42003140200,1402.0,Pittsburgh,Squirrel Hill North,Urban,0,2771,112,1876,66,0,604,4,109,74.19132829,1,3.2,23.74429224,15.82417582,15.82417582,17.3,1.413427562,0.0,0.0,0.91954023,27.5862069,4.991,0.0,0,0.0,0.0,4.004,0.0,4.991,212.009,0.0,3,19.0,0.0,39.996,0.0,212.009,653800.0,1232.0,62593,48969.0,4.04186214363046,67.7011909058102,2.38181162035366,0.0,21.7971851317214,0.144352219415373,3.93359797906893,-0.527589896394676,-0.36005567694225,-2.04402401512413,-1.07010371199458,-0.498166211849173,-1.09210537062179,-1.38577416343975,1.03319243702998,-0.996831292338049,Very Low Need,Very Low or Low Need,32.3,Racially Mixed,Minority Black,15.6,19.9195171,16.2,3.827751196,0.0,8.045052293,2.401536984,Very Low Need,Consistent Need,4,,,42003140200.0,38300.0,"Pittsburgh, PA",1.04,1.0,32.29880909418981
1400000US42003060300,42003060300,603.0,Pittsburgh,Lower Lawrenceville,Urban,0,2641,74,2110,185,3,143,14,112,92.68292683,1,0.0,20.18691589,13.34792123,13.34792123,31.3,0.0,0.0,60.58311246,7.172995781,10.05625879,0.0,0.0,0,0.0,0.0,0.0,0.0,0.0,192.0,56.0,0,9.0,0.0,25.0,0.0,192.0,332300.0,1488.0,91731,27592.0,2.80196895115487,79.8939795531995,7.00492237788716,0.11359333585763,5.41461567588035,0.530102234002272,4.24081787201817,-0.819352680959664,-0.563329848921503,-1.34817486182488,-1.16793883087333,-0.498166211849173,0.023949836924444,-0.432321169732152,-0.318457265510385,-0.686476252462322,Very Low Need,Very Low or Low Need,20.1,Minority BIPOC,Minority Black,16.4,14.28571429,46.1,24.60136674,0.0,72.55139057,14.36597111,Low Need,Persistently Lower Need,3,,,42003060300.0,38300.0,"Pittsburgh, PA",3.37,4.0,20.1060204468005
1400000US42003070900,42003070900,709.0,Pittsburgh,Shadyside,Urban,0,4987,203,2618,274,0,1704,27,161,77.9706275,1,16.8,31.54311649,23.24380165,23.24380165,23.2,16.05584642,0.0,16.04170844,0.501882058,29.44374739,0.0,0.0,0,74.052,0.0,21.996,0.0,0.0,373.0,0.0,0,78.948,0.0,25.004,13.0,360.0,382700.0,1234.0,49421,35371.0,4.07058351714458,52.4964908762783,5.49428514136756,0.0,34.1688389813515,0.541407659915781,3.22839382394225,0.712401938006526,0.249016711284649,-1.75077330051945,-0.0565796884373635,-0.498166211849173,-0.796586842183336,-1.4494537452633,1.17641842007399,-0.51287730556592,Very Low Need,Very Low or Low Need,47.5,Racially Mixed,Minority Black,9.5,21.3878327,23.6,2.33463035,0.0,14.00887229,8.502024291,Very Low Need,Consistent Need,4,,,42003070900.0,38300.0,"Pittsburgh, PA",1.57,1.0,47.5035091237217
1400000US42003111300,42003111300,1113.0,Pittsburgh,East Liberty,Urban,0,2658,146,1236,962,7,134,13,160,46.32683658,0,7.2,17.36401674,17.30360934,17.36401674,51.6,20.77205882,7.524454477,45.14672686,7.554517134,26.86915888,26.044,0.0,0,13.002,0.0,0.0,0.0,25.875,356.956,78.0,0,8.998,0.0,61.0,8.0,349.125,332600.0,1002.0,62250,22950.0,5.4928517682468,46.5011286681716,36.1926260346125,0.263355906696764,5.04138449962378,0.489089541008277,6.01956358164033,-0.16288641568844,-0.233651110442176,-0.339193589540959,0.269868736099191,-0.176961411867166,-0.260417502999637,-0.374151302973756,0.977904324546223,-0.182484656773277,Low Need,Very Low or Low Need,53.5,Majority BIPOC,Racially Mixed,11.6,23.41842397,52.0,29.09967846,20.37351443,61.12054329,17.40740741,Low Need,Consistent Need,4,,,42003111300.0,38300.0,"Pittsburgh, PA",2.51,3.0,53.4988713318284
1400000US42003111400,42003111400,1114.0,Pittsburgh,Garfield,Urban,0,1211,42,421,622,2,30,16,78,59.74025974,0,7.7,33.63636364,15.36926148,33.63636364,52.3,4.102564103,0.0,132.122213,21.12903226,29.35483871,5.016,10.005,0,0.0,0.0,0.0,0.0,5.016,70.984,104.995,0,0.0,0.0,4.0,0.0,70.984,210400.0,1095.0,62315,22335.0,3.46820809248555,34.7646573080099,51.3625103220479,0.165152766308836,2.47729149463254,1.32122213047069,6.44095788604459,-0.11729848060016,1.10213554720382,-0.304401131875997,-0.88396612684826,-0.498166211849173,1.34183501084244,1.69553032815962,1.1695631008157,0.333666990718897,Moderate Need,Moderate Need,65.2,Majority BIPOC,Majority Black,31.5,30.78703704,72.9,27.18120805,15.07159005,45.21477016,28.18791946,Moderate Need,Consistent Need,4,,,42003111400.0,38300.0,"Pittsburgh, PA",2.66,3.0,65.2353426919901
1400000US42003120300,42003120300,1203.0,Pittsburgh,Lincoln-Lemington-Belmar,Urban,0,1424,32,42,1291,0,1,12,46,17.56521739,0,34.1,27.97619048,27.97619048,27.97619048,65.8,41.86046512,70.2247191,98.31460674,20.61281337,31.75487465,0.0,132.042,0,0.0,0.0,0.0,0.0,0.0,0.0,240.958,0,0.0,0.0,14.0,0.0,0.0,72700.0,1051.0,26837,22223.0,2.24719101123596,2.94943820224719,90.6601123595506,0.0,0.0702247191011236,0.842696629213483,3.23033707865169,2.289744492061,0.637495515034029,0.366596265948284,1.729573352588,2.49959487784266,0.719035133301354,1.61682337293065,1.35461829002854,1.40840900138657,High Need,High or Extreme Need,97.1,Mostly BIPOC,Mostly Black,20.2,57.17439294,85.0,39.45578231,46.24277457,34.68208092,24.69304229,High Need,Consistent Need,4,,,42003120300.0,38300.0,"Pittsburgh, PA",3.07,3.0,97.0505617977528
1400000US42003473200,42003473200,4732.0,Mount Lebanon,,Suburban,0,3294,129,2748,62,4,199,16,136,18.75,0,3.6,14.61916462,12.96060991,14.61916462,38.6,13.62467866,0.0,30.35822708,3.076923077,16.4548495,19.008,0.0,0,8.995,0.0,0.0,0.0,18.765,684.992,6.0,0,26.005,18.0,15.0,17.0,676.235,269800.0,1131.0,76625,57550.0,3.91621129326047,83.424408014572,1.88221007893139,0.121432908318154,6.04128718882817,0.485731633272617,4.12871888281724,-0.491119548324052,-0.458974283653738,-0.985339231890267,-0.224861101088767,-0.498166211849173,-0.532849564032529,-1.05684192473268,0.174907185746343,-0.606878837938744,Very Low Need,Very Low or Low Need,16.6,Minority BIPOC,Minority Black,2.4,12.70783848,31.7,15.90013141,0.0,13.53637902,16.05415861,Very Low Need,Consistent Need,4,,,42003473200.0,38300.0,"Pittsburgh, PA",1.0,1.0,16.575591985428005
1400000US42003468800,42003468800,4688.0,Carnegie Borough,,Suburban,0,2553,76,2046,186,0,111,18,116,52.61958998,0,0.7,7.486631016,8.104196816,7.486631016,60.5,12.11604096,7.833920877,156.6784175,15.92851593,16.31701632,4.12,0.0,0,0.0,0.0,0.0,0.0,4.12,510.88,54.0,0,17.0,0.0,0.0,0.0,510.88,176400.0,755.0,65653,33172.0,2.97688993341167,80.1410105757932,7.2855464159812,0.0,4.34782608695652,0.705052878965923,4.5436741088915,-0.755529571836073,-1.04447945275967,0.103167657913567,-0.329286508299318,-0.163750873692339,1.7942066173341,0.902617062330005,0.16427953439346,0.0724207044271811,Moderate Need,Moderate Need,19.9,Minority BIPOC,Minority Black,26.2,31.2267658,68.6,29.45736434,0.0,63.77042646,16.43499591,Moderate Need,Consistent Need,4,,,42003468800.0,38300.0,"Pittsburgh, PA",3.94,4.0,19.858989424206797
1400000US42003468900,42003468900,4689.0,Carnegie Borough,,Suburban,0,3911,112,2876,278,9,362,23,251,9.476309227,0,9.4,14.59797034,13.62876254,14.59797034,71.5,20.55622733,0.0,56.25159806,14.88721805,16.2406015,29.223,48.98,0,0.0,0.0,0.0,0.0,29.223,543.777,30.02,17,48.0,0.0,110.0,48.0,543.777,163600.0,908.0,53765,34812.0,2.86371771925339,73.5361800051138,7.10815648171823,0.230120173868576,9.25594477115827,0.588084888775249,6.4177959601125,0.03770049869999,-0.460714108684288,0.649906278362981,0.254929237217445,-0.498166211849173,-0.0558448287238961,0.743852268540337,0.158387556386763,0.0959518762233422,Moderate Need,Moderate Need,26.5,Racially Mixed,Minority Black,25.1,26.02495544,64.4,30.74398249,0.0,68.76487702,20.45574987,Moderate Need,Consistent Need,4,,,42003468900.0,38300.0,"Pittsburgh, PA",3.02,3.0,26.463819994886194
1400000US42003473401,42003473401,4734.01,Mount Lebanon,,Suburban,0,3731,118,3219,78,2,146,11,157,9.202453988,0,4.5,12.33933162,10.90742438,12.33933162,32.4,13.77990431,0.0,21.44197266,3.62080316,11.32323897,46.644,0.0,0,0.0,0.0,0.0,0.0,46.644,967.356,6.0,0,6.0,0.0,19.0,0.0,967.356,442500.0,900.0,118313,43290.0,3.16269096756902,86.2771374966497,2.09059233449477,0.0536049316537121,3.91316001072099,0.294827124095417,4.2079871348164,-0.409061265165149,-0.646124331632437,-1.29350099977994,-0.21411663824605,-0.498166211849173,-0.697103788901188,-0.973917517718808,-0.220766538037859,-0.67599867904182,Very Low Need,Very Low or Low Need,13.7,Minority BIPOC,Minority Black,5.7,9.82300885,31.7,12.73326015,0.0,16.16814875,12.41914618,Very Low Need,Consistent Need,4,,,42003473401.0,38300.0,"Pittsburgh, PA",1.01,1.0,13.7228625033503
1400000US42003475102,42003475102,4751.02,Bethel Park Municipality,,Suburban,0,1677,19,1567,17,0,26,0,48,7.529411765,0,3.0,22.31237323,21.35076253,22.31237323,60.4,8.133086876,0.0,23.85211688,5.425219941,2.492668622,15.872,0.0,0,0.0,0.0,0.0,0.0,15.872,496.128,0.0,1,5.0,0.0,23.0,0.0,496.128,228600.0,1611.0,108750,44741.0,1.1329755515802,93.4406678592725,1.01371496720334,0.0,1.55038759689922,0.0,2.86225402504472,-0.545825070429987,0.172556341822621,0.0981973068185719,-0.604980004572564,-0.498166211849173,-0.652704386189014,-0.698801373099285,-0.901649202905941,-0.389960485356976,Low Need,Very Low or Low Need,6.6,Minority BIPOC,Minority Black,6.8,12.77056277,51.8,3.822937626,0.0,12.91155584,9.501557632,Very Low Need,Persistently Lower Need,3,,,,,,,,6.559332140727506
1400000US42003462600,42003462600,4626.0,Stowe Township,,Suburban,0,3902,129,2169,1284,10,21,26,263,20.0270636,0,16.4,41.36178862,40.66882416,41.36178862,85.3,49.28961749,51.25576627,205.0230651,17.71394375,32.13644524,76.791,17.052,0,0.0,0.0,56.016,0.0,76.791,460.209,276.948,12,0.0,0.0,15.984,0.0,460.209,61600.0,966.0,46935,32112.0,3.30599692465402,55.5868785238339,32.9062019477191,0.256278831368529,0.538185545873911,0.666324961558175,6.74013326499231,0.675931589935903,1.73631079410253,1.33581472947225,2.24380699626963,1.68984598265664,2.68480621712507,1.1748379946041,1.38403935683577,1.64876490059516,Extreme Need,High or Extreme Need,44.4,Racially Mixed,Racially Mixed,19.2,22.29299363,81.8,23.77358491,17.34605377,115.6403585,26.72714585,Moderate Need,Deepening Need,6,,,42003462600.0,38300.0,"Pittsburgh, PA",3.0,3.0,44.4131214761661
1400000US42003463900,42003463900,4639.0,McKees Rocks Borough,,Suburban,0,2712,58,1548,892,8,19,21,166,13.08411215,0,18.4,33.562316,35.33834586,33.562316,87.0,37.33974359,36.87315634,162.2418879,11.70798898,34.22865014,4.032,100.076,0,0.0,0.0,10.994,0.0,4.032,283.968,96.924,0,0.0,93.0,35.006,0.0,283.968,58300.0,956.0,46183,29020.0,2.13864306784661,57.0796460176991,32.8908554572271,0.294985250737463,0.700589970501475,0.774336283185841,6.12094395280236,0.85828333028902,1.09605702330373,1.42031069808715,1.41665648284799,1.07587943399772,1.89669623630257,0.259120994806572,1.54535918008871,1.14614345709068,High Need,High or Extreme Need,42.9,Racially Mixed,Racially Mixed,16.9,27.37556561,87.6,36.3963964,23.3826968,179.2673422,21.53225806,High Need,Consistent Need,4,,,42003463900.0,38300.0,"Pittsburgh, PA",3.01,3.0,42.9203539823009
1400000US42003476200,42003476200,4762.0,Castle Shannon Borough,,Suburban,0,3270,50,2945,75,0,94,19,87,45.24271845,0,4.2,9.126213592,9.607438017,9.126213592,63.8,4.872389791,0.0,30.58103976,8.163265306,5.918367347,35.991,0.0,0,0.0,0.0,0.0,0.0,35.991,801.009,0.0,0,9.0,0.0,16.0,4.0,801.009,162900.0,1505.0,93500,49543.0,1.52905198776758,90.0611620795107,2.29357798165138,0.0,2.87461773700306,0.581039755351682,2.6605504587156,-0.436414026218117,-0.909887156848768,0.267189244048391,-0.83068006555565,-0.498166211849173,-0.528744934182329,-0.281336576415955,-0.637510105996819,-0.459719961003086,Low Need,Very Low or Low Need,9.9,Minority BIPOC,Minority Black,10.3,10.33464567,71.9,11.26033058,0.0,35.5450237,14.67953136,Low Need,Consistent Need,4,,,42003476200.0,38300.0,"Pittsburgh, PA",3.0,3.0,9.938837920489306
1400000US42003473402,42003473402,4734.02,Mount Lebanon,,Suburban,0,3678,110,3178,51,0,171,15,153,15.01766784,0,5.8,11.96222455,11.03965702,11.96222455,31.0,5.089538172,0.0,10.8754758,7.221458047,5.570839065,61.876,0.0,0,0.0,0.0,0.0,0.0,62.307,936.124,0.0,0,30.0,5.0,28.0,9.0,926.693,377600.0,1138.0,149211,41867.0,2.99075584556824,86.4056552474171,1.38662316476346,0.0,4.64926590538336,0.407830342577488,4.15986949429038,-0.290532633935622,-0.677080812323613,-1.36308591510986,-0.815649413656233,-0.498166211849173,-0.891758592315424,-0.424932216181156,-0.664306334715927,-0.708743685053012,Very Low Need,Very Low or Low Need,13.6,Minority BIPOC,Minority Black,0.8,8.969072165,26.9,3.659742829,0.0,16.8444694,10.21753461,Very Low Need,Consistent Need,4,,,42003473402.0,38300.0,"Pittsburgh, PA",1.11,1.0,13.594344752582899
1400000US42003477300,42003477300,4773.0,Whitehall Borough,,Suburban,0,6819,98,4309,624,8,1543,24,213,39.20068027,0,11.6,21.11572153,23.48717949,21.11572153,61.5,11.29032258,0.0,29.32981376,5.314497141,15.77531113,24.662,19.012,0,149.952,0.0,0.0,0.0,24.662,1096.338,77.988,0,276.048,0.0,30.0,0.0,1096.338,214900.0,770.0,60125,45898.0,1.43716087402845,63.1910837366183,9.15090189177299,0.117319255022731,22.6279513125092,0.351957765068192,3.1236251649802,0.23828741308842,0.0743239611750941,0.152871168863513,-0.386441369319122,-0.498166211849173,-0.551794877250857,-0.715683077026133,0.122511261359589,-0.240943284616894,Low Need,Very Low or Low Need,36.8,Racially Mixed,Minority Black,19.7,24.17522985,66.9,9.133646743,0.0,22.0959596,17.80929866,Low Need,Consistent Need,4,,,,,,,,36.8089162633817
1400000US42003473500,42003473500,4735.0,Mount Lebanon,,Suburban,0,3788,130,3350,48,4,101,26,129,16.3538874,0,0.0,5.719733079,5.241935484,5.719733079,23.1,1.111111111,10.55966209,5.279831045,0.872323553,1.506740682,0.0,0.0,0,0.0,0.0,0.0,0.0,0.0,1025.0,0.0,0,30.0,0.0,25.0,0.0,1025.0,431000.0,1131.0,174234,61514.0,3.43189017951426,88.4371700105597,1.26715945089757,0.105596620908131,2.66631467793031,0.686378035902851,3.40549102428722,-0.819352680959664,-1.18952298607242,-1.75574365161444,-1.0910295568824,-0.0473941113781299,-0.994840923592475,-1.39297320430146,-0.977669348457144,-1.04155101640014,Very Low Need,Very Low or Low Need,11.6,Minority BIPOC,Minority Black,2.1,12.84490961,22.7,5.355493998,0.0,0.0,3.72960373,Very Low Need,Consistent Need,4,,,42003473500.0,38300.0,"Pittsburgh, PA",1.0,1.0,11.562829989440303
1400000US42003479000,42003479000,4790.0,Baldwin Township,,Suburban,0,1985,23,1786,26,0,74,2,74,27.34177215,0,2.6,17.19626168,16.8699187,17.19626168,64.5,3.703703704,0.0,40.302267,7.125603865,2.657004831,13.78,0.0,0,0.0,0.0,0.0,0.0,13.78,516.22,0.0,0,0.0,0.0,10.0,0.0,516.22,177100.0,1083.0,80000,39621.0,1.15869017632242,89.9748110831234,1.30982367758186,0.0,3.727959697733,0.100755667506297,3.727959697733,-0.582295418500611,-0.247422017139144,0.301981701713354,-0.911574584190761,-0.498166211849173,-0.349661591574179,-0.439546928965463,-0.888978030885486,-0.389526435786568,Low Need,Very Low or Low Need,10.0,Minority BIPOC,Minority Black,6.2,18.31210191,71.8,8.576642336,0.0,39.23491908,13.50407451,Low Need,Consistent Need,4,,,,,,,,10.025188916876601
1400000US42003473601,42003473601,4736.01,Mount Lebanon,,Suburban,0,4136,95,3628,69,0,177,17,150,9.304932735,0,6.7,13.72767857,12.26635514,13.72767857,22.8,10.87902524,0.0,9.671179884,2.5625,9.8125,11.44,0.0,0,0.0,0.0,65.965,0.0,11.264,1028.56,0.0,9,21.0,0.0,13.035,25.0,1012.736,421500.0,904.0,127206,53417.0,2.29690522243714,87.7176015473888,1.66827852998066,0.0,4.27949709864603,0.411025145067698,3.62669245647969,-0.208474350776719,-0.532155809243481,-1.77065470489942,-0.414910691154389,-0.498166211849173,-0.913943994713921,-1.13527507561987,-0.337252329473361,-0.781940119750997,Very Low Need,Very Low or Low Need,12.3,Minority BIPOC,Minority Black,1.7,9.259259259,25.0,11.15311909,5.261773218,0.0,15.93030492,Very Low Need,Consistent Need,4,,,42003473601.0,38300.0,"Pittsburgh, PA",1.09,1.0,12.282398452611204
1400000US42003473602,42003473602,4736.02,Mount Lebanon,,Suburban,0,4714,117,3994,49,1,395,10,148,13.38495575,0,0.7,7.788461538,7.856450048,7.788461538,35.3,2.771179731,0.0,4.242681375,1.605136437,9.202782236,9.016,0.0,0,0.0,0.0,0.0,0.0,9.016,1117.984,26.0,0,110.0,0.0,0.0,0.0,1117.984,285200.0,1534.0,104864,53291.0,2.48196860415783,84.7263470513364,1.03945693678405,0.0212134068731438,8.37929571489181,0.212134068731438,3.13958421722529,-0.755529571836073,-1.01970237624848,-1.14936081802509,-0.976122351765524,-0.498166211849173,-1.01394717685691,-1.28124255676123,-0.384264723872524,-0.956295866191783,Very Low Need,Very Low or Low Need,15.3,Minority BIPOC,Minority Black,2.5,18.70629371,27.7,5.067300079,0.0,25.90673575,12.9457743,Very Low Need,Consistent Need,4,,,,,,,,15.273652948663596
1400000US42003474203,42003474203,4742.03,Upper St. Clair Municipality,,Suburban,0,4802,129,3977,46,0,436,22,192,18.20143885,0,1.7,10.22364217,7.332155477,10.22364217,25.7,16.21442753,4.164931279,4.164931279,1.650540694,0.967558338,25.308,0.0,0,0.0,0.0,0.0,0.0,26.581,1380.692,13.0,0,55.0,11.0,26.0,30.0,1372.419,320500.0,,145580,55857.0,2.68638067471887,82.8196584756352,0.957934194085798,0.0,9.07955018742191,0.458142440649729,3.99833402748855,-0.664353701659514,-0.819799939484209,-1.62651452314458,-0.0456029662013682,-0.320373134291293,-1.0153794802828,-1.27431985228038,-1.01924309701073,-0.823763371049164,Very Low Need,Very Low or Low Need,17.2,Minority BIPOC,Minority Black,1.9,10.91772152,34.2,7.560627675,0.0,8.605851979,1.917315758,Very Low Need,Consistent Need,4,,,,,,,,17.180341524364806
1400000US42003478100,42003478100,4781.0,Brentwood Borough,,Suburban,0,4363,161,3425,287,8,310,33,139,14.00817996,0,13.3,17.60507534,17.67634855,17.60507534,62.1,32.93532338,4.584001834,64.17602567,22.17821782,17.92079208,64.6,27.0,0,42.0,0.0,0.0,0.0,64.834,785.4,0.0,0,14.0,20.0,52.0,8.0,777.166,129300.0,795.0,55729,43739.0,3.69012147604859,78.5010314004126,6.57804263121705,0.183360073344029,7.10520284208114,0.756360302544121,3.18588127435251,0.39328639238857,-0.213862762543151,0.182693275433482,1.11178979818565,-0.302483801023535,0.0901380754526258,1.85549774217231,0.28793894372787,0.445294102866564,Moderate Need,Moderate Need,21.5,Minority BIPOC,Minority Black,6.9,15.44715447,69.2,20.22132797,4.80653689,67.29151646,13.16067653,Low Need,Emerging Need,5,,,42003478100.0,38300.0,"Pittsburgh, PA",1.81,2.0,21.4989685995874
1400000US42003464300,42003464300,4643.0,Ingram Borough,,Suburban,0,3391,59,2771,305,9,42,16,189,20.056899,0,12.0,12.40601504,13.83647799,12.40601504,76.1,11.85372005,0.0,64.87761722,9.4,18.6,61.74,32.96,0,0.0,0.0,0.0,0.0,61.74,568.26,70.04,32,22.0,0.0,6.0,32.0,568.26,143500.0,861.0,67879,38227.0,1.73989973459157,81.7163078737835,8.99439693305809,0.265408434090239,1.23857269242111,0.471837216160425,5.57357711589502,0.274757761159043,-0.64065033189106,0.878542428732735,-0.347443927967799,-0.498166211849173,0.103062715193856,-0.0927738870676977,0.340309388709813,-0.0460959219557279,Low Need,Very Low or Low Need,18.3,Minority BIPOC,Minority Black,9.4,15.28424977,75.8,22.03196347,0.0,66.99147381,19.42714819,Low Need,Consistent Need,4,,,42003464300.0,38300.0,"Pittsburgh, PA",2.07,2.0,18.283692126216494
1400000US42003472100,42003472100,4721.0,Dormont Borough,,Suburban,0,2395,109,2021,102,3,66,4,90,28.03234501,0,0.0,13.77483444,14.48663854,13.77483444,55.0,9.665427509,0.0,66.80584551,11.58167675,9.85306828,0.0,0.0,0,0.0,0.0,0.0,0.0,0.0,533.0,5.0,0,0.0,0.0,0.0,0.0,533.0,187000.0,957.0,73383,36053.0,4.55114822546973,84.384133611691,4.25887265135699,0.125260960334029,2.75574112734864,0.167014613778706,3.75782881002088,-0.819352680959664,-0.528284813721889,-0.17020165231114,-0.498913919530211,-0.498166211849173,0.138584317452461,0.239862398842597,-0.334124305177426,-0.305210366011003,Low Need,Very Low or Low Need,15.6,Minority BIPOC,Minority Black,5.5,15.995116,56.8,16.24087591,8.322929671,83.22929671,10.57692308,Low Need,Consistent Need,4,,,42003472100.0,38300.0,"Pittsburgh, PA",2.03,2.0,15.615866388309001
1400000US42003464400,42003464400,4644.0,McKees Rocks Borough,,Suburban,0,3208,71,1306,1534,6,58,23,210,42.33128834,0,51.1,33.18129989,35.35844471,33.18129989,76.1,37.88187373,81.04738155,187.032419,14.23586881,33.56594557,125.097,0.0,0,0.0,51.03,75.0,51.025,125.097,133.903,62.0,0,14.0,29.97,0.0,13.975,133.903,68500.0,743.0,17118,24839.0,2.21321695760598,40.7107231920199,47.8179551122195,0.187032418952618,1.80798004987531,0.716957605985037,6.54613466334165,3.8397342850625,1.06477965199313,0.878542428732735,1.45418183478015,2.96159396869384,2.35338458076917,0.644542234629908,1.49426122878322,1.88525128352306,Extreme Need,High or Extreme Need,59.3,Majority BIPOC,Racially Mixed,27.4,28.36134454,87.9,55.48549811,28.81014117,138.2886776,38.63636364,High Need,Deepening Need,6,,,42003464400.0,38300.0,"Pittsburgh, PA",3.96,4.0,59.2892768079801
1400000US42003465600,42003465600,4656.0,Crafton Borough,,Suburban,0,2494,62,1949,301,0,51,10,121,29.16666667,0,4.5,3.692762186,3.692762186,3.692762186,56.4,23.15436242,0.0,64.15396953,13.45864662,24.21052632,26.768,0.0,0,0.0,0.0,0.0,0.0,26.768,451.232,118.0,0,0.0,0.0,0.0,0.0,451.232,170200.0,978.0,60921,37484.0,2.485966319166,78.1475541299118,12.0689655172414,0.0,2.04490777866881,0.400962309542903,4.85164394546913,-0.409061265165149,-1.35591574373335,-0.100616736981215,0.434767852387457,-0.498166211849173,0.0897317597500177,0.526040580978117,0.772909997903681,-0.187602823516185,Low Need,Very Low or Low Need,21.9,Minority BIPOC,Minority Black,10.4,32.17821782,67.3,21.24248497,7.927070947,95.12485137,22.06952304,Moderate Need,Lessening Need,2,,,42003465600.0,38300.0,"Pittsburgh, PA",2.0,2.0,21.852445870088204
1400000US42003472200,42003472200,4722.0,Dormont Borough,,Suburban,0,2224,91,1940,70,0,51,5,67,29.12205567,0,8.4,20.33519553,20.84765178,20.33519553,48.5,18.1425486,0.0,35.97122302,8.674698795,13.65461847,0.0,39.0,0,0.0,0.0,0.0,0.0,0.0,411.0,0.0,5,0.0,0.0,8.0,0.0,411.0,200300.0,1074.0,60625,43562.0,4.09172661870504,87.2302158273381,3.14748201438849,0.0,2.2931654676259,0.224820143884892,3.01258992805755,-0.053475371476569,0.0102510758590986,-0.493274473485794,0.0878583863062578,-0.498166211849173,-0.429447591198781,-0.203359242573486,-0.0410051155904016,-0.225659061202635,Low Need,Very Low or Low Need,12.8,Minority BIPOC,Minority Black,4.5,7.560137457,44.2,7.894736842,0.0,27.00270027,9.523809524,Very Low Need,Persistently Lower Need,3,,,42003472200.0,38300.0,"Pittsburgh, PA",2.0,2.0,12.7697841726619
1400000US42003472300,42003472300,4723.0,Dormont Borough,,Suburban,0,1849,76,1619,59,0,37,5,53,40.71428571,0,3.5,12.62848752,11.28205128,12.62848752,51.3,14.4772118,0.0,43.26663061,7.643979058,13.82198953,12.876,0.0,0,0.0,0.0,0.0,0.0,12.958,335.124,15.0,0,6.0,0.0,4.0,7.0,328.042,167500.0,1001.0,76635,37773.0,4.11032990805841,87.5608436992969,3.19091400757166,0.0,2.00108166576528,0.270416441319632,2.8664142779881,-0.500237135341708,-0.622387706818986,-0.354104642825943,-0.16585016671732,-0.498166211849173,-0.295052422291478,-0.360511206140094,-0.0280999408549549,-0.399472784569243,Low Need,Very Low or Low Need,12.4,Minority BIPOC,Minority Black,3.7,18.18181818,54.6,21.05263158,0.0,29.79145978,12.42236025,Low Need,Consistent Need,4,,,42003472300.0,38300.0,"Pittsburgh, PA",2.0,2.0,12.439156300703104
1400000US42003472400,42003472400,4724.0,Dormont Borough,,Suburban,0,1776,50,1609,29,0,26,9,53,17.31448763,0,9.5,5.186385737,5.673758865,5.186385737,51.2,13.44902386,0.0,33.78378378,9.125,3.0,44.002,0.0,0,0.0,0.0,0.0,0.0,44.002,404.998,0.0,0,7.0,0.0,5.0,5.0,404.998,198000.0,1250.0,93500,43767.0,2.81531531531532,90.5968468468468,1.63288288288288,0.0,1.46396396396396,0.506756756756757,2.98423423423423,0.0468180857176458,-1.23330513180179,-0.359074993920938,-0.237019635916902,-0.498166211849173,-0.469744348097905,-0.134702636881496,-0.862531328633859,-0.412170696107222,Low Need,Very Low or Low Need,9.4,Minority BIPOC,Minority Black,0.8,7.635009311,57.4,14.50094162,10.81665765,0.0,7.436918991,Very Low Need,Persistently Lower Need,3,,,42003472400.0,38300.0,"Pittsburgh, PA",2.0,2.0,9.403153153153198
1400000US42003473100,42003473100,4731.0,Mount Lebanon,,Suburban,0,4963,167,4350,69,1,172,10,194,8.952551477,0,3.2,9.165302782,8.540925267,9.165302782,26.7,16.03475513,0.0,28.20874471,9.167077378,11.23706259,25.454,0.0,0,0.0,14.994,0.0,14.994,25.036,1131.546,0.0,0,67.0,27.006,0.0,19.006,1112.964,398100.0,953.0,108050,48290.0,3.36490026193834,87.6485996373161,1.39028813217812,0.0201491033649003,3.46564577876285,0.201491033649003,3.90892605279065,-0.527589896394676,-0.906678349982674,-1.57681101219463,-0.0580395926587985,-0.498166211849173,-0.572447083789395,-0.12828717559065,-0.22741118282871,-0.609717046065714,Very Low Need,Very Low or Low Need,12.4,Minority BIPOC,Minority Black,1.4,11.70662906,33.5,9.418282548,0.0,29.20317063,21.70900693,Very Low Need,Consistent Need,4,,,42003473100.0,38300.0,"Pittsburgh, PA",1.98,2.0,12.351400362683904
1400000US42003468700,42003468700,4687.0,Carnegie Borough,,Suburban,0,1670,31,1426,98,0,15,8,92,24.70119522,0,13.2,16.27906977,16.25239006,16.27906977,63.8,12.72321429,0.0,155.6886228,9.46969697,5.555555556,33.948,0.0,0,0.0,0.0,25.0,0.0,33.864,380.052,9.0,0,0.0,0.0,0.0,6.0,374.136,131100.0,832.0,69444,36786.0,1.8562874251497,85.3892215568862,5.86826347305389,0.0,0.898203592814371,0.479041916167665,5.50898203592814,0.384168805370914,-0.32271372050609,0.267189244048391,-0.287258974297857,-0.498166211849173,1.77597273194126,-0.0821473168207531,-0.665484772339587,0.176720651126671,Moderate Need,Moderate Need,14.6,Minority BIPOC,Minority Black,11.4,29.71962617,69.3,18.00947867,0.0,48.63221884,18.8556567,Low Need,Emerging Need,5,,,42003468700.0,38300.0,"Pittsburgh, PA",3.02,3.0,14.610778443113801
1400000US42003507000,42003507000,5070.0,East McKeesport Borough,,Suburban,0,2076,49,1520,378,0,8,17,104,16.12903226,0,5.3,24.27652733,21.00694444,24.27652733,78.3,15.0390625,9.633911368,67.43737958,16.99604743,13.83399209,14.85,12.015,0,0.0,0.0,0.0,0.0,14.85,435.15,32.985,0,0.0,0.0,17.0,0.0,435.15,80400.0,730.0,60988,39305.0,2.36030828516378,73.2177263969171,18.2080924855491,0.0,0.385356454720617,0.81888246628131,5.00963391136801,-0.336120569023902,0.333792508705265,0.987890152822618,-0.126959790227966,-0.0869126673614422,0.150218366264854,1.06538164844582,-0.0271744813754445,0.283898521375035,Moderate Need,Moderate Need,26.8,Racially Mixed,Minority Black,11.3,27.96992481,85.1,16.36690647,0.0,57.88712012,25.74358974,Moderate Need,Consistent Need,4,,,,,,,,26.7822736030829
1400000US42003562000,42003562000,5620.0,Pittsburgh,North Oakland,Urban,0,3449,133,1801,312,4,1075,14,110,100.0,1,23.4,23.96972246,15.88541667,15.88541667,30.3,15.13761468,0.0,34.79269353,16.76581936,46.34937804,51.042,0.0,0,0.0,0.0,0.0,0.0,51.042,129.958,0.0,0,37.0,0.0,0.0,0.0,129.958,344000.0,1148.0,26604,23924.0,3.85619020005799,52.2180342128153,9.04610031893302,0.115975645114526,31.1684546245288,0.405914757900841,3.18933024064946,1.31416268117182,-0.355028454327368,-1.39787837277482,-0.120138171274663,-0.498166211849173,-0.451158327427952,1.0302791933653,2.47993001611201,-0.0682753804452668,Low Need,Very Low or Low Need,47.8,Racially Mixed,Minority Black,20.0,30.94512195,25.9,3.076923077,21.45155524,57.2041473,16.6574738,Low Need,Consistent Need,4,,,42003562000.0,38300.0,"Pittsburgh, PA",2.44,2.0,47.7819657871847
1400000US42003450700,42003450700,4507.0,Coraopolis Borough,,Suburban,0,3033,151,2412,247,3,16,20,184,13.34622824,0,15.6,12.93588301,14.4836272,12.93588301,69.2,17.02453988,0.0,52.75304979,7.527675277,11.58671587,94.14,7.998,0,0.0,0.0,0.0,0.0,93.781,428.86,85.002,0,0.0,0.0,36.0,32.0,397.219,126500.0,901.0,51898,38755.0,4.97856907352456,79.5252225519288,8.14375206066601,0.0989119683481701,0.527530497856907,0.659413122321134,6.06660072535443,0.602990893794655,-0.597153805606952,0.535588203178103,0.0104716712248652,-0.498166211849173,-0.120294687059639,-0.378243832088995,-0.200451105768661,-0.0635439669153049,Low Need,Very Low or Low Need,20.5,Minority BIPOC,Minority Black,1.1,26.52652653,67.4,21.05263158,0.0,68.83604506,22.80593325,Low Need,Consistent Need,4,,,42003450700.0,38300.0,"Pittsburgh, PA",2.95,3.0,20.474777448071194
1400000US42003450800,42003450800,4508.0,Coraopolis Borough,,Suburban,0,2526,192,1752,382,8,12,13,167,11.54529307,0,6.9,27.93614595,30.20961776,27.93614595,69.1,17.32026144,7.917656374,47.50593824,12.40310078,17.57105943,42.044,0.0,0,0.0,0.0,0.0,0.0,41.924,414.956,155.0,0,0.0,0.0,0.0,11.0,404.076,113800.0,811.0,57746,31410.0,7.60095011876485,69.3586698337292,15.1227236737926,0.316706254948535,0.475059382422803,0.51464766429137,6.61124307205067,-0.190239176741407,0.634208284912005,0.530617852083108,0.0309410286616703,-0.16017636292249,-0.216956379273289,0.365103426642278,0.260972746830145,0.141928381908839,Moderate Need,Moderate Need,30.6,Racially Mixed,Minority Black,8.6,27.75510204,78.9,18.10490694,8.295313148,49.77187889,29.57983193,Moderate Need,Consistent Need,4,,,42003450800.0,38300.0,"Pittsburgh, PA",3.27,4.0,30.641330166270805
1400000US42003453004,42003453004,4530.04,North Fayette Township,,Suburban,0,7258,251,5991,337,4,334,42,299,19.46778711,0,0.0,13.41463415,9.145044662,13.41463415,55.7,14.75583864,0.0,35.82254064,5.441778818,4.447045056,0.0,0.0,0,0.0,0.0,0.0,0.0,0.0,1664.0,31.0,0,105.0,0.0,84.0,84.0,1664.0,213700.0,1323.0,93740,42222.0,3.45825296224855,82.5434003857812,4.64315238357674,0.0551116009920088,4.60181868283274,0.578671810416093,4.11959217415266,-0.819352680959664,-0.557853427543797,-0.135409194646177,-0.146564077534484,-0.498166211849173,-0.432186601093311,-0.696276671241356,-0.750956667532086,-0.469401266409709,Low Need,Very Low or Low Need,17.5,Minority BIPOC,Minority Black,6.3,8.891547049,57.8,8.644067797,2.830055186,25.47049667,8.701095462,Very Low Need,Persistently Lower Need,3,,,,,,,,17.456599614218803
1400000US42003470502,42003470502,4705.02,Scott Township,,Suburban,0,3011,74,2590,103,0,153,7,84,33.7398374,0,0.7,15.81081081,15.81081081,15.81081081,48.8,2.808988764,0.0,0.0,8.23723229,4.036243822,5.796,0.0,0,0.0,0.0,0.0,0.0,5.796,822.204,7.0,0,38.0,0.0,17.0,0.0,822.204,260200.0,1308.0,108600,43110.0,2.45765526403188,86.0179342411159,3.4207904350714,0.0,5.08136831617403,0.232480903354367,2.78977084025241,-0.755529571836073,-0.361152802153937,-0.47836342020081,-0.973505273014766,-0.498166211849173,-1.09210537062179,-0.270058964900983,-0.782631568236588,-0.632697373511076,Very Low Need,Very Low or Low Need,14.0,Minority BIPOC,Minority Black,0.0,16.55716163,46.8,9.417040359,0.0,20.08032129,8.615384615,Very Low Need,Consistent Need,4,,,,,,,,13.982065758884104
1400000US42003564500,42003564500,5645.0,Jefferson Hills Borough,,Suburban,0,3032,36,2842,31,0,10,1,112,15.32738095,0,5.9,19.3287037,22.49637155,19.3287037,79.2,15.86715867,0.0,52.77044855,13.7254902,5.285592498,34.276,0.0,0,14.0,0.0,0.0,0.0,34.276,744.724,4.0,0,0.0,0.0,16.0,20.0,744.724,186000.0,1131.0,64709,38830.0,1.18733509234828,93.7335092348285,1.02242744063325,0.0,0.329815303430079,0.0329815303430079,3.69393139841689,-0.281415046917966,-0.072371201419399,1.03262331267757,-0.0696403425158032,-0.498166211849173,-0.119974169081701,0.566725736269893,-0.68630032095119,0.0796831538804887,Moderate Need,Moderate Need,6.3,Minority BIPOC,Minority Black,4.5,19.6814562,75.4,10.27088036,0.0,19.77587343,16.35777599,Low Need,Emerging Need,5,,,,,,,,6.266490765171497
1400000US42003564400,42003564400,5644.0,North Versailles Township-Trafford Borough-Wall Borough,,Suburban,0,5631,82,4748,499,5,39,16,242,24.92492492,0,8.3,21.4146658,19.3019943,21.4146658,75.7,12.98527443,17.75883502,42.62120405,12.00149087,12.59783824,110.971,7.011,0,0.0,0.0,6.0,0.0,110.971,1226.029,115.989,0,16.0,10.0,2.0,0.0,1226.029,102500.0,1036.0,56333,38211.0,1.45622447167466,84.3189486769668,8.86165867519091,0.0887941751021133,0.692594565796484,0.284141360326763,4.29763807494228,-0.0625929584942249,0.0988641070864209,0.858661024352757,-0.269119604697618,0.259925031569026,-0.306942396974642,0.303870694136343,-0.122488339303723,0.126095128139723,Moderate Need,Moderate Need,15.7,Minority BIPOC,Minority Black,4.9,23.67584746,77.7,9.051186017,3.490401396,52.35602094,21.98450756,Low Need,Emerging Need,5,,,,,,,,15.681051323033202
1400000US42003563900,42003563900,5639.0,Chalfant Borough-Forest Hills Borough,,Suburban,0,3891,108,2741,775,4,53,23,187,42.94032023,0,0.3,16.02048281,11.07410491,16.02048281,48.3,19.20077973,0.0,25.7003341,12.07070707,6.767676768,3.388,0.0,0,0.0,0.0,0.0,0.0,3.372,843.612,132.0,0,0.0,0.0,47.0,44.0,839.628,126900.0,1010.0,71716,43638.0,2.77563608326908,70.4446157800051,19.9177589308661,0.102801336417373,1.3621177075302,0.591107684399897,4.80596247751221,-0.791999919906697,-0.343940960383163,-0.503215175675784,0.161107395444192,-0.498166211849173,-0.618656738762192,0.31442396225584,-0.572023955150512,-0.325778235553854,Low Need,Very Low or Low Need,29.6,Racially Mixed,Minority Black,8.0,11.77432543,55.5,15.17241379,0.0,29.71768202,17.8408515,Low Need,Consistent Need,4,,,42003563900.0,38300.0,"Pittsburgh, PA",2.84,3.0,29.555384219994906
1400000US42003563100,42003563100,5631.0,Pittsburgh,Ridgemont-Westwood,Urban,0,3722,131,2509,298,2,596,39,147,18.16513761,0,3.5,8.458646617,9.708737864,8.458646617,66.8,20.69892473,5.373455132,21.49382053,3.501228501,3.43980344,1.192,0.0,0,25.04,0.0,0.0,0.0,1.192,594.808,26.0,0,54.96,0.0,42.0,26.0,594.808,139600.0,967.0,64800,36123.0,3.51961311123052,67.4099946265449,8.00644814615798,0.0537345513164965,16.012896292316,1.04782375067168,3.94948952176249,-0.500237135341708,-0.964687307298492,0.416299776898231,0.264806515309386,-0.26878352554784,-0.69614865333677,-0.992148848487103,-0.828620207783871,-0.391557025400614,Low Need,Very Low or Low Need,32.6,Racially Mixed,Minority Black,11.3,14.30894309,66.0,9.266409266,4.993757803,34.95630462,16.92037471,Low Need,Consistent Need,4,,,42003563100.0,38300.0,"Pittsburgh, PA",3.03,3.0,32.5900053734551
1400000US42003562400,42003562400,5624.0,Pittsburgh,Beltzhoover-Bon Air,Urban,0,2363,105,840,1236,7,21,14,140,7.786885246,0,21.3,31.62486369,34.55433455,31.62486369,74.6,37.46397695,33.85526873,101.5658062,14.3489814,17.71479185,0.0,95.934,0,0.0,44.0,7.999,43.992,0.0,360.0,175.066,0,0.0,0.0,11.001,8.008,352.0,94600.0,978.0,43371,25340.0,4.44350402031316,35.5480321625053,52.3063901819721,0.296233601354211,0.888700804062632,0.592467202708421,5.92467202708422,1.12269335380104,0.937012789461627,0.803987162307815,1.4252557106196,0.947051491839082,0.778928359990561,0.661788305491366,0.272055260110809,0.953816739073014,High Need,High or Extreme Need,64.5,Majority BIPOC,Majority Black,12.1,17.16738197,81.2,28.47222222,73.61059993,29.44423997,20.5107084,Moderate Need,Deepening Need,6,,,42003562400.0,38300.0,"Pittsburgh, PA",3.0,3.0,64.45196783749469
1400000US42003562600,42003562600,5626.0,Pittsburgh,Elliott-West End,Urban,0,2398,66,1379,766,3,26,9,149,16.52719665,0,12.6,18.61993428,19.40639269,18.61993428,84.8,44.74074074,8.34028357,116.76397,22.88808664,14.51263538,39.091,0.0,0,0.0,0.0,45.952,0.0,39.105,363.909,144.0,0,0.0,0.0,82.048,16.0,355.895,72400.0,945.0,40020,28375.0,2.75229357798165,57.5062552126772,31.9432860717264,0.125104253544621,1.08423686405338,0.375312760633862,6.21351125938282,0.329463283264979,-0.130553634500609,1.31096297399727,1.92894126875311,-0.142135203344333,1.0589072050083,1.96373015000648,0.0251524277119958,0.902759434740742,High Need,High or Extreme Need,42.5,Racially Mixed,Racially Mixed,22.7,25.0,87.4,33.9869281,30.94777563,69.63249516,26.9005848,Moderate Need,Deepening Need,6,,,42003562600.0,38300.0,"Pittsburgh, PA",3.43,4.0,42.4937447873228
1400000US42003562800,42003562800,5628.0,Pittsburgh,East Carnegie-Oakwood,Urban,0,1516,48,1078,146,5,118,5,116,35.36977492,0,10.4,12.23021583,10.69651741,12.23021583,67.4,23.8961039,0.0,52.77044855,14.95327103,15.75433912,27.962,6.0,0,0.0,6.0,0.0,6.0,27.962,313.038,0.0,0,16.0,0.0,16.0,0.0,313.038,134200.0,903.0,56382,33240.0,3.16622691292876,71.1081794195251,9.63060686015831,0.329815303430079,7.78364116094987,0.329815303430079,7.65171503957784,0.128876368876549,-0.655081577770085,0.446121883468199,0.486109971236772,-0.498166211849173,-0.119974169081701,0.753923246259885,0.120894210875452,0.0774013587343494,Moderate Need,Moderate Need,28.9,Racially Mixed,Minority Black,16.4,24.61538462,74.6,15.84699454,12.57071025,75.42426147,26.76767677,Moderate Need,Consistent Need,4,,,42003562800.0,38300.0,"Pittsburgh, PA",2.78,3.0,28.8918205804749
1400000US42003563000,42003563000,5630.0,Pittsburgh,Chartiers City-Fairywood-Windgap,Urban,0,2928,115,1368,1044,5,201,19,176,38.12056738,0,9.6,20.21912351,21.41350211,20.21912351,65.5,17.47572816,0.0,47.81420765,7.781201849,9.707241911,12.136,29.848,0,36.984,0.0,0.0,0.0,12.136,315.864,334.152,0,9.016,0.0,86.0,52.0,315.864,112600.0,1208.0,69327,25270.0,3.9275956284153,46.7213114754098,35.655737704918,0.170765027322404,6.86475409836066,0.648907103825137,6.01092896174863,0.0559356727353017,0.0007227972036073,0.3516852126633,0.0417021779712021,-0.498166211849173,-0.211277475262128,-0.33958909678522,-0.345368272760476,-0.0855695604747299,Low Need,Very Low or Low Need,53.3,Majority BIPOC,Racially Mixed,14.0,17.68916155,67.9,12.29281768,14.08450704,14.08450704,14.15313225,Low Need,Consistent Need,4,,,42003563000.0,38300.0,"Pittsburgh, PA",2.29,2.0,53.2786885245902
1400000US42003564200,42003564200,5642.0,South Versailles Township-White Oak Borough ,,Suburban,0,2094,60,1896,64,0,12,12,50,18.41432225,0,0.5,14.82649842,14.79674797,14.82649842,78.7,4.203152364,0.0,57.30659026,17.01030928,5.463917526,2.845,0.0,0,0.0,0.0,0.0,0.0,2.845,566.155,0.0,0,0.0,1.0,1.0,1.0,566.155,148600.0,929.0,57500,37961.0,2.86532951289398,90.5444126074499,3.05635148042025,0.0,0.573065902578797,0.573065902578797,2.38777459407832,-0.773764745871385,-0.441954383241029,1.0077715572026,-0.877003573734596,-0.498166211849173,-0.0364098824010565,1.06755612677503,-0.672550538605046,-0.078853016159945,Low Need,Very Low or Low Need,9.5,Minority BIPOC,Minority Black,2.0,16.71826625,72.3,9.233176839,0.0,46.10419548,19.92481203,Low Need,Consistent Need,4,,,,,,,,9.4555873925501
1400000US42003429201,42003429201,4292.01,Ross Township,,Suburban,0,4941,105,4000,110,7,601,19,99,26.22601279,0,1.5,7.487401008,7.987711214,7.487401008,32.1,3.409933284,0.0,4.047763611,7.153428712,3.256043414,20.466,0.0,0,0.0,0.0,0.0,0.0,20.322,1116.534,0.0,0,186.0,26.0,0.0,34.0,1108.678,287000.0,1327.0,121620,46865.0,2.1250758955677,80.9552722121028,2.22626998583283,0.14167172637118,12.1635296498684,0.384537543007488,2.00364298724954,-0.682588875694826,-1.04441624460375,-1.30841205306492,-0.931908886942783,-0.498166211849173,-1.01753792973708,-0.435304525152844,-0.84278905659752,-0.84547638957791,Very Low Need,Very Low or Low Need,19.0,Minority BIPOC,Minority Black,2.2,12.48012719,46.9,2.917341977,0.0,13.59927471,5.052748473,Very Low Need,Consistent Need,4,,,,,,,,19.0447277878972
1400000US42003151600,42003151600,1516.0,Pittsburgh,Greenfield,Urban,0,2305,82,1975,71,2,57,8,110,56.95876289,0,0.0,27.02104097,20.21791768,27.02104097,49.4,11.2962963,8.676789588,43.38394794,13.67588933,12.64822134,0.0,0.0,0,0.0,0.0,0.0,0.0,0.0,435.0,29.0,0,57.0,0.0,19.0,21.0,423.0,198800.0,1176.0,54917,29580.0,3.55748373101952,85.6832971800434,3.08026030368764,0.0867678958785249,2.47288503253796,0.3470715835141,4.77223427331887,-0.819352680959664,0.559087896307863,-0.448541313630842,-0.386027878297678,-0.127770394767868,-0.292891215780862,0.559163181837978,-0.118603541602056,-0.136618915041582,Low Need,Very Low or Low Need,14.3,Minority BIPOC,Minority Black,2.2,17.68786127,54.9,7.132867133,0.0,52.04460967,22.26117441,Low Need,Consistent Need,4,,,42003151600.0,38300.0,"Pittsburgh, PA",3.68,4.0,14.316702819956603
1400000US42003151700,42003151700,1517.0,Pittsburgh,Greenfield,Urban,0,4956,251,3775,235,4,403,39,249,41.07142857,0,1.8,20.51446945,19.70705726,20.51446945,41.9,11.13467656,8.07102502,32.28410008,19.66640807,18.89061288,10.332,0.0,0,7.0,0.0,0.0,0.0,10.052,727.668,117.0,0,21.0,13.0,47.0,52.0,707.948,256100.0,1104.0,66467,42626.0,5.06456820016142,76.1702986279257,4.74172719935432,0.0807102502017756,8.13155770782889,0.786924939467312,5.02421307506053,-0.655236114641858,0.0249675584827511,-0.821317645755443,-0.397214929478199,-0.153629344077134,-0.497371350658434,1.47252667821737,0.362717145443691,-0.146753592558707,Low Need,Very Low or Low Need,23.8,Minority BIPOC,Minority Black,6.2,12.76386843,44.1,5.886575736,3.709198813,25.96439169,14.53726454,Very Low Need,Persistently Lower Need,3,,,42003151700.0,38300.0,"Pittsburgh, PA",2.52,3.0,23.829701372074297
1400000US42003407001,42003407001,4070.01,West Deer Township,,Suburban,0,5586,100,5295,13,5,26,7,140,13.5501355,0,2.8,4.903225806,4.548587181,4.903225806,70.6,5.494505495,0.0,32.22341568,8.048780488,2.886178862,51.243,0.0,0,0.0,0.0,0.0,0.0,51.243,1715.757,0.0,0,18.0,0.0,35.0,0.0,1715.757,237700.0,989.0,84337,36222.0,1.79018976011457,94.7905477980666,0.232724668814894,0.0895094880057286,0.465449337629789,0.12531328320802,2.5062656641604,-0.564060244465299,-1.2565495513151,0.605173118508028,-0.787618245131648,-0.498166211849173,-0.498489271773522,-0.298791868384683,-0.871307527305705,-0.4712146106302,Low Need,Very Low or Low Need,5.2,Minority BIPOC,Minority Black,1.5,12.25396825,71.6,9.020979021,0.0,22.68859898,11.20033812,Very Low Need,Persistently Lower Need,3,,,,,,,,5.209452201933402
1400000US42003432400,42003432400,4324.0,Avalon Borough,,Suburban,0,2579,70,1993,324,5,47,17,123,11.17021277,0,2.9,18.02265705,20.31063321,18.02265705,64.1,5.602716469,7.754943777,54.28460644,15.69721116,16.1752988,8.82,8.019,0,0.0,0.0,0.0,0.0,9.101,481.18,90.981,0,0.0,0.0,0.0,11.0,469.899,147600.0,942.0,59435,35611.0,2.71423032183017,77.2780147343932,12.5630089181853,0.19387359441644,1.82241178751454,0.659170221015898,4.76929042264444,-0.554942657447643,-0.179583744272283,0.282100297333375,-0.780128060427527,-0.167122257449953,-0.09208052463916,0.867350444758848,0.15335238032827,-0.0892009288777633,Low Need,Very Low or Low Need,22.7,Minority BIPOC,Minority Black,3.3,13.02816901,65.3,10.98265896,0.0,61.44393241,23.13489073,Low Need,Consistent Need,4,,,42003432400.0,38300.0,"Pittsburgh, PA",2.14,2.0,22.721985265606804
1400000US42003030500,42003030500,305.0,Pittsburgh,Crawford-Roberts-Historic Lower Hill,Urban,0,3041,92,714,1810,9,286,16,114,62.77777778,0,18.6,38.1443299,32.95454545,38.1443299,61.9,28.91566265,39.46070372,105.2285432,9.82878884,38.42739379,25.986,82.179,0,0.0,0.0,0.0,0.0,26.058,116.014,314.821,0,20.0,22.0,0.0,27.0,102.942,202300.0,1149.0,36932,20603.0,3.02532061821769,23.4791187109503,59.5198947714568,0.295955277869122,9.40480105228543,0.526142716211772,3.74876685300888,0.876518504324333,1.47219164422731,0.172752573243492,0.833555528567094,1.1863369616733,0.846402884436978,-0.0273972325393018,1.86910404059565,0.765765837704743,High Need,High or Extreme Need,76.5,Mostly BIPOC,Majority Black,34.7,59.56834532,83.5,49.00662252,45.93477262,91.86954525,42.24452555,Extreme Need,Lessening Need,2,,,42003030500.0,38300.0,"Pittsburgh, PA",4.0,4.0,76.5208812890497
1400000US42003040200,42003040200,402.0,Pittsburgh,Terrace Village-West Oakland,Urban,0,2534,112,1510,603,6,197,47,59,92.88569145,1,38.8,49.40617577,20.87912088,20.87912088,64.9,40.60606061,0.0,102.6045777,10.82949309,38.01843318,11.99,51.976,0,0.0,0.0,0.0,0.0,11.99,43.01,37.024,0,13.0,0.0,8.0,0.0,43.01,124700.0,1460.0,22667,21273.0,4.41988950276243,59.5895816890292,23.7963693764799,0.236779794790845,7.77426992896606,1.85477505919495,2.32833464877664,2.71827108189082,0.0549015635699663,0.321863106093333,1.64274554643977,-0.498166211849173,0.798064490422801,0.125178324318352,1.83757106152528,0.737551128697982,High Need,High or Extreme Need,40.4,Racially Mixed,Minority Black,28.0,59.10931174,66.8,57.67195767,22.96211251,103.3295063,28.45786963,High Need,Consistent Need,4,,,42003040200.0,38300.0,"Pittsburgh, PA",3.99,4.0,40.4104183109708
1400000US42003101800,42003101800,1018.0,Pittsburgh,Stanton Heights,Urban,0,2414,43,1854,345,6,57,14,95,43.90862944,0,1.2,9.913258984,7.520891365,9.913258984,46.7,10.3343465,0.0,16.57000829,7.874617737,5.657492355,0.0,8.004,0,0.0,0.0,0.0,0.0,0.0,494.0,129.996,0,0.0,8.0,18.0,1.0,494.0,221600.0,1125.0,81406,37410.0,1.78127589063795,76.8019884009942,14.2916321458161,0.248550124275062,2.36122618061309,0.579950289975145,3.93537696768848,-0.709941636747794,-0.845279098769859,-0.582740793195698,-0.452612452964683,-0.498166211849173,-0.786854562430828,-0.325346146252181,-0.657624917696454,-0.600134414601459,Very Low Need,Very Low or Low Need,23.2,Minority BIPOC,Minority Black,4.9,13.13868613,53.2,10.40221914,15.11715797,60.4686319,10.21097046,Low Need,Persistently Lower Need,3,,,42003101800.0,38300.0,"Pittsburgh, PA",2.96,3.0,23.198011599005795
1400000US42003110200,42003110200,1102.0,Pittsburgh,Highland Park,Urban,0,3787,184,2540,622,5,209,26,201,50.18867925,0,1.0,5.900151286,5.2936311,5.900151286,24.4,2.261048304,10.56245049,15.84367573,2.751842752,8.304668305,10.023,0.0,0,0.0,0.0,0.0,0.0,10.023,760.977,77.0,9,51.0,46.0,19.0,46.0,760.977,492400.0,1346.0,96803,30510.0,4.85872722471613,67.0715606020597,16.4246105096382,0.132030631106417,5.51888038024822,0.686559281753367,5.30763137047795,-0.728176810783105,-1.1747125696532,-1.69112908737951,-1.01143280569053,-0.0472750798301277,-0.800234978244453,-1.10640633061018,-0.453513954963574,-0.937052523170159,Very Low Need,Very Low or Low Need,32.9,Racially Mixed,Minority Black,7.6,22.98467688,42.7,10.14799154,0.0,27.18622565,17.23446894,Low Need,Persistently Lower Need,3,,,42003110200.0,38300.0,"Pittsburgh, PA",1.63,1.0,32.928439397940295
1400000US42003180700,42003180700,1807.0,Pittsburgh,Mount Washington,Urban,0,2050,77,1517,354,2,16,1,83,31.65938865,0,24.1,8.532423208,9.056603774,8.532423208,56.0,31.38173302,19.51219512,107.3170732,8.734052993,13.44455348,13.038,75.946,0,0.0,14.0,0.0,0.0,12.925,232.962,51.054,0,0.0,21.0,19.0,44.0,222.075,109100.0,1223.0,58811,31408.0,3.75609756097561,74.0,17.2682926829268,0.0975609756097561,0.780487804878049,0.0487804878048781,4.04878048780488,1.37798579029541,-0.958631033639257,-0.120498141361194,1.00425284217468,0.334772674270358,0.884877546565892,-0.194309615961338,-0.0572022132352986,0.332635723192078,Moderate Need,Moderate Need,26.0,Racially Mixed,Minority Black,10.9,21.79802956,67.9,13.29787234,9.803921569,98.03921569,19.25025329,Moderate Need,Consistent Need,4,,,42003180700.0,38300.0,"Pittsburgh, PA",3.0,3.0,26.0
1400000US42003202200,42003202200,2022.0,Pittsburgh,Sheraden,Urban,0,2550,89,1191,855,0,203,15,197,54.24028269,0,16.7,28.30188679,28.72340426,28.30188679,71.5,15.44209215,39.21568627,94.11764706,12.0906801,15.28127624,0.0,85.008,0,0.0,0.0,48.985,0.0,0.0,444.0,90.992,0,82.0,0.0,52.015,4.0,440.0,76100.0,826.0,53521,33335.0,3.49019607843137,46.7058823529412,33.5294117647059,0.0,7.96078431372549,0.588235294117647,7.72549019607843,0.70328435098887,0.664231718976592,0.649906278362981,-0.0990627442246906,1.17587762787575,0.641719219401781,0.317469213811817,0.0844186151108456,0.579060809313301,Moderate Need,Moderate Need,53.3,Majority BIPOC,Racially Mixed,25.2,28.03738318,78.0,35.61643836,34.51846738,55.22954781,14.96539792,Moderate Need,Consistent Need,4,,,42003202200.0,38300.0,"Pittsburgh, PA",2.28,2.0,53.2941176470588
1400000US42003518001,42003518001,5180.01,Forest Hills Borough,,Suburban,0,3286,73,2741,283,1,72,16,100,41.85393258,0,1.0,11.2244898,11.12359551,11.2244898,38.3,4.121212121,6.086427267,24.34570907,15.63836286,7.941356139,7.63,0.0,0,0.0,0.0,0.0,0.0,7.63,755.37,44.0,0,12.0,0.0,6.0,18.0,755.37,207000.0,744.0,87114,41708.0,2.22154595252587,83.4144856968959,8.61229458307973,0.0304321363359708,2.1911138161899,0.486914181375533,3.04321363359708,-0.728176810783105,-0.737640991011286,-1.00025028517525,-0.882675341874956,-0.238348086976787,-0.643611487001681,0.858377951494603,-0.481527202807877,-0.481760721618352,Low Need,Very Low or Low Need,16.6,Minority BIPOC,Minority Black,3.4,13.68421053,37.8,13.50407451,0.0,6.301197227,15.78947368,Very Low Need,Persistently Lower Need,3,,,42003518001.0,38300.0,"Pittsburgh, PA",2.0,2.0,16.585514303104105
1400000US42003050600,42003050600,506.0,Pittsburgh,Upper Hill,Urban,0,1723,44,386,1130,12,72,18,61,39.73063973,0,11.4,36.95652174,21.44702842,36.95652174,54.1,53.62318841,34.82298317,81.25362739,16.10576923,31.97115385,0.0,47.088,0,0.0,0.0,0.0,0.0,0.0,67.0,279.912,0,20.0,0.0,0.0,0.0,67.0,110700.0,866.0,42951,21822.0,2.55368543238537,22.4027858386535,65.5832849680789,0.696459663377829,4.17875798026698,1.04468949506674,3.54033662217063,0.220052239053108,1.37468522418098,-0.214934812166092,2.54376961022049,0.988361399964652,0.404739712081819,0.929642550582261,1.37129453541793,0.892330846273887,High Need,High or Extreme Need,77.6,Mostly BIPOC,Majority Black,13.1,44.94195688,61.5,16.70190275,28.3286119,47.21435316,33.00220751,Moderate Need,Deepening Need,6,,,42003050600.0,38300.0,"Pittsburgh, PA",3.01,3.0,77.5972141613465
1400000US42003050900,42003050900,509.0,Pittsburgh,Bedford Dwellings,Urban,0,1386,25,51,1255,7,3,0,45,7.692307692,0,42.1,51.63398693,51.63398693,51.63398693,94.8,74.37325905,158.7301587,245.3102453,18.02168022,76.55826558,6.996,134.1,0,0.0,0.0,10.01,7.0,0.0,4.004,165.9,0,0.0,13.0,24.99,13.0,4.0,,416.0,12740,20661.0,1.8037518037518,3.67965367965368,90.5483405483405,0.505050505050505,0.216450216450216,0.0,3.24675324675325,3.01915145347347,2.57954905171316,1.80799808349674,3.98005519172869,6.27772551986258,3.42697206885891,1.22175801445578,4.80919155193047,3.18760134051276,Extreme Need,High or Extreme Need,96.3,Mostly BIPOC,Mostly Black,53.6,60.67073171,94.4,64.46991404,77.45933385,92.95120062,40.88607595,Extreme Need,Consistent Need,4,,,42003050900.0,38300.0,"Pittsburgh, PA",3.99,4.0,96.32034632034632
1400000US42003484600,42003484600,4846.0,Munhall Borough,,Suburban,0,2038,44,1556,297,1,38,15,87,36.63366337,0,4.3,18.79049676,20.3271028,18.79049676,80.4,10.0286533,29.44062807,78.50834151,29.86111111,29.26587302,14.976,0.0,0,0.0,0.0,0.0,0.0,14.994,297.024,33.0,0,0.0,0.0,4.0,6.0,291.006,100800.0,717.0,35776,39843.0,2.15897939156035,76.3493621197252,14.5731108930324,0.0490677134445535,1.86457311089303,0.736015701668302,4.26889106967615,-0.427296439200461,-0.116552268472762,1.09226752581751,-0.473772030835166,0.75859879077987,0.354166367825198,3.02689450799966,1.16270338579144,0.60204377913055,Moderate Need,Moderate Need,23.7,Minority BIPOC,Minority Black,5.4,20.97649186,73.5,22.84069098,0.0,35.63474388,29.82791587,Low Need,Emerging Need,5,,,42003484600.0,38300.0,"Pittsburgh, PA",2.51,3.0,23.6506378802748
1400000US42003551200,42003551200,5512.0,McKeesport,,Suburban,0,3391,116,1607,1425,7,4,14,218,12.47947455,0,22.6,40.02306805,29.15531335,40.02306805,82.0,36.60714286,11.7959304,76.67354763,18.27089337,24.6685879,15.974,78.116,0,0.0,47.0,11.025,47.034,16.043,310.026,157.884,0,0.0,0.0,51.975,69.966,246.957,75000.0,825.0,29279,27404.0,3.42081981716308,47.3901503981127,42.0230020642878,0.206428782070186,0.117959304040106,0.412857564140372,6.42878207018579,1.24122198503057,1.62641606983739,1.17179314333742,1.36594707160035,0.0053798560173065,0.320366003641203,1.25975509015272,0.808228915818731,0.998697031373852,High Need,High or Extreme Need,52.6,Majority BIPOC,Racially Mixed,32.6,37.5,89.1,32.57575758,51.36986301,45.66210046,37.78173191,High Need,Consistent Need,4,,,,,,,,52.6098496018873
1400000US42003404000,42003404000,4040.0,East Deer Township,,Suburban,0,1490,15,1318,41,2,11,8,95,9.166666667,0,13.8,24.88262911,26.2086514,24.88262911,72.9,17.85714286,0.0,80.53691275,9.190031153,6.542056075,54.0,0.0,0,0.0,0.0,0.0,0.0,54.0,321.0,11.0,0,0.0,3.0,3.0,3.0,321.0,105000.0,942.0,63000,35140.0,1.00671140939597,88.4563758389262,2.75167785234899,0.134228187919463,0.738255033557047,0.536912751677852,6.3758389261745,0.438874327476849,0.383547020201052,0.719491193692906,0.068103072873663,-0.498166211849173,0.391536476496576,-0.124787455266079,-0.589420477984852,0.196942631946542,Moderate Need,Moderate Need,11.5,Minority BIPOC,Minority Black,11.0,26.34730539,79.8,18.36158192,0.0,43.22766571,24.14860681,Moderate Need,Consistent Need,4,,,,,,,,11.543624161073794
1400000US42003475402,42003475402,4754.02,Bethel Park Municipality,,Suburban,0,3213,38,2948,28,0,68,10,121,26.13458529,0,3.0,10.37649219,10.48805815,10.37649219,49.2,0.364963504,0.0,6.224712107,1.167883212,4.598540146,24.614,0.0,0,0.0,0.0,0.0,0.0,24.614,769.386,7.0,0,18.0,0.0,3.0,3.0,769.386,268100.0,882.0,122679,41323.0,1.18269530034236,91.7522564581388,0.871459694989107,0.0,2.11640211640212,0.311235605353252,3.76595082477435,-0.545825070429987,-0.807252578086885,-0.458482015820831,-1.14267666055756,-0.498166211849173,-0.977434432130796,-1.34790976067505,-0.739275612228904,-0.825392389935756,Very Low Need,Very Low or Low Need,8.2,Minority BIPOC,Minority Black,2.3,11.1627907,46.2,12.81216069,0.0,19.76284585,10.59390048,Very Low Need,Consistent Need,4,,,,,,,,8.247743541861198
1400000US42003191100,42003191100,1911.0,Pittsburgh,Duquesne Heights,Urban,0,2397,73,2120,67,0,52,5,80,53.15789474,0,7.8,12.22929936,11.44414169,12.22929936,48.1,5.496453901,16.68752607,66.7501043,11.91588785,8.566978193,43.788,0.0,0,0.0,0.0,0.0,0.0,43.788,490.212,0.0,0,30.0,0.0,0.0,0.0,490.212,190100.0,1346.0,79133,37821.0,3.04547350855236,88.4438881935753,2.79516061743846,0.0,2.16937838965373,0.208594075928244,3.3375052148519,-0.108180893582504,-0.655156810212317,-0.513155877865773,-0.787483379689825,0.21419286878493,0.137557459221357,0.290818957376759,-0.433288505357917,-0.20305823942391,Low Need,Very Low or Low Need,11.6,Minority BIPOC,Minority Black,10.1,16.42685851,55.7,15.34391534,8.045052293,64.36041834,17.04361874,Low Need,Consistent Need,4,,,42003191100.0,38300.0,"Pittsburgh, PA",3.42,4.0,11.556111806424695
1400000US42003478200,42003478200,4782.0,Brentwood Borough,,Suburban,0,5719,182,4601,275,3,401,31,226,23.78378378,0,6.4,8.020698577,9.117647059,8.020698577,66.4,15.42678152,0.0,55.95383808,15.72472126,17.30103806,48.12,0.0,0,0.0,0.0,34.026,0.0,48.12,1154.88,0.0,0,21.0,0.0,18.974,0.0,1154.88,134000.0,826.0,58312,37847.0,3.18237454100367,80.4511278195489,4.80853296030775,0.0524567232033572,7.01171533484875,0.542052806434691,3.95173981465291,-0.235827111829687,-1.00063818470845,0.396418372518253,-0.100122520718676,-0.498166211849173,-0.0613301292108474,0.871544859668858,0.240152702061625,-0.0897315608756747,Low Need,Very Low or Low Need,19.5,Minority BIPOC,Minority Black,8.1,20.54616385,75.1,22.17514124,3.726476616,81.98248556,13.243762,Low Need,Consistent Need,4,,,42003478200.0,38300.0,"Pittsburgh, PA",1.86,2.0,19.5488721804511
1400000US42003471000,42003471000,4710.0,Heidelberg Borough,,Suburban,0,1288,30,1134,51,3,16,0,54,28.0952381,0,0.0,16.40798226,17.12158809,16.40798226,73.1,14.7260274,0.0,46.58385093,5.319148936,9.422492401,0.0,0.0,0,0.0,0.0,0.0,0.0,0.0,281.0,0.0,0,0.0,0.0,11.0,0.0,281.0,151000.0,957.0,63500,33342.0,2.32919254658385,88.0434782608696,3.95962732919255,0.232919254658385,1.24223602484472,0.0,4.19254658385093,-0.819352680959664,-0.312131375795511,0.729431895882895,-0.148627562277343,-0.498166211849173,-0.233942966827985,-0.714973826303442,-0.367323933329172,-0.285394675447175,Low Need,Very Low or Low Need,12.0,Minority BIPOC,Minority Black,2.2,17.32283465,78.5,11.15241636,0.0,48.11547715,25.79617834,Low Need,Consistent Need,4,,,42003471000.0,38300.0,"Pittsburgh, PA",3.0,3.0,11.956521739130395
1400000US42003465800,42003465800,4658.0,Crafton Borough,,Suburban,0,3605,112,3056,217,0,34,18,168,23.22206096,0,0.0,10.88082902,10.09174312,10.88082902,65.7,12.05673759,0.0,72.1220527,19.21728972,6.13317757,0.0,0.0,0,0.0,0.0,0.0,0.0,0.0,822.0,0.0,0,5.0,0.0,19.0,10.0,822.0,180100.0,1010.0,89167,41444.0,3.10679611650485,84.7711511789182,6.01941747572816,0.0,0.943134535367545,0.499306518723994,4.66019417475728,-0.819352680959664,-0.765851886925767,0.36162591485329,-0.333391389518452,-0.498166211849173,0.236518881687859,1.40405042027578,-0.620947126334891,-0.0592238503480182,Low Need,Very Low or Low Need,15.2,Minority BIPOC,Minority Black,3.6,15.93309859,65.3,15.41218638,0.0,59.4530321,16.25079974,Low Need,Consistent Need,4,,,42003465800.0,38300.0,"Pittsburgh, PA",2.0,2.0,15.228848821081797
1400000US42003191500,42003191500,1915.0,Pittsburgh,Mount Washington,Urban,0,2005,55,1547,247,4,18,11,123,97.95396419,1,0.0,23.56687898,11.49773071,11.49773071,51.1,2.261306533,0.0,159.6009975,4.025423729,9.322033898,0.0,0.0,0,0.0,0.0,0.0,0.0,0.0,398.0,0.0,0,0.0,0.0,0.0,0.0,398.0,164100.0,1111.0,77155,30681.0,2.7431421446384,77.1571072319202,12.3192019950125,0.199501246882793,0.897755610972569,0.548628428927681,6.13466334164588,-0.819352680959664,-0.715210817653745,-0.364045345015932,-1.0114149315061,-0.498166211849173,1.84804605370548,-0.912225755511106,-0.375069803701722,-0.353195669827178,Low Need,Very Low or Low Need,22.8,Minority BIPOC,Minority Black,5.7,20.86092715,66.0,24.37275986,0.0,100.3009027,18.67905057,Moderate Need,Lessening Need,2,,,42003191500.0,38300.0,"Pittsburgh, PA",3.21,3.0,22.842892768079807
1400000US42003191600,42003191600,1916.0,Pittsburgh,Beechview,Urban,0,4141,516,2763,570,7,67,23,195,42.78305964,0,6.1,12.71503366,12.05802357,12.71503366,73.6,14.13390011,4.829751268,62.78676648,11.80021954,10.64763996,57.038,0.0,0,0.0,0.0,0.0,0.0,56.8,664.962,165.0,0,8.0,35.0,11.0,47.0,653.2,124800.0,1145.0,60109,32858.0,12.460758270949,66.7230137647911,13.7647911132577,0.16904129437334,1.61796667471625,0.555421395798116,4.70900748611446,-0.263179872882655,-0.615283188964665,0.754283651357869,-0.189613634267145,-0.291993220206687,0.064545300656602,0.273183220535396,-0.27285871738562,-0.038293963395898,Low Need,Very Low or Low Need,33.3,Racially Mixed,Minority Black,15.3,15.52598226,75.5,13.44537815,4.590314437,82.62565986,17.51709627,Low Need,Consistent Need,4,,,42003191600.0,38300.0,"Pittsburgh, PA",3.08,3.0,33.276986235208895
1400000US42003474202,42003474202,4742.02,Upper St. Clair Municipality,,Suburban,0,5363,155,4530,34,5,448,14,177,9.697439876,0,0.0,15.89225589,15.80937973,15.89225589,31.4,4.187020237,0.0,3.729256013,9.72972973,7.469287469,0.0,0.0,0,0.0,0.0,0.0,0.0,0.0,1301.0,0.0,0,104.0,11.0,17.0,19.0,1301.0,407400.0,2150.0,146442,50988.0,2.89017341040462,84.4676487040835,0.633973522282305,0.093231400335633,8.35353347007272,0.261047920939773,3.30039157188141,-0.819352680959664,-0.354467027086365,-1.34320451072988,-0.878120212892657,-0.498166211849173,-1.02340544048317,-0.0425005948664564,-0.517926139837254,-0.708459525552482,Very Low Need,Very Low or Low Need,15.5,Minority BIPOC,Minority Black,2.7,10.6741573,25.5,9.145129225,0.0,11.78781925,4.868913858,Very Low Need,Consistent Need,4,,,,,,,,15.532351295916499
1400000US42003521401,42003521401,5214.01,Monroeville Municipality,,Suburban,0,2924,99,2323,234,0,150,13,105,46.30350195,0,0.6,24.54148472,8.906426156,24.54148472,53.5,7.736720554,0.0,41.03967168,3.039750585,0.935307872,5.224,0.0,0,0.0,0.0,0.0,0.0,5.176,647.776,9.0,0,183.0,10.0,11.0,6.0,641.824,174300.0,1360.0,91652,42913.0,3.38577291381669,79.4459644322845,8.00273597811218,0.0,5.12995896032832,0.444596443228454,3.59097127222982,-0.764647158853729,0.355542693148955,-0.24475691873606,-0.632415826028834,-0.498166211849173,-0.33607720642516,-1.0625095469764,-1.02172977480933,-0.454718596531486,Low Need,Very Low or Low Need,20.6,Minority BIPOC,Minority Black,3.6,14.77541371,64.1,6.557377049,0.0,51.03900838,9.937888199,Low Need,Consistent Need,4,,,,,,,,20.554035567715502
1400000US42003526101,42003526101,5261.01,Plum Borough,,Suburban,0,7410,83,6763,256,4,80,11,213,14.80582524,0,4.5,13.41929322,14.93886231,13.41929322,54.3,1.944167498,2.699055331,16.19433198,4.909028493,9.577754892,91.924,0.0,0,0.0,0.0,0.0,0.0,91.434,1784.076,94.0,0,0.0,0.0,36.0,10.0,1774.566,271100.0,799.0,105917,44574.0,1.12010796221323,91.2685560053981,3.45479082321188,0.0539811066126856,1.07962213225371,0.148448043184885,2.87449392712551,-0.409061265165149,-0.557470967436396,-0.204994109976103,-1.03336677115073,-0.382948619612523,-0.793775228687519,-0.777504144296428,-0.355352391915646,-0.594160158046407,Very Low Need,Very Low or Low Need,8.7,Minority BIPOC,Minority Black,2.2,18.05624075,56.2,6.873822976,2.75976266,19.31833862,6.139472806,Very Low Need,Consistent Need,4,,,,,,,,8.731443994601904
1400000US42003459202,42003459202,4592.02,Pennsbury Village Borough,,Suburban,0,677,10,629,12,0,10,0,16,61.19402985,0,2.4,11.0619469,9.56937799,11.0619469,37.8,24.3902439,0.0,59.08419498,4.793028322,2.614379085,1.975,0.0,0,0.0,0.0,0.0,0.0,1.975,77.025,3.0,0,0.0,0.0,0.0,0.0,77.025,141200.0,1340.0,70179,39728.0,1.47710487444609,92.9098966026588,1.7725258493353,0.0,1.47710487444609,0.0,2.36336779911374,-0.600530592535923,-0.750984034792825,-1.02510204065022,0.520313525025081,-0.498166211849173,-0.0036630504183875,-0.795190479380853,-0.892264696455739,-0.450474697800329,Low Need,Very Low or Low Need,7.1,Minority BIPOC,Minority Black,14.0,8.502024291,45.6,18.60465116,0.0,0.0,13.87755102,Very Low Need,Persistently Lower Need,3,,,,,,,,7.0901033973411955
1400000US42003488100,42003488100,4881.0,West Mifflin Borough,,Suburban,0,2149,50,1599,375,4,5,7,109,10.82089552,0,5.4,21.30177515,20.40185471,21.30177515,78.0,21.73076923,0.0,37.22661703,13.54051054,9.211986681,12.225,15.996,0,0.0,0.0,0.0,0.0,12.225,476.775,15.004,0,0.0,0.0,0.0,0.0,476.775,104400.0,797.0,69375,34991.0,2.32666356444858,74.4067007910656,17.4499767333644,0.186133085155886,0.232666356444858,0.325732899022801,5.07212657049791,-0.327002982006246,0.0895969850806219,0.972979099537635,0.336229085546407,-0.498166211849173,-0.406320865524065,0.538522223961596,-0.383555013537489,0.100833904963825,Moderate Need,Moderate Need,25.6,Minority BIPOC,Minority Black,9.6,15.2979066,82.2,11.75337187,9.165902841,45.82951421,26.89804772,Low Need,Emerging Need,5,,,42003488100.0,38300.0,"Pittsburgh, PA",4.0,4.0,25.593299208934397
1400000US42003202300,42003202300,2023.0,Pittsburgh,Banksville,Urban,0,4127,158,3162,190,6,385,24,202,30.90024331,0,8.6,26.29482072,22.77730737,26.29482072,51.5,17.6969697,0.0,87.23043373,4.396215915,4.117974402,45.085,0.0,0,10.008,0.0,16.005,0.0,45.085,589.915,99.0,0,25.992,0.0,38.995,0.0,589.915,181900.0,1138.0,70295,39831.0,3.8284468136661,76.6173976253937,4.60382844681367,0.145384056215168,9.32881027380664,0.581536224860674,4.894596559244,-0.0352401974412573,0.499472935637234,-0.344163940635954,0.0570161515689649,-0.498166211849173,0.514843758727763,-0.855691745330359,-0.776329717629145,-0.0945613213318259,Low Need,Very Low or Low Need,23.4,Minority BIPOC,Minority Black,0.0,11.96236559,56.3,5.680473373,0.0,73.49081365,14.61498167,Low Need,Consistent Need,4,,,,,,,,23.382602374606293
1400000US42003051000,42003051000,510.0,Pittsburgh,Terrace Village,Urban,0,1703,51,453,1018,4,87,12,78,88.68229588,1,32.7,55.01113586,58.66141732,58.66141732,81.4,38.26530612,0.0,70.46388726,14.63990555,49.35064935,0.0,64.01,0,0.0,0.0,0.0,0.0,0.0,11.0,120.99,0,0.0,0.0,0.0,11.0,0.0,225000.0,649.0,16297,15027.0,2.99471520845567,26.6001174398121,59.776864357017,0.234879624192601,5.10863182618908,0.704638872577804,4.58015267175572,2.16209827381381,3.15642636450558,1.14197103676745,1.48072239084836,-0.498166211849173,0.205972346537374,0.706144981491882,2.7113435632571,1.19359559744504,High Need,High or Extreme Need,73.4,Majority BIPOC,Majority Black,60.1,43.0,73.3,36.99421965,9.398496241,46.9924812,26.24309392,High Need,Consistent Need,4,,,42003051000.0,38300.0,"Pittsburgh, PA",3.92,4.0,73.3998825601879
1400000US42003051100,42003051100,511.0,Pittsburgh,Terrace Village,Urban,0,617,14,42,528,1,1,5,26,13.51351351,0,87.9,17.0212766,17.0212766,17.0212766,93.2,80.37383178,0.0,97.24473258,5.063291139,48.10126582,31.0,63.004,0,0.0,0.0,0.0,0.0,31.0,0.0,12.996,0,0.0,0.0,0.0,0.0,0.0,,935.0,20441,17941.0,2.26904376012966,6.80713128038898,85.5753646677472,0.162074554294976,0.162074554294976,0.810372771474878,4.21393841166937,7.19500630755987,-0.261786431601764,1.72847246597682,4.39540491474488,-0.498166211849173,0.699326033203939,-0.753983999242797,2.61500962854796,1.78632472554168,Extreme Need,High or Extreme Need,93.2,Mostly BIPOC,Mostly Black,,,,,,,,,,7,,,42003051100.0,38300.0,"Pittsburgh, PA",4.0,4.0,93.19286871961103
1400000US42003470600,42003470600,4706.0,Scott Township,,Suburban,0,2936,77,2542,104,5,41,15,152,16.56804734,0,0.0,8.758314856,9.122401848,8.758314856,72.5,12.95811518,6.811989101,61.30790191,16.56483367,7.942973523,0.0,0.0,0,0.0,0.0,0.0,0.0,0.0,713.0,0.0,0,51.0,0.0,0.0,0.0,713.0,128500.0,877.0,64171,39264.0,2.62261580381471,86.5803814713896,3.54223433242507,0.170299727520436,1.39645776566757,0.510899182561308,5.17711171662125,-0.819352680959664,-0.940087731230182,0.699609789312927,-0.27099952307748,-0.207375217850271,0.0373018257411484,0.999635270775611,-0.481402494132827,-0.0716097524697015,Low Need,Very Low or Low Need,13.4,Minority BIPOC,Minority Black,13.7,23.37125129,79.2,32.92079208,0.0,61.36851795,28.08599168,Moderate Need,Lessening Need,2,,,42003470600.0,38300.0,"Pittsburgh, PA",3.02,3.0,13.4196185286104
1400000US42003141100,42003141100,1411.0,Pittsburgh,Swisshelm Park,Urban,0,1339,31,1150,60,0,41,4,53,21.63934426,0,0.8,10.40189125,9.828009828,10.40189125,40.0,5.555555556,0.0,14.93651979,3.852596315,1.005025126,2.864,0.0,0,0.0,0.0,0.0,0.0,2.824,355.136,16.0,0,4.0,0.0,0.0,5.0,350.176,197600.0,1708.0,105063,47657.0,2.31516056758775,85.8849887976102,4.48095593726662,0.0,3.06198655713219,0.298730395817774,3.95817774458551,-0.746411984818417,-0.805167585327497,-0.915754316560341,-0.783392460849475,-0.498166211849173,-0.816946501799172,-0.938576436975004,-1.0163542137957,-0.78634507116844,Very Low Need,Very Low or Low Need,14.1,Minority BIPOC,Minority Black,1.9,17.86542923,51.3,4.672897196,0.0,15.27883881,19.26910299,Very Low Need,Consistent Need,4,,,42003141100.0,38300.0,"Pittsburgh, PA",3.0,3.0,14.115011202389795
1400000US42003562300,42003562300,5623.0,Pittsburgh,Glen Hazel-Hazelwood,Urban,0,3115,67,1181,1647,10,59,19,132,4.183266932,0,37.8,48.56630824,30.33980583,48.56630824,77.8,46.77165354,38.52327448,121.9903692,19.80495124,39.83495874,11.1,198.88,0,0.0,0.0,30.012,30.016,11.1,210.9,153.12,0,0.0,0.0,30.988,25.984,210.9,99400.0,701.0,25792,24358.0,2.15088282504013,37.9133226324238,52.8731942215088,0.321027287319422,1.89406099518459,0.609951845906902,4.23756019261637,2.62709521171426,2.32772524969927,0.963038397347645,2.06951769485536,1.14631987173649,1.15518733666589,1.49365010335679,1.9776345812473,1.6832191236251,Extreme Need,High or Extreme Need,62.1,Majority BIPOC,Majority Black,46.1,56.401766,81.9,40.62909567,18.41055539,79.77907334,46.16477273,High Need,Deepening Need,6,,,42003562300.0,38300.0,"Pittsburgh, PA",3.44,4.0,62.0866773675762
1400000US42003415001,42003415001,4150.01,Indiana Township,,Suburban,0,4650,106,3997,82,7,307,13,138,31.12781955,0,4.4,14.74588404,13.93188854,14.74588404,45.6,6.19396903,0.0,21.50537634,5.118601748,3.121098627,47.036,0.0,0,7.049,0.0,0.0,0.0,47.036,1021.964,15.0,0,125.951,0.0,10.0,0.0,1021.964,330100.0,1208.0,122819,40018.0,2.27956989247312,85.9569892473118,1.76344086021505,0.150537634408602,6.60215053763441,0.279569892473118,2.96774193548387,-0.418178852182805,-0.448571966671383,-0.63741465524064,-0.739202535732826,-0.498166211849173,-0.695935773519206,-0.745550891290761,-0.853193997905012,-0.597574412355256,Very Low Need,Very Low or Low Need,14.0,Minority BIPOC,Minority Black,3.5,15.69416499,60.5,13.56560415,0.0,16.82793437,8.754623921,Very Low Need,Consistent Need,4,,,,,,,,14.043010752688204
1400000US42003408001,42003408001,4080.01,Richland Township,,Suburban,0,5633,92,5093,36,2,159,30,221,23.38582677,0,5.6,10.87651951,12.9969419,10.87651951,37.3,4.67032967,0.0,24.85354163,7.83919598,9.648241206,82.38,0.0,0,0.0,0.0,0.0,0.0,82.38,1290.62,0.0,0,72.0,11.0,0.0,0.0,1290.62,402300.0,1763.0,126471,48518.0,1.63323273566483,90.4136339428369,0.639091070477543,0.0355050594709746,2.82265222794248,0.532575892064619,3.92330907154269,-0.308767807970934,-0.766205651874017,-1.0499537961252,-0.844666333044814,-0.498166211849173,-0.634256253337783,-0.330746837114792,-0.349917532396757,-0.633251841616673,Very Low Need,Very Low or Low Need,9.6,Minority BIPOC,Minority Black,6.8,19.33007676,54.2,4.303278689,3.790750569,30.32600455,14.1074856,Low Need,Persistently Lower Need,3,,,,,,,,9.586366057163104
1400000US42003413300,42003413300,4133.0,McCandless Township,,Suburban,0,4876,72,4388,46,5,199,6,160,14.24017003,0,0.9,13.45076061,10.66433566,13.45076061,48.6,3.87897595,0.0,12.30516817,5.70005534,4.205866076,12.44,0.0,0,0.0,0.0,0.0,0.0,12.42,1231.56,0.0,0,23.0,0.0,22.0,10.0,1229.58,272900.0,1932.0,105893,46571.0,1.4766201804758,89.9917965545529,0.943396226415094,0.102543068088597,4.08121410992617,0.123051681706317,3.28137817883511,-0.737294397800761,-0.55488782930818,-0.488304122390799,-0.89944252911799,-0.498166211849173,-0.865420962075956,-0.65689771970057,-0.769552814795639,-0.671487681749061,Very Low Need,Very Low or Low Need,10.0,Minority BIPOC,Minority Black,1.1,11.88358933,49.4,6.143896524,0.0,0.0,11.22026887,Very Low Need,Consistent Need,4,,,,,,,,10.008203445447094
1400000US42003422000,42003422000,4220.0,Fox Chapel Borough,,Suburban,0,5343,151,4548,59,0,398,12,175,11.86746988,0,0.6,12.37201365,10.88314005,12.37201365,14.3,5.523066927,3.743215422,0.0,0.899381675,1.91118606,8.388,0.0,0,0.0,0.0,0.0,0.0,8.34,1389.612,0.0,0,130.0,11.0,0.0,14.0,1381.66,856100.0,,250000,38386.0,2.82612764364589,85.120718697361,1.10424854950402,0.0,7.4489986898746,0.224592925322852,3.2753134942916,-0.764647158853729,-0.643441484475412,-2.19313454797397,-0.785641270032115,-0.338375390522755,-1.09210537062179,-1.38884770165503,-0.94648451713664,-1.02945613201926,Very Low Need,Very Low or Low Need,14.9,Minority BIPOC,Minority Black,0.4,15.30460624,17.3,4.189435337,0.0,7.458512027,5.296950241,Very Low Need,Consistent Need,4,,,,,,,,14.879281302639
1400000US42003191400,42003191400,1914.0,Pittsburgh,Mount Washington,Urban,0,2725,85,2216,254,2,29,8,131,64.25120773,0,8.7,4.737903226,5.926860025,4.737903226,43.5,18.25396825,14.67889908,73.39449541,7.264086897,23.42158859,22.149,0.0,11,0.0,0.0,0.0,0.0,22.149,298.851,35.0,0,0.0,0.0,11.0,0.0,298.851,124400.0,1236.0,71295,30306.0,3.11926605504587,81.3211009174312,9.32110091743119,0.073394495412844,1.06422018348624,0.293577981651376,4.80733944954128,-0.0261226104236014,-1.27012077726848,-0.741792028235528,0.0955706702578698,0.128448362982744,0.259959676575005,-0.41843267295752,0.712078816807996,-0.281784197009929,Low Need,Very Low or Low Need,18.7,Minority BIPOC,Minority Black,22.5,16.0130719,58.7,21.92622951,14.89757914,96.83426443,14.61154669,Moderate Need,Lessening Need,2,,,42003191400.0,38300.0,"Pittsburgh, PA",3.12,3.0,18.678899082568805
1400000US42003310200,42003310200,3102.0,Pittsburgh,Lincoln Place,Urban,0,3155,65,2750,167,2,35,5,131,14.0655106,0,12.5,21.04770814,22.1021611,21.04770814,80.2,10.74285714,0.0,57.05229794,7.575757576,7.287157287,109.254,0.0,0,0.0,0.0,0.0,0.0,109.254,724.746,13.0,5,23.0,0.0,0.0,0.0,724.746,97300.0,945.0,79600,38929.0,2.06022187004754,87.1632329635499,5.2931854199683,0.063391442155309,1.10935023771791,0.158478605388273,4.15213946117274,0.320345696247323,0.0687407850382045,1.08232682362752,-0.424336021895883,-0.498166211849173,-0.0410944265991182,-0.370912811415383,-0.531969319245383,0.0195576904504982,Moderate Need,Moderate Need,12.8,Minority BIPOC,Minority Black,5.0,34.92462312,81.0,9.916492693,5.554012774,44.43210219,27.65382015,Moderate Need,Consistent Need,4,,,42003310200.0,38300.0,"Pittsburgh, PA",3.5,4.0,12.836767036450098
1400000US42003488300,42003488300,4883.0,West Mifflin Borough,,Suburban,0,2008,35,1833,63,0,5,2,70,36.12903226,0,8.2,24.95412844,22.99578059,24.95412844,78.2,10.28037383,9.960159363,29.88047809,12.70207852,7.505773672,44.03,0.0,0,0.0,0.0,0.0,0.0,44.022,473.97,11.0,0,0.0,0.0,6.0,29.0,461.978,133700.0,1147.0,69000,35238.0,1.74302788844621,91.2848605577689,3.13745019920319,0.0,0.249003984063745,0.099601593625498,3.48605577689243,-0.0717105455118809,0.389416354946161,0.982919801727624,-0.456348351943603,-0.0729857544804054,-0.541650601591329,0.41068801886175,-0.515112864799455,0.0914755602869024,Moderate Need,Moderate Need,8.7,Minority BIPOC,Minority Black,5.5,15.27777778,74.7,5.186385737,9.541984733,66.79389313,21.73447537,Low Need,Emerging Need,5,,,,,,,,8.715139442231106
1400000US42003456001,42003456001,4560.01,South Fayette Township,,Suburban,0,4679,81,3855,68,10,453,6,206,13.89080857,0,0.6,8.268933539,8.492063492,8.268933539,55.9,4.967129291,0.0,17.09767044,3.024691358,2.901234568,7.968,0.0,0,0.0,0.0,0.0,0.0,7.896,1320.032,0.0,0,30.0,0.0,11.0,12.0,1308.104,295900.0,1258.0,128636,38669.0,1.73113913229323,82.3893994443257,1.45330198760419,0.213720880530028,9.68155588801026,0.128232528318017,4.40265013891857,-0.764647158853729,-0.980260733795032,-0.125468492456188,-0.824122354008057,-0.498166211849173,-0.777134030315193,-1.06480559992648,-0.870146654472041,-0.719229225886265,Very Low Need,Very Low or Low Need,17.6,Minority BIPOC,Minority Black,4.9,10.47358834,53.8,7.293868922,0.0,23.35766423,8.878504673,Very Low Need,Consistent Need,4,,,,,,,,17.610600555674296
1400000US42003459101,42003459101,4591.01,Robinson Township,,Suburban,0,1733,33,1459,144,3,19,12,63,16.78657074,0,10.9,21.50776053,21.26168224,21.50776053,60.0,20.04555809,11.5406809,23.0813618,3.065693431,6.131386861,47.88,0.0,0,0.0,0.0,0.0,0.0,47.88,372.12,19.0,0,0.0,0.0,0.0,0.0,372.12,224500.0,965.0,80550,48152.0,1.90421234852856,84.1892671667628,8.30929024812464,0.173110213502597,1.09636468551645,0.692440854010387,3.63531448355453,0.174464303964828,0.106506194548995,0.0783159024385933,0.219581556765801,-0.0055162647371771,-0.666903148613851,-1.05855408843316,-0.621085199264257,-0.164586506295138,Low Need,Very Low or Low Need,15.8,Minority BIPOC,Minority Black,9.5,20.37037037,65.5,20.0,0.0,33.35186215,14.64128843,Low Need,Consistent Need,4,,,,,,,,15.810732833237196
1400000US42003431500,42003431500,4315.0,Bellevue Borough,,Suburban,0,3165,99,2475,360,6,44,14,167,14.38848921,0,0.0,9.991603694,8.856405847,9.991603694,55.1,6.859205776,12.63823065,101.1058452,14.85380117,15.38011696,0.0,0.0,0,0.0,0.0,0.0,0.0,0.0,413.0,121.0,0,11.0,0.0,9.0,0.0,413.0,173800.0,879.0,55938,33275.0,3.12796208530806,78.1990521327014,11.3744075829384,0.18957345971564,1.39020537124803,0.442338072669826,5.27646129541864,-0.819352680959664,-0.838847831113246,-0.165231301216146,-0.693155948077969,0.0413360684115788,0.770455010760492,0.738757257627327,0.0920397460433818,-0.13800563208109,Low Need,Very Low or Low Need,21.8,Minority BIPOC,Minority Black,13.9,14.96899911,68.6,11.34185304,6.329113924,50.63291139,21.06481481,Low Need,Consistent Need,4,,,42003431500.0,38300.0,"Pittsburgh, PA",2.57,3.0,21.800947867298603
1400000US42003477100,42003477100,4771.0,Whitehall Borough,,Suburban,0,3779,60,3407,30,0,163,6,113,17.18213058,0,6.0,15.78411405,15.12247071,15.78411405,58.8,7.4204947,0.0,21.16962159,7.057484348,5.46385885,67.851,0.0,0,0.0,0.0,0.0,0.0,67.648,1009.149,0.0,0,49.0,0.0,6.0,20.0,989.352,206800.0,1322.0,96005,51292.0,1.58772161947605,90.1561259592485,0.793860809738026,0.0,4.31331039957661,0.158772161947605,2.99020905001323,-0.272297459900311,-0.363344322284963,0.0186716892986571,-0.654304456794494,-0.498166211849173,-0.702121009337906,-0.449932987822662,-0.672555062828247,-0.417356394098693,Low Need,Very Low or Low Need,9.8,Minority BIPOC,Minority Black,2.3,16.02272727,63.7,9.47255113,0.0,23.80243975,9.666884389,Very Low Need,Persistently Lower Need,3,,,,,,,,9.843874040751501
1400000US42003480400,42003480400,4804.0,Baldwin Borough,,Suburban,0,5004,101,4483,147,6,99,24,144,10.45498548,0,6.8,12.74390244,13.31210191,12.74390244,68.8,13.29022989,7.993605116,31.97442046,4.953429297,8.975444539,94.359,0.0,0,0.0,0.0,0.0,0.0,94.359,1234.641,25.0,0,0.0,38.0,0.0,23.0,1234.641,154800.0,830.0,96447,47784.0,2.01838529176659,89.5883293365308,2.93764988009592,0.119904076738609,1.97841726618705,0.479616306954436,2.87769784172662,-0.199356763759063,-0.612913369086592,0.515706798798124,-0.248011091970155,-0.156934254068278,-0.50307623339783,-0.770734434469346,-0.401793636599366,-0.28218847827902,Low Need,Very Low or Low Need,10.4,Minority BIPOC,Minority Black,5.3,16.27906977,77.5,11.78895301,4.470272687,58.11354493,17.35776278,Low Need,Consistent Need,4,,,,,,,,10.411670663469195
1400000US42003520002,42003520002,5200.02,Wilkins Township,,Suburban,0,3092,98,2147,631,3,36,5,172,36.63366337,0,1.8,12.08665906,14.07702523,12.08665906,67.6,10.18387553,0.0,32.34152652,7.03868104,3.677869372,7.08,6.055,0,0.0,0.0,0.0,0.0,7.08,464.92,166.945,0,0.0,0.0,62.0,0.0,464.92,134800.0,987.0,61375,37998.0,3.16946959896507,69.4372574385511,20.4075032341527,0.0970245795601552,1.16429495472186,0.161707632600259,5.5627425614489,-0.655236114641858,-0.666866062156954,0.456062585658188,-0.463027804719194,-0.498166211849173,-0.496313447311933,-0.452799893992858,-0.810264092628617,-0.396620992716255,Low Need,Very Low or Low Need,30.6,Racially Mixed,Minority Black,6.1,26.89721422,59.9,8.823529412,12.52348153,37.57044458,11.72551632,Low Need,Consistent Need,4,,,,,,,,30.5627425614489
1400000US42003523502,42003523502,5235.02,Penn Hills Municipality,,Suburban,0,1497,52,935,419,1,1,14,75,19.90291262,0,6.8,25.45454545,27.30263158,25.45454545,72.5,24.50704225,0.0,80.16032064,12.0576671,13.76146789,0.0,23.98,0,0.0,0.0,0.0,0.0,0.0,233.0,85.02,0,0.0,0.0,13.0,13.0,233.0,115800.0,1004.0,58854,28841.0,3.47361389445558,62.4582498329993,27.9893119572478,0.0668002672010688,0.0668002672010688,0.935203740814963,5.01002004008016,-0.199356763759063,0.430495270564479,0.699609789312927,0.528398113697544,-0.498166211849173,0.38459893947644,0.312435781747806,-0.0327664724493404,0.236859274170137,Moderate Need,Moderate Need,37.5,Racially Mixed,Racially Mixed,4.5,19.81424149,81.5,10.44776119,0.0,149.2537313,33.33333333,Moderate Need,Consistent Need,4,,,,,,,,37.5417501670007
1400000US42003523702,42003523702,5237.02,Penn Hills Municipality,,Suburban,0,5176,119,3159,1544,6,54,29,265,18.10584958,0,6.1,34.53433039,35.65217391,34.53433039,77.8,23.04860088,15.45595054,85.00772798,12.44995997,20.7766213,59.177,23.998,0,0.0,0.0,0.0,0.0,59.177,943.823,314.002,0,0.0,0.0,17.0,0.0,943.823,117800.0,832.0,55532,36687.0,2.29907264296754,61.031684698609,29.8299845440495,0.115919629057187,1.04327666151468,0.560278207109737,5.11978361669243,-0.263179872882655,1.17584906935468,0.963038397347645,0.427447213454918,0.161619227335496,0.473897326192322,0.372247962111322,0.508138153189141,0.472988474701962,Moderate Need,Moderate Need,39.0,Racially Mixed,Racially Mixed,7.7,15.86303284,70.1,19.50500884,7.849293564,51.02040816,22.83778398,Low Need,Emerging Need,5,,,,,,,,38.968315301391
1400000US42003526202,42003526202,5262.02,Plum Borough,,Suburban,0,4649,101,3954,322,4,72,31,165,10.44957473,0,7.1,11.4374034,10.51364366,11.4374034,56.8,8.358895706,0.0,34.41600344,5.054347826,6.630434783,26.184,0.0,0,0.0,67.0,0.0,0.0,26.184,1064.816,71.0,0,58.0,0.0,17.0,0.0,1064.816,231400.0,966.0,95438,40473.0,2.17251021725102,85.0505485050548,6.92622069262207,0.0860400086040009,1.54872015487202,0.666810066681007,3.54915035491504,-0.172004002706096,-0.720163048348242,-0.0807353326012363,-0.589349890712564,-0.498166211849173,-0.458097669424505,-0.755347569909282,-0.58260602230994,-0.467694817935871,Low Need,Very Low or Low Need,14.9,Minority BIPOC,Minority Black,7.3,23.79235761,74.1,14.68023256,0.0,37.92667509,17.93103448,Low Need,Consistent Need,4,,,,,,,,14.949451494945194
1400000US42003401100,42003401100,4011.0,Harrison Township,,Suburban,0,4601,44,4245,89,3,62,15,143,22.72089762,0,4.7,24.24677188,26.53061224,24.24677188,70.1,7.482014388,0.0,13.04064334,10.85883514,4.096742349,32.352,0.0,0,33.0,0.0,0.0,0.0,32.352,1315.648,0.0,0,0.0,0.0,9.0,0.0,1315.648,157500.0,721.0,76667,39552.0,0.956313844816344,92.2625516192132,1.9343620951967,0.0652032166920235,1.34753314496849,0.326016083460117,3.10801999565312,-0.390826091129837,0.331349902648098,0.580321363033055,-0.650046165707863,-0.498166211849173,-0.851872122140712,0.129652053312803,-0.777966818774093,-0.192798181690518,Low Need,Very Low or Low Need,7.7,Minority BIPOC,Minority Black,5.2,18.25572801,75.6,16.02564103,0.0,33.70549821,23.34975369,Low Need,Consistent Need,4,,,,,,,,7.737448380786802
1400000US42003510000,42003510000,5100.0,East Pittsburgh Borough,,Suburban,0,1927,76,599,1099,5,5,20,123,16.98841699,0,26.4,41.25,47.59615385,41.25,78.7,51.14345114,31.13648158,166.0612351,14.70951792,34.11619283,26.004,93.093,0,0.0,0.0,8.0,0.0,26.004,105.996,247.907,0,0.0,0.0,0.0,0.0,105.996,64100.0,802.0,35483,31361.0,3.94395433316035,31.0845874416191,57.0316554229372,0.259470679813181,0.259470679813181,1.03788271925272,6.38297872340426,1.58769029170149,1.72713413704192,1.0077715572026,2.37212629639177,0.830991585386225,1.96705581604191,0.716758652930702,1.53668813961237,1.45850404809952,High Need,High or Extreme Need,68.9,Majority BIPOC,Majority Black,31.8,51.55279503,90.3,66.35294118,34.54231434,57.57052389,41.02885822,Extreme Need,Lessening Need,2,,,42003510000.0,38300.0,"Pittsburgh, PA",4.0,4.0,68.9154125583809
1400000US42003512000,42003512000,5120.0,North Braddock Borough,,Suburban,0,2073,41,1201,689,0,9,9,124,11.47058824,0,17.4,41.85639229,42.77227723,41.85639229,86.1,39.59276018,19.29570671,96.47853353,19.79166667,13.54166667,60.078,0.0,0,0.0,17.0,0.0,0.0,60.078,262.922,102.0,0,0.0,0.0,0.0,0.0,262.922,56100.0,534.0,45971,35799.0,1.97780993728895,57.9353593825374,33.236854799807,0.0,0.434153400868307,0.434153400868307,5.98166907863,0.767107460112462,1.77691249631973,1.3755775382322,1.57260656606736,0.32553119149642,0.685211201445599,1.49162462913164,-0.0497142838043286,1.14208158325792,High Need,High or Extreme Need,42.1,Racially Mixed,Racially Mixed,19.5,28.89784946,88.2,21.00371747,16.42036125,73.89162562,32.43727599,Moderate Need,Deepening Need,6,,,42003512000.0,38300.0,"Pittsburgh, PA",3.99,4.0,42.0646406174626
1400000US42003514000,42003514000,5140.0,Rankin Borough,,Suburban,0,1896,48,256,1504,0,6,9,73,10.44303797,0,36.4,52.9109589,53.60576923,52.9109589,76.9,49.40898345,31.64556962,31.64556962,14.14267835,38.04755945,21.054,98.056,0,0.0,0.0,35.008,0.0,21.054,99.946,139.944,0,0.0,0.0,28.992,29.0,99.946,81700.0,563.0,29107,24922.0,2.53164556962025,13.5021097046413,79.3248945147679,0.0,0.316455696202532,0.474683544303797,3.85021097046414,2.49944899346708,2.6843748724873,0.918305237492693,2.25206931066101,0.852723595668335,-0.509134286171699,0.630333654694007,1.8398168476471,1.33258876832839,High Need,High or Extreme Need,86.5,Mostly BIPOC,Mostly Black,25.6,33.984375,83.9,33.64485981,82.00455581,63.78132118,26.2990456,High Need,Consistent Need,4,,,42003514000.0,38300.0,"Pittsburgh, PA",4.0,4.0,86.4978902953587
1400000US42003515100,42003515100,5151.0,Swissvale Borough,,Suburban,0,2566,67,984,1339,3,37,22,114,26.49930265,0,13.3,15.65096953,17.7672956,15.65096953,63.0,31.36,31.17692907,77.94232268,14.95393338,31.53791637,17.05,66.034,0,0.0,0.0,0.0,0.0,17.05,257.95,174.966,0,109.0,0.0,0.0,6.0,257.95,127000.0,943.0,47052,27848.0,2.61106780982073,38.3476227591582,52.182385035074,0.116913484021824,1.44193296960249,0.857365549493375,4.44271239282931,0.39328639238857,-0.374274071659632,0.227426435288434,1.00274851846368,0.832718212608828,0.343739233312956,0.754024233559664,1.33788968405746,0.454238421994643,Moderate Need,Moderate Need,61.7,Majority BIPOC,Majority Black,13.5,25.99758162,78.2,32.5443787,0.0,57.4919152,20.68198666,Moderate Need,Consistent Need,4,,,42003515100.0,38300.0,"Pittsburgh, PA",3.01,3.0,61.6523772408418
1400000US42003515200,42003515200,5152.0,Swissvale Borough,,Suburban,0,2034,93,1145,625,3,48,17,103,31.93277311,0,2.0,24.32748538,28.7202381,24.32748538,62.8,23.47826087,19.66568338,39.33136676,8.08753568,9.609895338,6.875,0.0,0,0.0,0.0,0.0,0.0,6.875,268.125,49.0,0,9.0,0.0,12.0,7.0,268.125,125400.0,1070.0,57487,24957.0,4.57227138643068,56.2930186823992,30.7276302851524,0.147492625368732,2.3598820058997,0.835791543756146,5.06391347099312,-0.637000940606546,0.337975622776515,0.217485733098444,0.457187567562357,0.34132479921225,-0.367547405373781,-0.29288293475067,-0.352874197228313,0.0080774917026528,Low Need,Very Low or Low Need,43.7,Racially Mixed,Racially Mixed,0.0,18.19645733,51.0,17.31748727,50.84745763,16.94915254,14.45783133,Low Need,Consistent Need,4,,,42003515200.0,38300.0,"Pittsburgh, PA",2.02,2.0,43.7069813176008
1400000US42003515300,42003515300,5153.0,Swissvale Borough,,Suburban,0,1734,76,768,748,3,46,6,87,57.20338983,0,18.9,35.6557377,37.61061947,35.6557377,71.7,34.18181818,0.0,34.60207612,11.71270718,21.87845304,23.046,15.984,0,13.0,0.0,0.0,0.0,23.046,114.954,92.016,0,0.0,0.0,16.0,0.0,114.954,158900.0,1031.0,29612,32136.0,4.38292964244521,44.2906574394464,43.1372549019608,0.173010380622837,2.65282583621684,0.346020761245675,5.01730103806228,0.9038712653773,1.26790468565209,0.65984698055297,1.19807010728559,-0.498166211849173,-0.45466985967582,0.259840370178832,0.593095081428476,0.476671048217399,Moderate Need,Moderate Need,55.7,Majority BIPOC,Racially Mixed,13.2,38.50806452,69.6,23.03370787,24.81389578,49.62779156,34.05714286,Moderate Need,Consistent Need,4,,,42003515300.0,38300.0,"Pittsburgh, PA",3.54,4.0,55.7093425605536
1400000US42003516100,42003516100,5161.0,Edgewood Borough,,Suburban,0,1406,37,1227,51,0,40,2,49,36.99421965,0,3.7,5.714285714,5.714285714,5.714285714,22.2,0.0,0.0,14.22475107,3.755215577,2.920723227,10.962,0.0,0,0.0,0.0,0.0,0.0,10.962,250.038,34.0,0,2.0,0.0,2.0,2.0,250.038,313600.0,1313.0,92069,41688.0,2.63157894736842,87.2688477951636,3.62731152204836,0.0,2.84495021337127,0.142247510668563,3.4850640113798,-0.482001961306396,-1.18997015681743,-1.80047681146939,-1.16793883087333,-0.498166211849173,-0.83005862420868,-0.95342390097604,-0.868643978025142,-0.988862356785778,Very Low Need,Very Low or Low Need,12.7,Minority BIPOC,Minority Black,10.0,12.92517007,25.5,22.3495702,0.0,14.43001443,10.56338028,Very Low Need,Consistent Need,4,,,42003516100.0,38300.0,"Pittsburgh, PA",2.02,2.0,12.731152204836405
1400000US42003516200,42003516200,5162.0,Edgewood Borough,,Suburban,0,1739,70,1291,250,4,43,9,72,28.82352941,0,2.4,8.984375,7.90513834,8.984375,30.8,9.110629067,0.0,34.50258769,1.19047619,7.023809524,0.0,7.002,0,3.99,0.0,0.0,0.0,0.0,422.0,10.998,0,17.01,0.0,0.0,25.0,397.0,258000.0,959.0,96481,29719.0,4.02530189764232,74.2380678550891,14.3760782058654,0.230017251293847,2.47268545140886,0.517538815411156,4.14031052328925,-0.600530592535923,-0.921530597091115,-1.37302661729985,-0.537316150381018,-0.498166211849173,-0.456502624218338,-1.34446505041283,-0.552274794383702,-0.818791120541179,Very Low Need,Very Low or Low Need,25.8,Minority BIPOC,Minority Black,2.9,5.805243446,35.3,12.20779221,0.0,35.60830861,6.286379511,Very Low Need,Consistent Need,4,,,42003516200.0,38300.0,"Pittsburgh, PA",2.04,2.0,25.7619321449109
1400000US42003517000,42003517000,5170.0,Braddock Hills Borough,,Suburban,0,1730,47,1005,571,3,12,10,82,20.18779343,0,9.9,27.00534759,28.85714286,27.00534759,76.8,26.79558011,11.56069364,23.12138728,16.79558011,31.71270718,8.897,15.006,0,12.0,0.0,0.0,0.0,8.897,208.103,107.994,0,0.0,0.0,10.0,0.0,208.103,108400.0,361.0,36138,32956.0,2.71676300578035,58.0924855491329,33.0057803468208,0.173410404624277,0.69364161849711,0.578034682080925,4.73988439306358,0.0832884337882694,0.557799636676588,0.913334886397698,0.686806920495401,-0.0046619585321969,-0.666165803773438,1.03481676078719,1.35136695990909,0.372174125119931,Moderate Need,Moderate Need,41.9,Racially Mixed,Racially Mixed,15.2,33.27067669,73.7,32.13367609,11.8835413,59.41770648,27.30125523,Moderate Need,Consistent Need,4,,,42003517000.0,38300.0,"Pittsburgh, PA",2.86,3.0,41.9075144508671
1400000US42003522000,42003522000,5220.0,Pitcairn Borough,,Suburban,0,3101,71,2016,782,1,16,18,197,7.993474715,0,11.6,39.33486239,38.17271589,39.33486239,85.8,33.19148936,19.34859723,96.74298613,17.18636693,16.89630167,45.05,13.968,0,23.0,0.0,0.0,4.998,39.9,379.95,180.032,0,0.0,0.0,63.0,37.002,380.1,68000.0,744.0,35829,34325.0,2.28958400515963,65.0112866817156,25.2176717188004,0.0322476620445018,0.515962592712028,0.580457916801032,6.35278942276685,0.23828741308842,1.56992170279901,1.36066648494722,1.1295211837761,0.327788988250919,0.690082917166279,1.0943993164465,0.208945432210171,0.915809715210635,High Need,High or Extreme Need,35.0,Racially Mixed,Minority Black,18.8,22.85992218,84.2,26.12942613,6.134969325,110.4294479,27.90387183,Moderate Need,Deepening Need,6,,,,,,,,34.9887133182844
1400000US42003523400,42003523400,5234.0,Penn Hills Municipality,,Suburban,0,4921,128,2324,2095,11,57,49,257,7.925200356,0,7.3,17.22614841,17.22614841,17.22614841,67.1,31.33881825,0.0,89.41272099,17.35817104,9.652836579,67.275,30.176,0,0.0,0.0,0.0,0.0,67.275,829.725,337.824,0,0.0,0.0,72.0,0.0,829.725,102300.0,1095.0,57966,34907.0,2.60109733793944,47.226173541963,42.5726478358057,0.223531802479171,1.15830115830116,0.995732574679943,5.22251574883154,-0.153768828670784,-0.24496863438987,0.431210830183215,1.00128235275061,-0.498166211849173,0.555045606437269,1.12059397661076,-0.34956320536113,0.315889870153148,Moderate Need,Moderate Need,52.8,Majority BIPOC,Racially Mixed,13.4,24.63519313,60.6,24.765625,8.113590264,56.79513185,15.86147926,Low Need,Emerging Need,5,,,,,,,,52.773826458037
1400000US42003524000,42003524000,5240.0,Verona Borough,,Suburban,0,2492,63,2070,232,0,11,13,103,28.60262009,0,6.3,14.37125749,14.12337662,14.37125749,79.8,31.74872666,0.0,80.25682183,17.3013245,19.95033113,10.994,25.979,0,0.0,0.0,0.0,0.0,10.994,467.006,57.021,0,0.0,0.0,28.0,0.0,467.006,133000.0,736.0,46610,40959.0,2.52808988764045,83.0658105939005,9.30979133226324,0.0,0.441412520064205,0.521669341894061,4.13322632423756,-0.244944698847343,-0.479324823045773,1.06244541924754,1.02965553514774,-0.498166211849173,0.386376673423421,1.1119266880528,0.444426905700883,0.338281226018458,Moderate Need,Moderate Need,16.9,Minority BIPOC,Minority Black,20.4,19.47368421,81.5,30.91715976,0.0,68.20765441,30.19323671,Moderate Need,Consistent Need,4,,,42003524000.0,38300.0,"Pittsburgh, PA",2.93,3.0,16.934189406099506
1400000US42003525100,42003525100,5251.0,Oakmont Borough,,Suburban,0,2003,62,1822,40,1,10,2,66,11.43695015,0,1.8,8.216432866,3.846153846,8.216432866,41.0,2.761341223,9.985022466,0.0,9.173387097,4.435483871,9.126,0.0,0,0.0,0.0,0.0,0.0,9.036,497.874,0.0,0,0.0,0.0,0.0,5.0,492.964,262000.0,1036.0,89583,39694.0,3.09535696455317,90.963554667998,1.99700449326011,0.0499251123315027,0.499251123315028,0.0998502246630055,3.29505741387918,-0.655236114641858,-0.984570480811969,-0.866050805610394,-0.976803357022283,-0.0719243954077366,-1.09210537062179,-0.127325144211209,-0.751848094715339,-0.682002238332462,Very Low Need,Very Low or Low Need,9.0,Minority BIPOC,Minority Black,1.1,5.535055351,42.8,6.403013183,0.0,10.15744033,9.748427673,Very Low Need,Consistent Need,4,,,42003525100.0,38300.0,"Pittsburgh, PA",2.0,2.0,9.036445332002003
1400000US42003525300,42003525300,5253.0,Oakmont Borough,,Suburban,0,2219,43,2062,19,0,26,0,69,11.42857143,0,1.1,11.81556196,9.473684211,11.81556196,44.1,5.970149254,0.0,27.03920685,7.258834766,0.955109838,5.753,0.0,0,0.0,0.0,0.0,0.0,5.753,517.247,0.0,0,0.0,0.0,13.0,13.0,517.247,332000.0,930.0,107583,42304.0,1.93780982424516,92.9247408742677,0.856241550247859,0.0,1.17169896349707,0.0,3.10950878774223,-0.71905922376545,-0.689120251508492,-0.71196992166556,-0.754694970563651,-0.498166211849173,-0.593992177233336,-0.419233455818205,-1.02020294077162,-0.626605173200552,Very Low Need,Very Low or Low Need,7.1,Minority BIPOC,Minority Black,6.2,9.642857143,50.0,7.452339688,0.0,45.41326067,15.88486141,Very Low Need,Consistent Need,4,,,42003525300.0,38300.0,"Pittsburgh, PA",2.96,3.0,7.075259125732302
1400000US42003550900,42003550900,5509.0,McKeesport,,Suburban,0,1467,51,555,741,12,10,18,80,11.62079511,0,25.1,46.36015326,45.36082474,46.36015326,90.5,28.13559322,40.8997955,286.2985685,29.50600801,39.91989319,10.974,62.985,0,0.0,0.0,0.0,0.0,10.965,82.026,132.015,0,0.0,0.0,7.0,8.0,74.035,43400.0,879.0,28767,22800.0,3.47648261758691,37.8323108384458,50.5112474437628,0.81799591002045,0.681663258350375,1.22699386503067,5.453306066803,1.46916166047197,2.14662338374881,1.59427298641197,0.779560412390259,1.24776908127261,4.18205429719691,2.9727525842251,1.98418346680918,2.05602777224537,Extreme Need,High or Extreme Need,62.2,Majority BIPOC,Racially Mixed,28.6,42.79749478,87.7,46.86716792,46.75628288,93.51256575,42.97994269,High Need,Deepening Need,6,,,,,,,,62.1676891615542
1400000US42003552000,42003552000,5520.0,McKeesport,,Suburban,0,2294,88,941,1099,3,7,30,126,14.40677966,0,20.9,61.57407407,60.45454545,61.57407407,84.8,32.26950355,52.31037489,113.3391456,27.81124498,38.05220884,13.082,104.951,0,0.0,0.0,0.0,0.0,13.082,197.918,214.049,0,0.0,0.0,34.0,0.0,197.918,44000.0,736.0,39857,31696.0,3.8360941586748,41.0200523103749,47.9075850043592,0.13077593722755,0.30514385353095,1.3077593722755,5.49258936355711,1.08622300573042,3.39552451358403,1.31096297399727,1.06570285042038,1.73486523978443,0.995815479420991,2.71435514757585,1.84017533967292,1.75763560150191,Extreme Need,High or Extreme Need,59.0,Majority BIPOC,Racially Mixed,26.7,43.1424767,95.2,35.16666667,15.46192501,38.65481252,34.47971781,High Need,Deepening Need,6,,,,,,,,58.9799476896251
1400000US42003552100,42003552100,5521.0,McKeesport,,Suburban,0,1175,16,420,680,0,8,0,51,3.802281369,0,70.1,61.70212766,58.85714286,61.70212766,90.9,89.70588235,34.04255319,136.1702128,21.56862745,62.5,15.99,56.992,0,0.0,0.0,70.0,9.0,15.99,14.01,47.008,0,0.0,0.0,0.0,0.0,14.01,47200.0,570.0,22668,17503.0,1.36170212765957,35.7446808510638,57.8723404255319,0.0,0.680851063829787,0.0,4.34042553191489,5.57207581841712,3.40603635173724,1.61415439079195,5.04135402557627,0.955046312951752,1.41640680277404,1.76255460721729,3.72522653559361,2.82394690135224,Extreme Need,High or Extreme Need,64.3,Majority BIPOC,Majority Black,77.7,79.86348123,90.8,84.29752066,63.0517024,63.0517024,50.91911765,Extreme Need,Consistent Need,4,,,,,,,,64.2553191489362
1400000US42003552200,42003552200,5522.0,McKeesport,,Suburban,0,969,28,661,190,4,4,6,76,58.23529412,0,21.6,52.0754717,44.7826087,52.0754717,71.8,27.94117647,0.0,61.91950464,7.038834951,5.339805825,41.055,2.99,0,0.0,0.0,0.0,0.0,40.964,119.945,23.01,0,13.0,4.0,0.0,7.0,113.036,55300.0,648.0,50000,29511.0,2.88957688338493,68.2146542827657,19.6078431372549,0.412796697626419,0.412796697626419,0.619195046439629,7.84313725490196,1.15004611485401,2.61579025705029,0.664817331647965,0.766103206404155,-0.498166211849173,0.0485687016748777,-0.45277642746263,-0.682120192929506,0.613483281759928,Moderate Need,Moderate Need,31.8,Racially Mixed,Minority Black,14.8,49.75124378,89.6,25.0,193.9393939,48.48484848,43.17718941,Extreme Need,Rapidly Lessening Need,1,,,,,,,,31.785345717234307
1400000US42003560400,42003560400,5604.0,Wilkinsburg Borough,,Suburban,0,1553,36,710,691,1,36,7,72,68.63354037,0,10.1,36.64122137,39.66942149,36.64122137,38.5,32.96089385,12.87830006,103.0264005,6.721698113,33.60849057,0.0,18.0,0,0.0,0.0,0.0,0.0,0.0,117.0,18.0,0,0.0,0.0,26.0,0.0,117.0,141700.0,1044.0,49048,24916.0,2.31809401159047,45.7179652285898,44.4945267224726,0.0643915003219575,2.31809401159047,0.450740502253702,4.63618802318094,0.101523607823581,1.34880241637304,-0.990309582985261,1.1135597438408,0.0515841796941383,0.805835262069975,-0.501129704325325,1.49754166841908,0.27569513178442,Moderate Need,Moderate Need,54.3,Majority BIPOC,Racially Mixed,16.7,33.69565217,67.1,29.89323843,34.94467094,69.88934188,20.48726467,Moderate Need,Consistent Need,4,,,42003560400.0,38300.0,"Pittsburgh, PA",3.09,3.0,54.2820347714102
1400000US42003560500,42003560500,5605.0,Wilkinsburg Borough,,Suburban,0,2193,98,1732,174,0,91,9,89,59.77653631,0,0.0,14.83870968,13.72328459,14.83870968,28.7,9.677419355,9.119927041,18.23985408,2.859292701,7.072987208,0.0,0.0,0,0.0,0.0,0.0,0.0,0.0,396.0,6.0,0,32.0,0.0,0.0,0.0,396.0,240400.0,1165.0,92056,32555.0,4.468764249886,78.9785681714546,7.9343365253078,0.0,4.14956680346557,0.410396716826265,4.05836753305974,-0.819352680959664,-0.440951968636591,-1.47740399029474,-0.498083863777425,-0.108853690920368,-0.756092853201064,-1.09002363232245,-0.548482940492685,-0.741537525730329,Very Low Need,Very Low or Low Need,21.0,Minority BIPOC,Minority Black,2.1,11.46341463,25.6,5.084745763,0.0,24.66091245,5.141579732,Very Low Need,Consistent Need,4,,,42003560500.0,38300.0,"Pittsburgh, PA",2.59,3.0,21.021431828545403
1400000US42003552300,42003552300,5523.0,McKeesport,,Suburban,0,1862,72,444,1187,6,4,10,139,14.88549618,0,28.0,52.40174672,53.52480418,52.40174672,94.9,38.4180791,32.22341568,150.3759398,14.43167305,39.20817369,0.0,92.001,0,0.0,0.0,7.0,0.0,0.0,74.0,180.999,0,0.0,0.0,0.0,0.0,74.0,33600.0,997.0,29855,25327.0,3.86680988184748,23.8453276047261,63.7486573576799,0.322234156820623,0.214822771213749,0.537056928034372,7.46509129967777,1.73357168398399,2.64257396693047,1.81296843459173,1.49129708392892,0.877390756416006,1.67810308993324,0.674396150962421,1.92930621078818,1.5586144523924,Extreme Need,High or Extreme Need,76.2,Mostly BIPOC,Majority Black,32.0,53.31010453,91.1,36.53061224,74.31490943,37.15745471,30.44469783,High Need,Deepening Need,6,,,,,,,,76.1546723952739
1400000US42003475200,42003475200,4752.0,Bethel Park Municipality,,Suburban,0,5568,130,5061,73,6,113,23,162,15.60693642,0,2.2,15.78641904,16.72331747,15.78641904,47.2,4.867573372,0.0,14.36781609,5.131637662,5.26550647,30.36,0.0,0,0.0,0.0,0.0,0.0,31.464,1349.64,0.0,0,8.0,0.0,9.0,12.0,1336.536,244700.0,1538.0,104732,51484.0,2.33477011494253,90.8943965517241,1.3110632183908,0.107758620689655,2.02945402298851,0.413074712643678,2.90948275862069,-0.618765766571235,-0.363155107114777,-0.557889037720725,-0.831013450115357,-0.498166211849173,-0.827423096681201,-0.74356332919367,-0.687849057638889,-0.634282285606591,Very Low Need,Very Low or Low Need,9.1,Minority BIPOC,Minority Black,5.2,16.62817552,51.0,8.937728938,0.0,16.73640167,9.869451697,Very Low Need,Consistent Need,4,,,,,,,,9.1056034482759
1400000US42003475301,42003475301,4753.01,Bethel Park Municipality,,Suburban,0,4460,77,4002,139,5,87,17,133,21.40430351,0,2.2,27.32600733,28.67025365,27.32600733,45.7,8.326253186,0.0,22.42152466,13.40388007,6.040564374,26.4,0.0,0,0.0,0.0,0.0,0.0,26.04,1073.6,49.0,0,11.0,17.0,0.0,32.0,1058.96,206200.0,1057.0,59390,40821.0,1.72645739910314,89.7309417040359,3.11659192825112,0.112107623318386,1.95067264573991,0.381165919282511,2.98206278026906,-0.618765766571235,0.584122391775684,-0.632444304145645,-0.591609351975781,-0.498166211849173,-0.679058593362841,0.517690424712245,-0.628088082944643,-0.274033058773821,Low Need,Very Low or Low Need,10.3,Minority BIPOC,Minority Black,1.0,12.01716738,68.7,14.72118959,0.0,28.88384568,20.71636012,Low Need,Consistent Need,4,,,,,,,,10.2690582959641
1400000US42003495000,42003495000,4950.0,Forward Township,,Suburban,0,3070,32,2892,31,0,5,12,98,11.45251397,0,1.2,33.56481481,32.44873341,33.56481481,87.4,10.50884956,6.51465798,45.60260586,13.21713871,5.374001452,10.704,0.0,0,0.0,0.0,0.0,0.0,10.704,881.296,12.0,0,0.0,0.0,0.0,0.0,881.296,159800.0,849.0,70050,43252.0,1.04234527687296,94.2019543973941,1.00977198697068,0.0,0.162866449511401,0.390879478827362,3.19218241042345,-0.709941636747794,1.09626214903504,1.44019210246713,-0.440533639675059,-0.220067723804179,-0.252019351909316,0.489218309209232,-0.67948353315318,0.200444315510723,Moderate Need,Moderate Need,5.8,Minority BIPOC,Minority Black,3.6,19.70149254,77.3,3.962703963,5.973715651,29.86857826,25.75050033,Low Need,Emerging Need,5,,,,,,,,5.798045602605896
1400000US42003521302,42003521302,5213.02,Monroeville Municipality,,Suburban,0,4516,146,2795,798,7,577,24,169,32.18390805,0,1.3,18.73977087,21.08655617,18.73977087,61.6,11.09040075,4.428697963,26.57218778,2.53101737,7.047146402,14.008,0.0,0,0.0,0.0,0.0,0.0,14.008,809.992,106.0,0,143.0,0.0,0.0,0.0,809.992,166700.0,1081.0,63524,37250.0,3.23294951284322,61.8910540301151,17.6705048715678,0.155004428697963,12.7767936226749,0.531443755535872,3.7422497785651,-0.700824049730138,-0.120716324676555,0.157841519958508,-0.40027962784072,-0.309113430981889,-0.602595549426223,-1.14007517495351,-0.550475400340491,-0.445108948235789,Low Need,Very Low or Low Need,38.1,Racially Mixed,Minority Black,9.1,19.21364985,65.8,16.39492754,4.355400697,43.55400697,17.00046577,Low Need,Consistent Need,4,,,,,,,,38.1089459698849
1400000US42003523701,42003523701,5237.01,Penn Hills Municipality,,Suburban,0,3868,64,2972,622,3,21,11,175,16.2109375,0,10.4,19.75199291,18.6802974,19.75199291,74.4,19.73550356,0.0,20.68252327,9.921962096,8.305462653,81.052,0.0,0,0.0,0.0,21.008,0.0,81.096,799.948,76.0,0,0.0,0.0,4.992,9.0,790.904,120400.0,1096.0,63371,44293.0,1.65460186142709,76.8355739400207,16.0806618407446,0.077559462254395,0.542916235780765,0.284384694932782,4.52430196483971,0.128876368876549,-0.0376236580860208,0.794046460117827,0.198120094843747,-0.498166211849173,-0.711094279190655,-0.0131912756659891,-0.453452706622668,-0.0198617858505308,Low Need,Very Low or Low Need,23.2,Minority BIPOC,Minority Black,9.5,30.12048193,77.6,14.83704974,4.80653689,24.03268445,22.53052164,Low Need,Consistent Need,4,,,,,,,,23.164426059979306
1400000US42003525200,42003525200,5252.0,Oakmont Borough,,Suburban,0,2536,39,2329,59,0,38,2,69,17.72151899,0,0.0,15.78231293,16.0887656,15.78231293,44.5,7.467532468,0.0,78.86435331,11.75166297,12.12121212,0.0,0.0,0,0.0,0.0,0.0,0.0,0.0,583.0,0.0,0,0.0,0.0,33.0,0.0,583.0,314100.0,1011.0,65464,38233.0,1.53785488958991,91.8375394321767,2.32649842271293,0.0,1.49842271293375,0.0788643533123028,2.72082018927445,-0.819352680959664,-0.363492175085767,-0.692088517285581,-0.651048580265838,-0.498166211849173,0.360724776715138,0.265779888625046,-0.159238679309206,-0.34252050001512,Low Need,Very Low or Low Need,8.2,Minority BIPOC,Minority Black,6.9,17.39837398,54.5,6.87732342,8.814455707,35.25782283,22.06494588,Low Need,Consistent Need,4,,,42003525200.0,38300.0,"Pittsburgh, PA",3.14,3.0,8.162460567823302
1400000US42003402000,42003402000,4020.0,Brackenridge Borough,,Suburban,0,3240,63,2748,218,5,20,4,182,43.866171,0,5.7,20.0220022,23.47222222,20.0220022,83.5,18.321513,0.0,80.24691358,12.70148291,18.50419084,47.85,0.0,0,0.0,0.0,0.0,0.0,47.85,777.15,0.0,0,9.0,12.0,0.0,12.0,777.15,84600.0,694.0,49388,35991.0,1.94444444444444,84.8148148148148,6.7283950617284,0.154320987654321,0.617283950617284,0.123456790123457,5.61728395061728,-0.299650220953278,-0.0154587663688666,1.24634840976234,0.100246006174296,-0.498166211849173,0.386194144768799,0.410597207288381,0.33292200673914,0.190015795546071,Moderate Need,Moderate Need,15.2,Minority BIPOC,Minority Black,9.6,19.20251836,82.2,26.90647482,6.197706848,30.98853424,21.18055556,Low Need,Emerging Need,5,,,,,,,,15.185185185185205
1400000US42003423000,42003423000,4230.0,Aspinwall Borough,,Suburban,0,2916,93,2487,56,1,172,7,100,16.08497724,0,0.0,4.8,4.858299595,4.8,24.5,13.97849462,0.0,34.29355281,1.391162029,5.89198036,0.0,0.0,0,0.0,0.0,0.0,0.0,0.0,593.0,53.0,0,98.0,0.0,0.0,0.0,593.0,367700.0,1182.0,107738,37776.0,3.18930041152263,85.2880658436214,1.92043895747599,0.0342935528120713,5.89849108367627,0.240054869684499,3.42935528120713,-0.819352680959664,-1.26502329239418,-1.68615873628452,-0.200370545337315,-0.498166211849173,-0.460353441003904,-1.31386684555973,-0.639544679225769,-0.89189882191264,Very Low Need,Very Low or Low Need,14.7,Minority BIPOC,Minority Black,3.2,22.60536398,34.2,8.298755187,7.222824124,21.66847237,12.05673759,Very Low Need,Consistent Need,4,,,42003423000.0,38300.0,"Pittsburgh, PA",2.26,2.0,14.711934156378604
1400000US42003270800,42003270800,2708.0,Pittsburgh,Brighton Heights,Urban,0,2621,73,1889,502,5,28,16,108,25.0,0,5.7,24.14529915,21.4368482,24.14529915,59.9,16.19365609,0.0,61.04540252,13.27160494,11.80555556,0.0,34.008,0,0.0,0.0,0.0,0.0,0.0,482.0,74.992,0,0.0,0.0,8.0,14.0,468.0,166900.0,925.0,88490,30006.0,2.78519648988936,72.0717283479588,19.152995040061,0.190766882869134,1.06829454406715,0.610454025181229,4.12056466997329,-0.299650220953278,0.323020070468272,0.0733455513435986,-0.0470407309346433,-0.498166211849173,0.032466091832947,0.497522676230944,-0.183577433351811,0.0116424608769525,Low Need,Very Low or Low Need,27.9,Racially Mixed,Minority Black,14.7,21.49659864,63.8,9.93883792,0.0,40.61738424,22.75179856,Low Need,Consistent Need,4,,,42003270800.0,38300.0,"Pittsburgh, PA",2.11,2.0,27.928271652041204
1400000US42003426700,42003426700,4267.0,Shaler Township,,Suburban,0,2303,62,2093,24,5,53,6,60,38.46153846,0,0.0,13.4347275,12.39892183,13.4347275,58.4,0.0,0.0,26.05297438,5.338983051,2.288135593,0.0,0.0,0,0.0,0.0,0.0,0.0,0.0,484.0,10.0,0,7.0,0.0,8.0,0.0,484.0,210300.0,971.0,81176,39161.0,2.69214068606166,90.8814589665653,1.04211897524967,0.217108119843682,2.30134607034303,0.260529743812419,2.60529743812419,-0.819352680959664,-0.556203977160127,-0.0012097150813215,-1.16793883087333,-0.498166211849173,-0.612160439630244,-0.711949754864849,-0.917419757734327,-0.623854515774102,Very Low Need,Very Low or Low Need,9.1,Minority BIPOC,Minority Black,1.7,25.4491018,70.9,10.49618321,0.0,35.58718861,16.0929432,Low Need,Persistently Lower Need,3,,,,,,,,9.118541033434695
1400000US42003426800,42003426800,4268.0,Shaler Township,,Suburban,0,5150,75,4801,44,0,78,18,134,16.13216715,0,0.0,20.47945205,19.89606533,20.47945205,66.3,7.461809636,3.883495146,7.766990291,6.781279847,1.7669532,0.0,0.0,0,0.0,0.0,0.0,0.0,0.0,1686.0,0.0,0,0.0,12.0,4.0,34.0,1664.0,236300.0,,99605,51864.0,1.45631067961165,93.2233009708738,0.854368932038835,0.0,1.51456310679612,0.349514563106796,2.60194174757282,-0.819352680959664,0.022093002280569,0.391448021423258,-0.651444705234741,-0.332387113123153,-0.949022758830342,-0.492045385713113,-0.957605616930674,-0.40438737430817,Low Need,Very Low or Low Need,6.8,Minority BIPOC,Minority Black,2.6,14.65346535,61.6,6.708715596,0.0,7.001575354,10.67615658,Very Low Need,Persistently Lower Need,3,,,,,,,,6.776699029126206
1400000US42003406000,42003406000,4060.0,Fawn Township,,Suburban,0,2210,18,2116,7,0,11,9,49,15.86538462,0,4.3,18.98734177,17.07317073,18.98734177,71.7,11.16207951,18.09954751,36.19909502,7.958115183,1.989528796,27.72,0.0,0,0.0,0.0,0.0,0.0,27.72,602.28,0.0,5,0.0,4.0,15.0,4.0,602.28,185800.0,877.0,75125,36630.0,0.81447963800905,95.7466063348416,0.316742081447964,0.0,0.497737556561086,0.407239819004525,2.21719457013575,-0.427296439200461,-0.100393386192407,0.65984698055297,-0.395318142587271,0.274469406518246,-0.425249759130943,-0.312615442530635,-0.940443886830941,-0.1037938260815,Low Need,Very Low or Low Need,4.3,Minority BIPOC,Minority Black,3.0,11.85495119,82.0,3.982930299,0.0,17.12328767,20.25316456,Low Need,Consistent Need,4,,,,,,,,4.253393665158399
1400000US42003405000,42003405000,4050.0,Frazer Township,,Suburban,0,1161,16,1090,2,3,6,0,44,21.24352332,0,4.0,12.67217631,12.26415094,12.67217631,73.6,14.09395973,0.0,51.67958656,9.978308026,3.904555315,11.92,0.0,0,0.0,0.0,0.0,0.0,11.92,286.08,0.0,0,0.0,0.0,0.0,0.0,286.08,175400.0,840.0,83750,39582.0,1.37812230835487,93.8845822566753,0.172265288544358,0.258397932816538,0.516795865633075,0.0,3.78983634797588,-0.454649200253428,-0.61880132170015,0.754283651357869,-0.192378241333271,-0.498166211849173,-0.140069904596405,-0.004600314204186,-0.792785433507473,-0.164911648939821,Low Need,Very Low or Low Need,6.1,Minority BIPOC,Minority Black,4.0,10.46511628,83.0,4.290429043,18.4501845,36.900369,27.90697674,Low Need,Consistent Need,4,,,,,,,,6.115417743324699
1400000US42003429400,42003429400,4294.0,Ross Township,,Suburban,0,4498,92,4090,61,0,61,15,179,25.12254902,0,5.9,13.27503975,11.37566138,13.27503975,48.2,6.945606695,0.0,22.23210316,8.393956351,1.510912143,60.791,0.0,0,0.0,0.0,9.99,0.0,60.791,1086.209,14.0,0,7.0,0.0,17.01,7.0,1086.209,249100.0,896.0,89083,41965.0,2.0453534904402,90.9293019119609,1.35615829257448,0.0,1.35615829257448,0.33348154735438,3.9795464650956,-0.281415046917966,-0.569312643485297,-0.508185526770778,-0.687175419320176,-0.498166211849173,-0.682548094692701,-0.246163532379269,-0.977347707230117,-0.49613806791648,Low Need,Very Low or Low Need,9.1,Minority BIPOC,Minority Black,3.8,15.74564724,60.9,14.58501209,0.0,18.16942993,10.41331186,Very Low Need,Persistently Lower Need,3,,,,,,,,9.070698088039094
1400000US42003428100,42003428100,4281.0,Reserve Township,,Suburban,0,1187,21,1093,11,2,6,4,50,22.22222222,0,2.3,16.62817552,16.94117647,16.62817552,72.9,10.14084507,0.0,50.54759899,6.776556777,2.380952381,8.064,0.0,0,0.0,0.0,0.0,0.0,8.064,327.936,0.0,0,6.0,6.0,7.0,6.0,327.936,147700.0,991.0,79500,47132.0,1.76916596461668,92.0808761583825,0.92670598146588,0.16849199663016,0.50547598989048,0.33698399326032,4.212299915754,-0.609648179553579,-0.294055850450635,0.719491193692906,-0.466006302013778,-0.498166211849173,-0.160923250868607,-0.492765503605415,-0.910263103127952,-0.257439157806897,Low Need,Very Low or Low Need,7.9,Minority BIPOC,Minority Black,6.5,23.24455206,81.3,7.73993808,0.0,33.33333333,33.26771654,Low Need,Consistent Need,4,,,42003428100.0,38300.0,"Pittsburgh, PA",3.0,3.0,7.919123841617505
1400000US42003429700,42003429700,4297.0,Ross Township,,Suburban,0,2370,26,2131,92,0,24,18,79,30.43478261,0,10.3,16.87170475,13.10861423,16.87170475,72.5,10.49382716,0.0,8.438818565,13.73134328,5.771144279,56.07,11.0,0,0.0,0.0,0.0,0.0,56.07,573.93,0.0,0,0.0,0.0,7.0,0.0,573.93,186000.0,967.0,56103,39543.0,1.09704641350211,89.915611814346,3.88185654008439,0.0,1.0126582278481,0.759493670886076,3.33333333333333,0.119758781858893,-0.274064690098664,0.699609789312927,-0.441573465365004,-0.498166211849173,-0.93664641477457,0.567618144731566,-0.648861766299553,-0.109066295169146,Low Need,Very Low or Low Need,10.1,Minority BIPOC,Minority Black,1.8,5.236486486,65.9,9.60960961,0.0,16.53575858,15.88345865,Very Low Need,Persistently Lower Need,3,,,42003429700.0,38300.0,"Pittsburgh, PA",2.34,2.0,10.084388185654007
1400000US42003430100,42003430100,4301.0,West View Borough,,Suburban,0,2134,53,1876,67,5,27,10,96,30.52109181,0,14.6,7.552870091,7.599309154,7.552870091,69.9,16.53696498,0.0,28.11621368,7.395833333,12.70833333,74.798,0.0,0,0.0,0.0,0.0,0.0,74.798,427.202,0.0,0,0.0,8.0,4.0,0.0,427.202,185500.0,938.0,71136,36167.0,2.48359887535145,87.9100281162137,3.13964386129335,0.234301780693533,1.26522961574508,0.468603561387066,4.49859418931584,0.511815023618096,-1.0390419290181,0.570380660843066,-0.0232774571961889,-0.498166211849173,-0.574151679900388,-0.39834553348878,-0.113968596142277,-0.207255303855924,Low Need,Very Low or Low Need,12.1,Minority BIPOC,Minority Black,6.4,12.5,64.5,19.5329087,9.438414346,84.94572912,16.91022965,Low Need,Consistent Need,4,,,42003430100.0,38300.0,"Pittsburgh, PA",2.0,2.0,12.089971883786305
1400000US42003281400,42003281400,2814.0,Pittsburgh,Crafton Heights,Urban,0,2552,65,1245,951,5,52,36,198,23.38129496,0,29.5,33.77926421,35.00866551,33.77926421,72.6,36.2654321,7.836990596,31.34796238,8.021877849,18.23154057,50.05,141.12,0,0.0,0.0,0.0,0.0,50.05,334.95,103.88,0,0.0,0.0,18.0,0.0,334.95,123300.0,995.0,37533,25817.0,2.54702194357367,48.7852664576803,37.2648902821317,0.195924764890282,2.03761755485893,1.41065830721003,7.75862068965517,1.87033548924883,1.11386616454802,0.704580140407922,1.34229441777815,-0.163619833165693,-0.514616772899742,-0.302893664820908,0.311899260178195,0.578563705870939,Moderate Need,Moderate Need,51.2,Majority BIPOC,Racially Mixed,34.6,21.67414051,76.2,46.26647145,29.41176471,44.11764706,23.29020333,Moderate Need,Consistent Need,4,,,42003281400.0,38300.0,"Pittsburgh, PA",2.69,3.0,51.2147335423197
1400000US42003281500,42003281500,2815.0,Pittsburgh,Crafton Heights,Urban,0,1447,30,1012,303,3,15,11,73,7.728337237,0,18.4,16.17647059,16.56626506,16.17647059,67.4,32.47126437,13.82170007,82.93020041,9.139784946,16.12903226,21.012,43.056,0,0.0,0.0,0.0,0.0,21.012,182.988,73.944,0,0.0,8.0,19.0,0.0,182.988,91200.0,1215.0,63056,30711.0,2.07325501036628,69.937802349689,20.9398756046994,0.207325501036628,1.03662750518314,0.760193503800968,5.0449205252246,0.85828333028902,-0.331136022253444,0.446121883468199,1.07966840078919,0.0918561505647613,0.435625349577547,-0.132448403056607,0.149784990702462,0.349710098482667,Moderate Need,Moderate Need,30.1,Racially Mixed,Minority Black,1.2,16.15925059,77.7,8.259587021,0.0,81.46639511,17.8041543,Low Need,Emerging Need,5,,,42003281500.0,38300.0,"Pittsburgh, PA",2.08,2.0,30.062197650311006
1400000US42003290200,42003290200,2902.0,Pittsburgh,Carrick,Urban,0,4141,157,2647,708,2,355,32,240,21.20765832,0,13.9,42.11956522,39.8019802,42.11956522,77.8,22.22222222,9.659502536,77.27602028,7.583682008,31.06694561,65.964,58.996,0,14.027,0.0,0.0,0.0,65.964,651.036,113.004,0,68.973,0.0,27.0,7.0,651.036,82100.0,829.0,41321,33575.0,3.79135474523062,63.9217580294615,17.0973194880464,0.0482975126780971,8.57280850036223,0.772760202849553,5.79570152137165,0.447991914494505,1.79851619557147,0.963038397347645,0.370246648945222,-0.0858202285642015,0.331464686279547,-0.369704587681767,1.30157540156987,0.493676146627489,Moderate Need,Moderate Need,36.1,Racially Mixed,Minority Black,10.3,20.04573171,80.5,14.5177665,9.557945042,95.57945042,20.9223847,Moderate Need,Consistent Need,4,,,42003290200.0,38300.0,"Pittsburgh, PA",2.45,2.0,36.0782419705385
1400000US42003410000,42003410000,4100.0,Bradford Woods Borough,,Suburban,0,1183,25,1087,5,3,16,7,40,9.192200557,0,2.6,5.405405405,5.555555556,5.405405405,29.0,10.91954023,0.0,0.0,4.384133612,2.713987474,9.126,0.0,0,0.0,0.0,0.0,0.0,9.126,328.874,3.0,0,7.0,0.0,0.0,0.0,328.874,448000.0,531.0,165568,69332.0,2.11327134404057,91.8850380388842,0.422654268808115,0.253592561284869,1.35249366018597,0.591715976331361,3.38123415046492,-0.582295418500611,-1.21532594588138,-1.46249293700976,-0.412106310534123,-0.498166211849173,-1.09210537062179,-0.857533912092765,-0.884584374271238,-0.874289443784228,Very Low Need,Very Low or Low Need,8.1,Minority BIPOC,Minority Black,0.0,24.48979592,33.9,5.93220339,0.0,0.0,2.547770701,Very Low Need,Consistent Need,4,,,,,,,,8.114961961115796
1400000US42003413400,42003413400,4134.0,McCandless Township,,Suburban,0,4517,93,3902,60,2,278,13,169,14.38914027,0,0.0,10.35996488,10.07393715,10.35996488,34.8,5.307050796,0.0,8.855435023,1.750150875,7.845503923,0.0,0.0,0,0.0,0.0,0.0,0.0,0.0,1233.0,0.0,0,47.0,0.0,39.0,34.0,1228.0,302100.0,2077.0,121510,47791.0,2.05888864290458,86.38476865176,1.32831525348683,0.0442771751162276,6.15452734115563,0.287801638255479,3.74142129732123,-0.819352680959664,-0.808609294504034,-1.17421257350006,-0.800593549458596,-0.498166211849173,-0.928971553767597,-1.25913246916017,-0.48891790461893,-0.8984340475999,Very Low Need,Very Low or Low Need,13.6,Minority BIPOC,Minority Black,2.2,13.02037201,42.7,4.545454545,0.0,4.675081814,11.01643335,Very Low Need,Consistent Need,4,,,,,,,,13.615231348240002
1400000US42003416000,42003416000,4160.0,Springdale Township,,Suburban,0,1540,24,1443,10,3,3,4,53,35.23316062,0,6.3,17.65913758,18.38565022,17.65913758,75.6,9.459459459,12.98701299,25.97402597,7.123655914,4.838709677,23.155,0.0,0,0.0,0.0,4.995,0.0,22.99,397.845,0.0,0,3.0,5.0,10.005,8.0,395.01,127100.0,987.0,58654,35076.0,1.55844155844156,93.7012987012987,0.649350649350649,0.194805194805195,0.194805194805195,0.25974025974026,3.44155844155844,-0.244944698847343,-0.209424827479558,0.853690673257762,-0.513170687403382,0.0562249300691781,-0.613614818260365,-0.439843929511385,-0.720757298706331,-0.158726194025013,Low Need,Very Low or Low Need,6.3,Minority BIPOC,Minority Black,10.0,19.19831224,80.0,12.98405467,0.0,24.37538087,24.15865385,Low Need,Consistent Need,4,,,,,,,,6.298701298701303
1400000US42003300100,42003300100,3001.0,Pittsburgh,Knoxville,Urban,0,3493,157,1138,1776,17,89,41,275,5.828779599,0,16.4,25.11848341,25.64935065,25.11848341,78.1,36.27002288,80.16032064,229.0294875,8.279337653,30.74154068,75.945,48.925,0,0.0,0.0,18.004,0.0,75.945,229.055,426.075,0,44.0,22.0,9.996,22.0,229.055,71800.0,1145.0,47093,24118.0,4.49470369310049,32.5794446034927,50.8445462353278,0.486687661036358,2.54795304895505,1.17377612367592,7.87288863441168,0.675931589935903,0.402908150407072,0.977949450632629,1.34261218397935,2.9237270079674,3.12704980029792,-0.263639236788088,1.27648499776036,1.31236270663317,High Need,High or Extreme Need,67.4,Majority BIPOC,Racially Mixed,23.9,42.78131635,86.7,40.88669951,65.37890045,106.9836553,22.64833575,High Need,Consistent Need,4,,,42003300100.0,38300.0,"Pittsburgh, PA",2.43,2.0,67.4205553965073
1400000US42003508000,42003508000,5080.0,Wilmerding Borough,,Suburban,0,1781,59,934,663,5,8,10,102,1.840490798,0,16.9,20.99009901,26.5,20.99009901,83.6,36.93931398,11.22964627,145.9854015,20.91121495,28.27102804,29.945,33.972,0,0.0,0.0,0.0,0.0,29.945,235.055,80.028,0,0.0,0.0,0.0,0.0,235.055,62500.0,793.0,36161,26169.0,3.31274564851207,52.442448062886,37.2262773722628,0.280741156653565,0.449185850645705,0.561482313307131,5.72711959573273,0.721519525024182,0.0640116880194707,1.25131876085734,1.38893940731461,-0.0187937476991659,1.59722109271196,1.66232011908288,1.08599569031778,0.952362406473038,High Need,High or Extreme Need,47.6,Racially Mixed,Racially Mixed,32.8,41.51329243,88.3,55.75,20.04008016,120.240481,26.78762006,High Need,Consistent Need,4,,,,,,,,47.557551937114
1400000US42003486900,42003486900,4869.0,Duquesne,,Suburban,0,1389,26,435,805,3,2,15,103,15.09054326,0,29.6,58.14977974,59.72850679,58.14977974,87.0,45.73170732,43.19654428,86.39308855,11.19873817,17.50788644,39.06,41.028,0,0.0,0.0,17.02,0.0,39.06,86.94,114.972,0,0.0,0.0,28.98,0.0,86.94,51400.0,814.0,43207,24559.0,1.87185025197984,31.317494600432,57.9553635709143,0.215982721382289,0.143988480921526,1.07991360691145,7.4154067674586,1.87945307626648,3.11442635939788,1.42031069808715,1.99753433695533,1.34581296402103,0.4994182810541,0.181476450061247,0.256101782432175,1.49120459512046,High Need,High or Extreme Need,68.7,Majority BIPOC,Majority Black,33.1,52.95857988,88.7,50.74626866,52.73566249,52.73566249,30.37037037,High Need,Consistent Need,4,,,42003486900.0,38300.0,"Pittsburgh, PA",3.47,4.0,68.682505399568
1400000US42003483800,42003483800,4838.0,Homestead Borough,,Suburban,0,2884,94,804,1742,2,54,26,162,40.04106776,0,18.5,21.3559322,21.3559322,21.3559322,85.4,29.43089431,55.47850208,76.28294036,24.84177215,37.10443038,29.032,85.186,0,0.0,0.0,0.0,0.0,29.032,161.968,296.814,0,30.0,12.0,0.0,12.0,161.968,75600.0,924.0,29306,23072.0,3.25936199722607,27.877947295423,60.4022191400832,0.0693481276005548,1.87239944521498,0.901525658807212,5.61719833564494,0.867400917306676,0.094042703037106,1.34078508056724,0.869219012187627,1.87010662685004,0.313170280937508,2.26160502623787,1.76709671642233,1.0880470924463,High Need,High or Extreme Need,72.1,Majority BIPOC,Majority Black,25.5,36.58536585,85.4,43.39869281,44.40215668,95.14747859,37.27598566,High Need,Consistent Need,4,,,42003483800.0,38300.0,"Pittsburgh, PA",3.92,4.0,72.122052704577
1400000US42003487000,42003487000,4870.0,Dravosburg Borough,,Suburban,0,1612,20,1374,130,5,7,5,71,27.98165138,0,12.0,22.265625,20.16460905,22.265625,81.9,14.3902439,0.0,99.25558313,20.29161604,9.963547995,48.891,0.0,0,0.0,0.0,0.0,0.0,49.01,330.109,8.0,5,0.0,12.0,6.0,20.0,327.99,92700.0,565.0,43208,41685.0,1.24069478908189,85.2357320099256,8.06451612903226,0.310173697270472,0.43424317617866,0.310173697270472,4.40446650124069,0.274757761159043,0.168718809210618,1.16682279224243,-0.171869940962486,-0.498166211849173,0.736369693339532,1.56785100023818,-0.325605747508033,0.463497700482591,Moderate Need,Moderate Need,14.8,Minority BIPOC,Minority Black,11.8,21.16935484,76.6,17.13062099,0.0,45.37719796,22.80701754,Low Need,Emerging Need,5,,,,,,,,14.764267990074401
1400000US42003488200,42003488200,4882.0,West Mifflin Borough,,Suburban,0,3441,89,2362,815,4,13,26,132,17.62854145,0,17.6,35.77981651,34.08423115,35.77981651,87.8,24.72067039,29.06131938,34.87358326,12.88580247,12.5,69.96,38.995,0,0.0,6.0,11.001,6.004,69.776,566.04,16.005,0,0.0,0.0,7.999,12.996,553.224,95500.0,846.0,58125,31704.0,2.5864574251671,68.6428363847719,23.6849752978785,0.1162452775356,0.3777971519907,0.755594303981401,3.8360941586748,0.785342634147774,1.27809023663089,1.46007350684711,0.543185100335312,0.742406816693867,-0.449668186021581,0.438700075350306,-0.130032173841238,0.685447169140525,High Need,High or Extreme Need,31.4,Racially Mixed,Minority Black,17.3,28.32764505,76.5,28.31325301,17.11351968,17.11351968,30.76323988,Moderate Need,Deepening Need,6,,,42003488200.0,38300.0,"Pittsburgh, PA",4.0,4.0,31.357163615228103
1400000US42003492900,42003492900,4929.0,Clairton,,Suburban,0,1897,66,1095,579,2,8,16,131,11.62790698,0,19.4,30.89005236,33.26612903,30.89005236,80.7,26.2755102,10.54296257,31.62888772,20.09029345,19.0744921,60.116,16.048,0,0.0,0.0,0.0,0.0,60.116,205.884,101.952,0,0.0,0.0,8.0,0.0,205.884,65300.0,873.0,44038,36310.0,3.47917764891935,57.7227200843437,30.5218766473379,0.105429625724829,0.421718502899315,0.843437005798629,6.90564048497628,0.949459200465579,0.876692592471413,1.10717857910249,0.650808541209437,-0.0481069824570622,-0.509441598236246,1.53715571111826,0.376895184731473,0.651963720524839,Moderate Need,Moderate Need,42.3,Racially Mixed,Racially Mixed,9.1,28.02893309,84.6,25.71428571,18.53568119,55.60704356,17.28665208,Moderate Need,Consistent Need,4,,,,,,,,42.2772799156563
1400000US42003485000,42003485000,4850.0,Whitaker Borough,,Suburban,0,1179,37,868,188,0,6,9,71,25.45454545,0,15.5,28.57142857,30.14492754,28.57142857,83.4,20.68965517,16.96352841,84.81764207,17.78169014,14.61267606,36.081,0.0,0,0.0,0.0,0.0,10.0,25.921,134.919,45.0,4,0.0,0.0,12.0,0.0,135.079,84100.0,1034.0,59242,26915.0,3.13825275657337,73.6217133163698,15.9457167090755,0.0,0.508905852417303,0.763358778625954,6.02205258693808,0.593873306777,0.686358233093751,1.24137805866735,0.264164891692488,0.225974889220465,0.470395585177006,1.18516716346627,0.0328660817693515,0.666758875442047,Moderate Need,Moderate Need,26.4,Racially Mixed,Minority Black,11.7,24.20537897,88.9,27.93103448,0.0,0.0,22.05323194,Low Need,Emerging Need,5,,,42003485000.0,38300.0,"Pittsburgh, PA",3.99,4.0,26.378286683630193
1400000US42003489001,42003489001,4890.01,Pleasant Hills Borough,,Suburban,0,4703,79,4184,170,3,136,9,122,25.32188841,0,2.7,14.11609499,8.832807571,14.11609499,66.1,9.733840304,0.0,21.2630236,6.386213887,4.206791688,36.102,0.0,0,0.0,0.0,0.0,0.0,36.244,1057.898,98.0,0,82.0,0.0,41.0,55.0,1029.756,205700.0,1375.0,90781,51030.0,1.67977886455454,88.9644907505847,3.61471401233255,0.0637890708058686,2.89177120986604,0.191367212417606,2.59408887943866,-0.573177831482955,-0.500270951168914,0.381507319233268,-0.494178498974112,-0.498166211849173,-0.700400368132411,-0.55228037406507,-0.769481445321148,-0.419566702348481,Low Need,Very Low or Low Need,11.0,Minority BIPOC,Minority Black,7.6,19.7171381,65.2,5.848434926,0.0,13.39883877,20.93810445,Low Need,Consistent Need,4,,,,,,,,11.035509249415298
1400000US42003494000,42003494000,4940.0,Elizabeth Borough,,Suburban,0,1398,23,1204,74,0,2,6,89,25.82781457,0,16.6,19.20374707,21.98795181,19.20374707,77.8,21.03321033,0.0,42.91845494,16.36363636,15.04132231,37.901,3.996,0,3.0,0.0,0.0,4.0,34.086,213.099,5.004,0,0.0,0.0,8.0,0.0,212.914,103000.0,716.0,45324,36301.0,1.64520743919886,86.1230329041488,5.29327610872675,0.0,0.143061516452074,0.429184549356223,6.36623748211731,0.694166763971215,-0.0826288120863893,0.963038397347645,0.28794521183316,-0.498166211849173,-0.301466474885771,0.968959082869433,0.0659169255409332,0.290263993885731,Moderate Need,Moderate Need,13.9,Minority BIPOC,Minority Black,15.2,27.51842752,85.8,23.84823848,0.0,56.85856432,27.51572327,Moderate Need,Consistent Need,4,,,,,,,,13.8769670958512
1400000US42003480101,42003480101,4801.01,Baldwin Borough,,Suburban,0,5975,119,3481,654,6,1513,25,177,28.50953206,0,11.3,21.066957,21.15384615,21.066957,68.0,20.59259259,3.347280335,16.73640167,15.71977787,19.00897053,36.231,14.965,0,45.105,56.0,0.0,0.0,36.231,892.769,58.035,0,245.895,0.0,1.0,0.0,892.769,202700.0,1042.0,51631,35521.0,1.99163179916318,58.2594142259414,10.9456066945607,0.100418410041841,25.3221757322176,0.418410041841004,2.96234309623431,0.210934652035452,0.0703209117722832,0.475943990038167,0.257446380388279,-0.355277114204443,-0.783789282508592,0.870791149986887,0.371843132663506,0.106624383929719,Moderate Need,Moderate Need,41.7,Racially Mixed,Minority Black,3.7,15.70408825,71.7,22.40726722,0.0,37.95066414,18.55432781,Low Need,Emerging Need,5,,,,,,,,41.7405857740586
1400000US42003486700,42003486700,4867.0,Duquesne,,Suburban,0,2212,88,830,1153,0,6,13,122,6.682577566,0,9.3,21.26623377,24.03669725,21.26623377,93.8,50.61425061,18.08318264,162.7486438,21.14164905,52.74841438,21.06,17.0,0,0.0,0.0,0.0,0.0,21.06,173.94,108.0,0,0.0,0.0,87.0,0.0,173.94,64300.0,633.0,39662,25390.0,3.97830018083183,37.5226039783002,52.124773960217,0.0,0.27124773960217,0.587703435804702,5.51537070524412,0.0285829116823341,0.0866794156918862,1.75829457254679,2.33549591068598,0.273770821017975,1.90603163585839,1.69745398718276,2.97332882774752,1.15518703638087,High Need,High or Extreme Need,62.5,Majority BIPOC,Majority Black,46.1,42.24343675,80.8,52.55972696,9.074410163,54.44646098,34.54367026,High Need,Consistent Need,4,,,42003486700.0,38300.0,"Pittsburgh, PA",3.45,4.0,62.4773960216998
1400000US42003498000,42003498000,4980.0,Liberty Borough,,Suburban,0,2355,32,2172,45,0,5,5,96,12.41050119,0,2.2,15.80698835,16.7844523,15.80698835,72.3,19.29824561,0.0,16.985138,7.162790698,3.906976744,15.295,0.0,0,0.0,0.0,0.0,0.0,15.295,649.705,5.0,0,3.0,7.0,4.0,0.0,649.705,96200.0,786.0,70750,37313.0,1.3588110403397,92.2292993630573,1.91082802547771,0.0,0.212314225053079,0.212314225053079,4.07643312101911,-0.618765766571235,-0.36146658547596,0.689669087122938,0.167853822507584,-0.498166211849173,-0.779207090126421,-0.433877120175556,-0.792598728802642,-0.261994266366832,Low Need,Very Low or Low Need,7.8,Minority BIPOC,Minority Black,7.6,25.35760728,82.7,17.83166904,0.0,23.72479241,17.4714662,Low Need,Consistent Need,4,,,,,,,,7.770700636942706
1400000US42003499300,42003499300,4993.0,Glassport Borough,,Suburban,0,1678,46,1454,81,5,6,21,65,23.21428571,0,3.7,17.23446894,15.24663677,17.23446894,85.9,27.51322751,0.0,59.59475566,9.913793103,13.2183908,13.984,0.0,0,0.0,0.0,0.0,0.0,13.984,354.016,0.0,0,0.0,0.0,10.0,0.0,354.016,90600.0,745.0,50729,39056.0,2.74135876042908,86.6507747318236,4.82717520858164,0.297973778307509,0.357568533969011,1.25148986889154,3.87365911799762,-0.482001961306396,-0.244285607348544,1.36563683604221,0.736481286964298,-0.498166211849173,0.0057424403618783,-0.0144367871704533,-0.0746405260716811,0.124138570813403,Moderate Need,Moderate Need,13.3,Minority BIPOC,Minority Black,16.3,22.05567452,86.7,15.65217391,0.0,46.26951995,22.70861833,Moderate Need,Consistent Need,4,,,,,,,,13.349225268176397
1400000US42003499400,42003499400,4994.0,Glassport Borough,,Suburban,0,2797,82,2193,317,6,10,10,179,14.76190476,0,12.9,23.80396733,25.92592593,23.80396733,86.9,22.79411765,0.0,143.0103683,16.62125341,4.08719346,37.1,29.998,0,0.0,0.0,21.0,0.0,36.938,492.9,76.002,9,0.0,0.0,14.0,54.0,469.062,67500.0,886.0,47202,33693.0,2.93171254915981,78.4054343939936,11.3335716839471,0.214515552377547,0.357525920629246,0.357525920629246,6.3997139792635,0.356816044317946,0.295000357406106,1.41534034699216,0.409832305037208,-0.498166211849173,1.54241536945574,1.00823748591386,-0.778703087523747,0.647067956753408,Moderate Need,Moderate Need,21.6,Minority BIPOC,Minority Black,9.2,25.24377031,85.9,29.17341977,0.0,118.255728,28.2742681,Moderate Need,Consistent Need,4,,,,,,,,21.594565606006398
1400000US42003500300,42003500300,5003.0,Port Vue Borough,,Suburban,0,3680,84,3190,152,5,12,31,206,14.14701803,0,6.1,18.54480923,18.77807727,18.54480923,83.4,23.95833333,0.0,70.65217391,14.4284822,3.685196752,59.214,0.0,0,0.0,0.0,0.0,0.0,59.04,774.786,0.0,0,9.0,18.0,99.0,14.0,760.96,71300.0,975.0,61422,38476.0,2.28260869565217,86.6847826086957,4.1304347826087,0.135869565217391,0.326086956521739,0.842391304347826,5.59782608695652,-0.263179872882655,-0.136720602305664,1.24137805866735,0.490417389491155,-0.498166211849173,0.209440941789602,0.673909647866627,-0.80969911371737,0.245297050111034,Moderate Need,Moderate Need,13.3,Minority BIPOC,Minority Black,4.8,14.17244797,87.4,14.16666667,5.337603416,5.337603416,33.02801724,Low Need,Emerging Need,5,,,,,,,,13.315217391304301
1400000US42003501000,42003501000,5010.0,Versailles Borough,,Suburban,0,1476,37,1158,193,3,4,14,67,10.0,0,12.5,27.25409836,27.0212766,27.25409836,91.4,22.88828338,13.5501355,81.30081301,13.34981459,14.95673671,45.9,0.0,0,0.0,0.0,0.0,0.0,45.9,294.1,27.0,0,0.0,0.0,0.0,0.0,294.1,77100.0,811.0,41382,29141.0,2.50677506775068,78.4552845528455,13.0758807588076,0.203252032520325,0.2710027100271,0.948509485094851,4.53929539295393,0.320345696247323,0.578219429942252,1.63900614626692,0.416350301174072,0.0802635701782789,0.40560896020698,0.509447159314125,0.0593949381190777,0.56417732333285,Moderate Need,Moderate Need,21.5,Minority BIPOC,Minority Black,12.9,34.85148515,89.0,24.70023981,23.69668246,35.5450237,32.26600985,Moderate Need,Consistent Need,4,,,,,,,,21.544715447154502
1400000US42003489002,42003489002,4890.02,Pleasant Hills Borough,,Suburban,0,3801,69,3290,94,1,221,13,113,22.59475219,0,1.7,9.641025641,7.786429366,9.641025641,58.0,10.2398524,0.0,21.04709287,8.560558022,8.623969562,10.39,0.0,0,7.992,0.0,0.0,0.0,10.26,1028.61,27.0,0,10.008,0.0,0.0,13.0,1015.74,228000.0,1028.0,82482,39693.0,1.81531176006314,86.5561694290976,2.47303341225993,0.0263088660878716,5.81425940541963,0.342015259142331,2.97290186792949,-0.664353701659514,-0.867626561590097,-0.0210911194613001,-0.45915317833002,-0.498166211849173,-0.704378219482404,-0.220762078626833,-0.42889417592392,-0.490790152999906,Low Need,Very Low or Low Need,13.4,Minority BIPOC,Minority Black,3.1,15.02347418,52.2,3.012633625,0.0,37.36322391,12.14099217,Very Low Need,Persistently Lower Need,3,,,,,,,,13.443830570902406
1400000US42003480102,42003480102,4801.02,Baldwin Borough,,Suburban,0,3121,48,2688,67,2,219,4,93,25.2782194,0,3.6,14.09796894,10.01317523,14.09796894,71.4,14.03508772,6.408202499,32.0410125,7.425343019,5.972558515,0.0,24.0,0,7.011,0.0,0.0,0.0,0.0,751.0,0.0,0,33.989,29.0,10.0,0.0,751.0,180900.0,1037.0,82396,45698.0,1.53796859980775,86.1262415892342,2.14674783723166,0.0640820249919897,7.01698173662288,0.128164049983979,2.97981416212752,-0.491119548324052,-0.501758907140761,0.644935927267986,-0.196453264526417,-0.224612107930113,-0.501849482410544,-0.393846245338315,-0.63333168654869,-0.237814804057459,Low Need,Very Low or Low Need,13.9,Minority BIPOC,Minority Black,4.2,24.71443406,76.4,7.897664071,0.0,25.51834131,21.91673213,Low Need,Consistent Need,4,,,,,,,,13.873758410765802
1400000US42003481000,42003481000,4810.0,Mount Oliver Borough,,Suburban,0,3394,184,1567,1249,8,136,19,231,10.0,0,21.5,33.71970495,33.03867403,33.71970495,83.1,31.98707593,41.24926341,218.0318209,20.76764907,46.19602467,53.978,72.068,0,0.0,0.0,7.0,23.0,31.164,340.022,99.932,0,32.0,14.0,0.0,0.0,339.836,71100.0,1035.0,35640,31242.0,5.42133176193282,46.1697112551562,36.8002357100766,0.235710076605775,4.00707130229817,0.559811431938715,6.80612846199175,1.14092852783635,1.1089769825919,1.22646700538236,1.04615367753016,1.26268720862321,2.92445203697087,1.64043089048536,2.46810567780574,1.47858518991717,High Need,High or Extreme Need,53.8,Majority BIPOC,Racially Mixed,28.6,41.67497507,85.1,46.22516556,23.78121284,112.960761,30.4,High Need,Consistent Need,4,,,42003481000.0,38300.0,"Pittsburgh, PA",2.34,2.0,53.8302887448438
1400000US42003551900,42003551900,5519.0,McKeesport,,Suburban,0,1330,77,648,531,1,1,13,59,13.82716049,0,46.1,57.82122905,61.79104478,57.82122905,98.3,53.63636364,75.18796992,270.6766917,34.7767253,60.2165088,129.048,22.991,0,0.0,0.0,0.0,0.0,129.048,98.952,60.009,0,0.0,0.0,19.0,19.0,98.952,53300.0,609.0,14063,28836.0,5.78947368421053,48.7218045112782,39.9248120300752,0.075187969924812,0.075187969924812,0.977443609022556,4.43609022556391,3.3838549341797,3.08745584120776,1.98196037182155,2.54468157785714,2.71146671410291,3.89426985948257,3.77636926274027,3.54915754885925,3.05429408019884,Extreme Need,High or Extreme Need,51.3,Majority BIPOC,Racially Mixed,56.4,68.72659176,96.5,52.50965251,35.65062389,71.30124777,56.25657203,Extreme Need,Consistent Need,4,,,,,,,,51.2781954887218
1400000US42003484500,42003484500,4845.0,Munhall Borough,,Suburban,0,5614,120,5047,220,0,34,30,163,15.06849315,0,12.8,16.27056673,12.75862069,16.27056673,73.3,15.98566308,0.0,49.87531172,16.13025369,14.12343809,156.522,22.0,0,0.0,0.0,0.0,0.0,156.522,1216.478,0.0,0,0.0,0.0,0.0,0.0,1216.478,111600.0,547.0,51129,39904.0,2.1375133594585,89.9002493765586,3.91877449234058,0.0,0.605628785179907,0.534378339864624,2.90345564659779,0.34769845730029,-0.3234117296778,0.739372598072885,-0.061437663190942,-0.498166211849173,-0.173308050496489,0.933375651664682,-0.0048566971272229,0.137731864546208,Moderate Need,Moderate Need,10.1,Minority BIPOC,Minority Black,5.9,17.17579251,72.1,13.77005348,6.858710562,51.44032922,18.46846847,Low Need,Emerging Need,5,,,42003484500.0,38300.0,"Pittsburgh, PA",2.66,3.0,10.099750623441395
1400000US42003562500,42003562500,5625.0,Pittsburgh,Esplen-Sheraden,Urban,0,2919,59,983,1564,7,20,65,221,37.79193206,0,18.7,37.57159221,33.14840499,37.57159221,72.4,34.8583878,34.25830764,123.3299075,13.98667935,31.77925785,36.025,50.065,0,0.0,0.0,0.0,24.012,11.984,94.975,272.935,0,0.0,5.0,0.0,4.988,95.016,82800.0,894.0,42292,26991.0,2.02124015073655,33.6759164097294,53.5799931483385,0.239808153477218,0.685166152792052,2.22678999657417,7.57108598835217,0.885636091341988,1.42517596976225,0.694639438217933,1.24490113774094,0.964256464354662,1.17986415888115,0.606548770904179,1.35649836091181,1.00014600445759,High Need,High or Extreme Need,66.3,Majority BIPOC,Majority Black,20.9,20.6097561,78.9,35.63909774,45.87155963,107.0336391,23.34241599,High Need,Consistent Need,4,,,42003562500.0,38300.0,"Pittsburgh, PA",3.16,3.0,66.32408359027059
1400000US42003160800,42003160800,1608.0,Pittsburgh,South Side Slopes,Urban,0,2552,109,1979,278,0,41,14,131,52.68292683,0,13.8,16.82119205,16.69106881,16.82119205,58.0,27.5,7.836990596,101.8808777,6.891025641,16.42628205,77.25,0.0,0,0.0,0.0,0.0,0.0,77.154,437.75,8.0,0,0.0,0.0,37.0,21.0,423.846,165700.0,1079.0,54138,37521.0,4.27115987460815,77.5470219435737,10.8934169278997,0.0,1.60658307210031,0.54858934169279,5.13322884012539,0.438874327476849,-0.278211245670292,-0.0210911194613001,0.735565700592479,-0.163619833165693,0.784732571330092,-0.475312644114049,0.172704487537966,0.145848250998298,Moderate Need,Moderate Need,22.5,Minority BIPOC,Minority Black,11.1,20.50040355,62.0,14.33447099,14.04001404,63.18006318,15.02276176,Low Need,Emerging Need,5,,,42003160800.0,38300.0,"Pittsburgh, PA",3.7,4.0,22.452978056426304
1400000US42003160900,42003160900,1609.0,Pittsburgh,South Side Flats,Urban,0,3483,139,2727,240,1,235,9,132,75.79143389,1,3.4,16.8699187,10.63432836,10.63432836,25.7,10.86956522,5.742176285,86.13264427,13.22016461,19.5473251,17.136,0.0,0,0.0,0.0,0.0,0.0,17.136,458.864,0.0,0,0.0,0.0,30.0,18.0,458.864,332900.0,1675.0,92593,32532.0,3.9908125179443,78.2945736434108,6.89061154177433,0.0287108814240597,6.74705713465403,0.258397932816538,3.78983634797588,-0.509354722359364,-0.786086970085709,-1.62651452314458,-0.41556549809758,-0.253043513489754,0.494620406148588,0.489679662678547,0.413353055558637,-0.372323594049979,Low Need,Very Low or Low Need,21.7,Minority BIPOC,Minority Black,5.4,11.18421053,40.0,12.72321429,5.934718101,65.28189911,16.01654846,Low Need,Consistent Need,4,,,42003160900.0,38300.0,"Pittsburgh, PA",4.0,4.0,21.7054263565892
1400000US42003482500,42003482500,4825.0,West Homestead Borough,,Suburban,0,1872,45,1474,249,0,10,10,84,25.625,0,0.8,29.61460446,29.95594714,29.61460446,63.7,15.95092025,10.68376068,85.47008547,11.63366337,6.806930693,3.99,0.0,0,0.0,0.0,0.0,0.0,3.82,395.01,43.0,2,0.0,0.0,45.0,48.0,378.18,135100.0,1009.0,74545,29734.0,2.40384615384615,78.7393162393162,13.3012820512821,0.0,0.534188034188034,0.534188034188034,4.48717948717949,-0.746411984818417,0.771991881638939,0.262218892953396,-0.0638425044397038,-0.0420965761347654,0.482414823288616,0.24778870423767,-0.568997274425797,0.130294748103676,Moderate Need,Moderate Need,21.3,Minority BIPOC,Minority Black,8.1,19.79166667,71.1,11.08545035,0.0,70.62978222,19.5599022,Low Need,Emerging Need,5,,,42003482500.0,38300.0,"Pittsburgh, PA",3.99,4.0,21.260683760683804
1400000US42003561500,42003561500,5615.0,Wilkinsburg Borough,,Suburban,0,2588,69,680,1658,2,45,19,115,13.771518,0,19.8,8.531746032,9.409190372,8.531746032,64.6,33.49282297,139.1035549,54.09582689,6.855636124,20.1713909,5.088,119.136,0,0.0,0.0,0.0,5.0,0.0,206.912,288.864,0,0.0,0.0,7.0,0.0,207.0,94800.0,1100.0,42461,22834.0,2.6661514683153,26.2751159196291,64.064914992272,0.0772797527047913,1.73879443585781,0.734157650695518,4.4435857805255,0.985929548536203,-0.958686622588487,0.306952052808348,1.15037899803493,5.43990274252038,-0.0955582000391296,-0.480708419402501,0.461471757772846,0.906887157124249,High Need,High or Extreme Need,73.7,Majority BIPOC,Majority Black,22.4,22.16288385,66.3,25.59618442,34.08316292,54.53306067,24.05063291,Moderate Need,Deepening Need,6,,,42003561500.0,38300.0,"Pittsburgh, PA",2.32,2.0,73.7248840803709
1400000US42003475101,42003475101,4751.01,Bethel Park Municipality,,Suburban,0,4977,115,4344,95,0,269,6,148,27.0310192,0,7.8,13.18584071,12.9245283,13.18584071,57.2,6.604506605,0.0,24.11091019,13.19534282,10.43553256,100.572,0.0,0,0.0,0.0,0.0,0.0,100.572,1055.428,53.0,0,40.0,27.0,11.0,27.0,1055.428,216900.0,1401.0,92863,41814.0,2.31062889290737,87.2814948764316,1.90878038979305,0.0,5.40486236688768,0.120554550934298,2.97367892304601,-0.108180893582504,-0.576634936221499,-0.0608539282212574,-0.710785803574663,-0.498166211849173,-0.647936925265076,0.485895129504581,-0.289213295409332,-0.302380509887085,Low Need,Very Low or Low Need,12.7,Minority BIPOC,Minority Black,6.3,7.8613694,55.0,9.515996719,0.0,39.40455342,24.38478747,Low Need,Consistent Need,4,,,,,,,,12.718505123568406
1400000US42003190300,42003190300,1903.0,Pittsburgh,Mount Washington,Urban,0,1930,49,1741,42,0,35,8,55,43.44262295,0,0.0,5.244755245,5.474452555,5.244755245,36.6,27.6816609,10.3626943,72.5388601,5.299739357,4.691572546,0.0,0.0,0,0.0,0.0,0.0,0.0,0.0,282.0,0.0,0,0.0,0.0,7.0,0.0,282.0,239800.0,1082.0,81953,38544.0,2.53886010362694,90.2072538860104,2.17616580310881,0.0,1.81347150259067,0.414507772020725,2.84974093264249,-0.819352680959664,-1.2285136158343,-1.08474625379016,0.748139967732122,-0.0558022956236771,0.244197260206641,-0.717933169510286,-0.732102332821712,-0.416287255397047,Low Need,Very Low or Low Need,9.8,Minority BIPOC,Minority Black,8.3,9.752747253,49.9,17.37967914,0.0,22.40896359,14.66798811,Very Low Need,Persistently Lower Need,3,,,42003190300.0,38300.0,"Pittsburgh, PA",3.14,3.0,9.792746113989594
1400000US42003562700,42003562700,5627.0,Pittsburgh,Allegheny Center-Allegheny West,Urban,0,1959,91,1086,421,7,252,9,93,57.61904762,0,17.5,16.30847029,15.78947368,16.30847029,29.9,19.58333333,61.25574273,81.67432363,4.447852761,21.7791411,0.0,42.0,0,0.0,0.0,0.0,0.0,0.0,137.0,6.0,0,55.0,0.0,0.0,0.0,137.0,381100.0,1187.0,59634,21819.0,4.64522715671261,55.4364471669219,21.4905564063298,0.35732516590097,12.8637059724349,0.459418070444104,4.74732006125574,0.776225047130118,-0.320300250427976,-1.4177597771548,0.187587123121594,2.11672615695729,0.412489730368798,-0.847818769340877,0.585437616995758,0.129592751522021,Moderate Need,Moderate Need,44.6,Racially Mixed,Minority Black,15.5,19.49152542,47.4,11.36363636,21.5285253,43.05705059,23.07053942,Low Need,Emerging Need,5,,,42003562700.0,38300.0,"Pittsburgh, PA",4.0,4.0,44.5635528330781
1400000US42003470501,42003470501,4705.01,Scott Township,,Suburban,0,4317,75,1961,93,9,2099,10,70,29.13385827,0,0.0,10.89640365,5.89569161,10.89640365,26.8,1.36239782,4.632846884,23.16423442,1.15146147,6.288751107,0.0,0.0,0,0.0,0.0,0.0,0.0,0.0,252.0,0.0,0,696.0,66.0,87.0,15.0,237.0,169600.0,1321.0,96204,45500.0,1.73731758165393,45.4250637016447,2.15427380125087,0.208478109798471,48.6217280518879,0.231642344220524,1.62149640954366,-0.819352680959664,-0.764573375406831,-1.57184066109964,-1.07363590636318,-0.30039869776943,-0.665376478633416,-1.35041355380896,-0.608951601665354,-0.935084479148732,Very Low Need,Very Low or Low Need,54.6,Majority BIPOC,Minority Black,8.7,11.16173121,34.8,14.93428913,0.0,0.0,6.686930091,Very Low Need,Consistent Need,4,,,,,,,,54.5749362983553
1400000US42003434000,42003434000,4340.0,Ben Avon Borough,,Suburban,0,1918,51,1674,72,4,26,1,90,17.23356009,0,4.8,8.728652751,6.126482213,8.728652751,36.1,9.926470588,0.0,10.42752868,3.722721438,2.952503209,17.238,5.004,0,0.0,0.0,4.004,4.004,16.898,489.762,3.996,0,14.0,3.0,6.996,9.996,480.102,329200.0,1341.0,97175,40925.0,2.65901981230448,87.2784150156413,3.75391032325339,0.208550573514077,1.3555787278415,0.0521376433785193,4.69238790406674,-0.381708504112181,-0.94252267465538,-1.10959800926513,-0.480844949210783,-0.498166211849173,-0.900010623214488,-0.958378223247116,-0.866193576977318,-0.753032742222036,Very Low Need,Very Low or Low Need,12.7,Minority BIPOC,Minority Black,1.3,15.35648995,34.3,5.860113422,10.61571125,21.23142251,7.5,Very Low Need,Consistent Need,4,,,42003434000.0,38300.0,"Pittsburgh, PA",2.01,2.0,12.7215849843587
1400000US42003435000,42003435000,4350.0,Emsworth Borough,,Suburban,0,2525,92,2142,102,4,47,11,127,17.53371869,0,13.7,16.22746186,14.30678466,16.22746186,59.7,15.63517915,0.0,15.84158416,3.807796917,4.079782412,66.124,18.0,0,0.0,0.0,0.0,0.0,66.15,475.876,18.0,0,6.0,5.0,25.0,21.0,458.85,178000.0,943.0,59611,43859.0,3.64356435643564,84.8316831683168,4.03960396039604,0.158415841584158,1.86138613861386,0.435643564356436,5.02970297029703,0.429756740459193,-0.32695018117342,0.0634048491536095,-0.0856975813349764,-0.498166211849173,-0.800273508909116,-0.945406919704279,-0.779274517670708,-0.309047544765452,Low Need,Very Low or Low Need,15.2,Minority BIPOC,Minority Black,4.3,18.91891892,65.2,5.037313433,16.5906263,16.5906263,11.63757273,Low Need,Consistent Need,4,,,42003435000.0,38300.0,"Pittsburgh, PA",2.92,3.0,15.1683168316832
1400000US42003140500,42003140500,1405.0,Pittsburgh,Point Breeze North,Urban,0,1988,96,1039,629,9,113,13,89,53.2808399,0,0.0,3.005008347,3.488372093,3.005008347,24.4,34.40514469,30.18108652,50.30181087,6.585136406,10.724365,0.0,0.0,0,0.0,0.0,0.0,0.0,0.0,147.0,143.0,0,21.0,0.0,0.0,11.0,136.0,,1601.0,88490,23625.0,4.82897384305835,52.2635814889336,31.6398390342052,0.45271629778672,5.6841046277666,0.653923541247485,4.47686116700201,-0.819352680959664,-1.41237302107181,-1.69112908737951,1.21352839905946,0.790207568406771,-0.165451131661462,-0.521951019405137,-0.266942819811785,-0.372360139001621,Low Need,Very Low or Low Need,47.7,Racially Mixed,Racially Mixed,19.5,24.22535211,43.6,6.880733945,0.0,41.84100418,13.60153257,Low Need,Consistent Need,4,,,42003140500.0,38300.0,"Pittsburgh, PA",2.13,2.0,47.7364185110664
1400000US42003170200,42003170200,1702.0,Pittsburgh,South Side Flats,Urban,0,3984,162,3357,141,0,125,32,167,77.21639657,1,30.5,14.82993197,15.18578352,15.18578352,37.6,16.73306773,10.04016064,125.502008,1.671442216,9.360076409,84.016,69.027,0,0.0,0.0,0.0,0.0,84.016,271.984,63.973,0,13.0,0.0,0.0,0.0,271.984,266000.0,1378.0,68611,31223.0,4.06626506024096,84.2620481927711,3.53915662650602,0.0,3.13755020080321,0.803212851405622,4.19176706827309,1.96151135942538,-0.412460896786964,-1.03504274284021,-0.0097035490777196,-0.0695706505342473,1.21987834725649,-1.27113303523796,-0.372136529264492,0.0547826903149678,Moderate Need,Moderate Need,15.7,Minority BIPOC,Minority Black,3.4,10.20242915,41.0,3.095975232,5.622715772,101.2088839,18.65709892,Low Need,Emerging Need,5,,,42003170200.0,38300.0,"Pittsburgh, PA",4.0,4.0,15.737951807228896
1400000US42003320600,42003320600,3206.0,Pittsburgh,Brookline,Urban,0,2243,54,1874,165,2,38,13,97,35.03649635,0,12.6,20.0,16.44042232,20.0,58.8,25.32347505,0.0,62.4164066,8.921161826,4.149377593,68.018,0.0,0,0.0,0.0,0.0,0.0,68.018,410.982,8.0,0,0.0,0.0,54.0,47.0,410.982,172200.0,1059.0,92143,42385.0,2.4074899687918,83.5488185465894,7.35621934908605,0.0891662951404369,1.6941596076683,0.57958091841284,4.32456531431119,0.329463283264979,-0.0172649130408539,0.0186716892986571,0.584910242222538,-0.498166211849173,0.0577225730687267,-0.165781472518396,-0.773908369117009,0.0442221700637824,Moderate Need,Moderate Need,16.5,Minority BIPOC,Minority Black,9.4,18.30790569,68.8,19.41074523,0.0,53.12084993,18.91625616,Low Need,Emerging Need,5,,,42003320600.0,38300.0,"Pittsburgh, PA",2.87,3.0,16.451181453410598
1400000US42003417200,42003417200,4172.0,Springdale Borough,,Suburban,0,1234,11,1119,32,3,0,6,63,12.16730038,0,3.8,18.25396825,22.18649518,18.25396825,76.5,22.55639098,16.20745543,48.62236629,19.52054795,21.91780822,10.108,0.0,0,0.0,0.0,0.0,0.0,10.12,255.892,0.0,0,0.0,0.0,0.0,13.0,242.88,112800.0,758.0,51477,27869.0,0.891410048622366,90.6807131280389,2.59319286871961,0.243111831442464,0.0,0.486223662884927,5.10534846029173,-0.47288437428874,-0.160595554269765,0.898423833112714,0.393377257997379,0.193699556695691,-0.196389668708924,1.45028765101995,0.596129569437603,0.300845528794043,Moderate Need,Moderate Need,9.3,Minority BIPOC,Minority Black,5.8,21.44772118,81.6,18.29268293,0.0,75.7002271,30.32159265,Moderate Need,Consistent Need,4,,,,,,,,9.319286871961097
1400000US42003417100,42003417100,4171.0,Springdale Borough,,Suburban,0,2166,38,1997,15,0,2,21,93,16.48648649,0,2.6,18.56,19.14191419,18.56,64.2,11.23076923,0.0,46.16805171,11.71428571,7.238095238,17.248,0.0,0,0.0,0.0,0.0,0.0,17.248,598.752,0.0,0,0.0,0.0,34.0,21.0,598.752,143500.0,898.0,68284,34513.0,1.75438596491228,92.1975992613112,0.692520775623269,0.0,0.0923361034164358,0.969529085872576,4.29362880886427,-0.582295418500611,-0.135473601611169,0.28707064842837,-0.390563553740539,-0.498166211849173,-0.241602772769468,0.260081045776808,-0.535752257079582,-0.185849980609398,Low Need,Very Low or Low Need,7.8,Minority BIPOC,Minority Black,5.7,16.08280255,76.9,8.047945205,0.0,58.42259007,15.05494505,Low Need,Consistent Need,4,,,,,,,,7.802400738688803
1400000US42003418000,42003418000,4180.0,Cheswick Borough,,Suburban,0,1672,26,1554,1,0,9,3,79,46.31268437,0,0.9,18.04222649,16.28865979,18.04222649,66.4,3.930131004,0.0,35.88516746,10.39473684,3.552631579,4.05,0.0,0,0.0,0.0,0.0,0.0,4.05,445.95,0.0,0,0.0,0.0,8.0,0.0,445.95,153700.0,1059.0,70132,34719.0,1.55502392344498,92.9425837320574,0.0598086124401914,0.0,0.538277511961722,0.179425837320574,4.72488038277512,-0.737294397800761,-0.177977301328911,0.396418372518253,-0.89590166085994,-0.498166211849173,-0.431032896937896,0.0588918296411334,-0.819920574472889,-0.326437466659614,Low Need,Very Low or Low Need,7.1,Minority BIPOC,Minority Black,4.2,17.74193548,62.0,2.584493042,0.0,23.09468822,22.15496368,Low Need,Consistent Need,4,,,,,,,,7.0574162679426
1400000US42003419000,42003419000,4190.0,Harmar Township,,Suburban,0,3133,46,2887,37,2,55,8,98,18.78172589,0,3.2,13.35877863,14.1509434,13.35877863,53.3,7.116104869,6.383657836,114.905841,9.545753785,4.937458855,25.632,0.0,0,0.0,0.0,0.0,0.0,25.641,775.368,0.0,0,0.0,0.0,0.0,24.0,751.359,151100.0,973.0,70569,35042.0,1.4682413022662,92.1481008617938,1.1809766996489,0.0638365783593999,1.7555059048835,0.2553463134376,3.1279923396106,-0.527589896394676,-0.562438571827556,-0.25469762092605,-0.675373817617789,-0.225659873398512,1.0246769638976,-0.0705510725743188,-0.713143226135651,-0.184519126977329,Low Need,Very Low or Low Need,7.9,Minority BIPOC,Minority Black,5.4,18.34061135,70.4,5.504587156,0.0,71.73133355,23.08233638,Low Need,Consistent Need,4,,,,,,,,7.851899138206207
1400000US42003261500,42003261500,2615.0,Pittsburgh,Perry South,Urban,0,1524,49,469,907,5,11,16,67,21.17647059,0,11.7,41.617357,23.36182336,41.617357,63.4,56.38888889,39.37007874,170.6036745,7.65832106,29.89690722,7.008,29.025,0,0.0,0.0,5.978,0.0,7.008,65.992,195.975,0,0.0,1.0,55.022,0.0,65.992,71700.0,1214.0,46141,20920.0,3.21522309711286,30.7742782152231,59.5144356955381,0.328083989501312,0.721784776902887,1.0498687664042,4.39632545931759,0.247405000106075,1.75729024065798,0.247307839668412,2.73520682463347,1.18246835184075,2.05073611805149,-0.358324507181232,1.21135938770146,1.12315569539671,High Need,High or Extreme Need,69.2,Majority BIPOC,Majority Black,27.1,23.15436242,72.8,29.51807229,13.04631442,91.32420091,39.19463087,Moderate Need,Deepening Need,6,,,42003261500.0,38300.0,"Pittsburgh, PA",2.28,2.0,69.22572178477691
1400000US42003262000,42003262000,2620.0,Pittsburgh,Spring Hill-City View,Urban,0,2400,65,1533,634,3,15,30,120,0.0,0,23.2,19.50819672,19.80033278,19.50819672,82.4,38.91891892,33.33333333,125.0,20.56239016,25.74692443,35.112,92.04,0,0.0,0.0,2.002,0.0,35.112,363.888,37.96,0,0.0,0.0,23.998,0.0,363.888,116600.0,607.0,39618,25710.0,2.70833333333333,63.875,26.4166666666667,0.125,0.625,1.25,5.0,1.2959275071365,-0.0576367330154229,1.1916745477174,1.52596438818014,0.924771051938359,1.21063041297448,1.60913543781465,0.891374241798416,1.10006665896373,High Need,High or Extreme Need,36.1,Racially Mixed,Racially Mixed,39.1,17.24137931,83.0,37.69230769,0.0,106.2618596,29.96688742,High Need,Consistent Need,4,,,42003262000.0,38300.0,"Pittsburgh, PA",3.02,3.0,36.125
1400000US42003401200,42003401200,4012.0,Harrison Township,,Suburban,0,2911,77,2287,287,6,29,21,204,15.640599,0,16.1,26.18069815,24.30939227,26.18069815,84.0,30.93841642,6.87049124,75.57540364,13.08823529,19.26470588,82.899,27.016,0,0.0,0.0,0.0,0.0,82.899,466.101,16.984,0,23.0,0.0,66.0,0.0,466.101,67900.0,658.0,46875,32091.0,2.64513912744761,78.5640673308142,9.85915492957746,0.20611473720371,0.996221229817932,0.721401580212985,7.00790106492614,0.648578828882935,0.490104686098363,1.27120016523731,0.973567200102896,-0.20487787164219,0.30013611995069,0.469564639218967,0.391561651371464,0.564039109692711,Moderate Need,Moderate Need,21.4,Minority BIPOC,Minority Black,25.7,29.01618929,80.6,24.17127072,0.0,54.96392992,30.85846868,Moderate Need,Consistent Need,4,,,,,,,,21.435932669185803
1400000US42003401300,42003401300,4013.0,Harrison Township,,Suburban,0,2645,27,2428,42,2,18,7,121,27.00587084,0,4.6,14.7597254,15.69343066,14.7597254,76.3,11.46496815,0.0,15.12287335,10.66545123,4.102096627,36.0,0.0,0,0.0,0.0,0.0,0.0,36.0,714.0,7.0,0,16.0,0.0,12.0,0.0,714.0,134100.0,979.0,80458,41592.0,1.02079395085066,91.7958412098299,1.58790170132325,0.0756143667296786,0.680529300567108,0.264650283553875,4.57466918714556,-0.399943678147493,-0.447435738189696,0.888483130922725,-0.374352691722925,-0.498166211849173,-0.813513517711072,0.100167160293152,-0.777553976236249,-0.220680220914926,Low Need,Very Low or Low Need,8.2,Minority BIPOC,Minority Black,1.9,20.85427136,72.7,7.858769932,0.0,50.3054258,9.528130672,Low Need,Consistent Need,4,,,,,,,,8.204158790170098
1400000US42003270300,42003270300,2703.0,Pittsburgh,Brighton Heights,Urban,0,1906,59,1042,686,1,21,8,89,17.19128329,0,3.5,21.00737101,20.19950125,21.00737101,73.1,15.78947368,10.49317943,52.46589717,14.45396146,36.50963597,16.036,0.0,0,0.0,0.0,0.0,0.0,16.036,194.964,202.0,0,0.0,0.0,43.0,0.0,194.964,136200.0,846.0,59398,27339.0,3.09548793284365,54.6694648478489,35.9916054564533,0.0524658971668416,1.10178384050367,0.419727177334732,4.6694648478489,-0.500237135341708,0.0654295355673778,0.729431895882895,-0.0750175690791442,-0.0502321310077053,-0.125584579967058,0.677794424295648,1.72123498983281,0.103083491478615,Moderate Need,Moderate Need,45.3,Racially Mixed,Racially Mixed,9.1,19.84435798,78.6,32.19954649,20.11060835,60.33182504,34.10942957,Moderate Need,Consistent Need,4,,,42003270300.0,38300.0,"Pittsburgh, PA",2.98,3.0,45.3305351521511
1400000US42003564100,42003564100,5641.0,Rosslyn Farms Borough-Thornburg Borough,,Suburban,0,907,16,851,3,0,11,2,24,8.333333333,0,1.5,10.13215859,10.59907834,10.13215859,21.7,3.787878788,0.0,22.05071665,0.0,0.481927711,4.096,0.0,0,0.0,0.0,0.0,0.0,4.0,251.904,0.0,0,4.0,0.0,4.0,7.0,246.0,371000.0,2125.0,145417,53389.0,1.76405733186329,93.8257993384785,0.330760749724366,0.0,1.21278941565601,0.220507166482911,2.64608599779493,-0.682588875694826,-0.82730976866304,-1.82532856694437,-0.905748124051469,-0.498166211849173,-0.685889576350611,-1.5259747897939,-1.05668773109693,-0.993000844763913,Very Low Need,Very Low or Low Need,6.2,Minority BIPOC,Minority Black,0.7,9.311740891,26.2,2.909090909,0.0,0.0,5.30726257,Very Low Need,Consistent Need,4,,,42003564100.0,38300.0,"Pittsburgh, PA",2.0,2.0,6.174200661521496
1400000US42003461000,42003461000,4610.0,Neville Township,,Suburban,0,1108,61,877,87,5,10,0,68,22.31404959,0,4.9,21.63120567,23.20675105,21.63120567,76.6,14.14634146,0.0,108.3032491,7.633587786,7.442748092,9.996,0.0,0,0.0,0.0,0.0,0.0,9.996,194.004,0.0,0,0.0,0.0,1.0,0.0,194.004,122200.0,838.0,54286,33019.0,5.50541516245487,79.1516245487365,7.85198555956679,0.451263537906137,0.902527075812274,0.0,6.13718411552347,-0.372590917094525,0.116639727958564,0.903394184207709,-0.188752464590689,-0.498166211849173,0.903044766836694,-0.362095544481676,-0.519972463123698,0.0716390772838434,Moderate Need,Moderate Need,20.8,Minority BIPOC,Minority Black,6.1,18.15856777,80.0,25.85551331,0.0,182.4817518,18.79084967,Moderate Need,Consistent Need,4,,,,,,,,20.848375451263493
1400000US42003437000,42003437000,4370.0,Ohio Township,,Suburban,0,7178,133,6432,140,3,238,28,204,10.79691517,0,2.5,7.011289364,6.003752345,7.011289364,33.2,6.450024618,2.786291446,11.14516578,1.916308174,0.625733281,50.44,0.0,0,0.0,0.0,0.0,0.0,50.44,1889.56,0.0,0,39.0,0.0,52.0,38.0,1889.56,433700.0,1422.0,160365,44708.0,1.8528838116467,89.607132906102,1.95040401225968,0.0417943716912789,3.31568682084146,0.390080802451936,2.84201727500697,-0.591413005518267,-1.0834999481109,-1.25373819101998,-0.721478791294094,-0.379224674048704,-0.886790394176038,-1.23379876799833,-1.04559957757278,-0.878563396023758,Very Low Need,Very Low or Low Need,10.4,Minority BIPOC,Minority Black,0.9,13.17433277,39.6,5.826957034,0.0,16.39881929,2.02520252,Very Low Need,Consistent Need,4,,,,,,,,10.392867093898005
1400000US42003101400,42003101400,1014.0,Pittsburgh,Morningside,Urban,0,3252,98,2628,315,3,52,14,142,24.20262664,0,1.7,23.99328859,22.69991402,23.99328859,42.3,14.15525114,0.0,36.900369,8.778877888,16.10561056,14.85,0.0,0,0.0,0.0,0.0,0.0,14.972,810.15,27.0,0,12.0,0.0,12.0,40.0,773.028,241100.0,1127.0,83796,34396.0,3.01353013530135,80.8118081180812,9.68634686346864,0.0922509225092251,1.5990159901599,0.43050430504305,4.36654366543665,-0.664353701659514,0.310541619811023,-0.801436241375464,-0.188135751272365,-0.498166211849173,-0.412330969628136,-0.187475245750847,0.147979056444166,-0.348765214532068,Low Need,Very Low or Low Need,19.2,Minority BIPOC,Minority Black,7.7,18.41831426,52.6,10.69587629,0.0,70.10834927,20.15968064,Low Need,Consistent Need,4,,,42003101400.0,38300.0,"Pittsburgh, PA",2.29,2.0,19.188191881918797
1400000US42003140300,42003140300,1403.0,Pittsburgh,Squirrel Hill North,Urban,0,3529,125,2769,76,3,364,21,171,56.62148071,0,1.6,16.20879121,7.75462963,16.20879121,12.2,3.195739015,62.3406064,28.33663927,0.814814815,10.2962963,12.114,0.0,0,0.0,0.0,0.0,0.0,12.114,660.886,10.0,0,39.0,6.0,23.0,4.0,660.886,521800.0,1981.0,142738,39935.0,3.54207990932275,78.4641541513177,2.15358458486823,0.0850099178237461,10.3145366959479,0.595069424766223,4.84556531595353,-0.67347128867717,-0.32848284301457,-2.29751192096886,-0.946735060093892,2.16303694522709,-0.570091024750681,-1.40174145698404,-0.299949131490014,-0.579285235608875,Very Low Need,Very Low or Low Need,21.5,Minority BIPOC,Minority Black,2.4,10.03372681,17.4,3.436426117,0.0,0.0,5.372733378,Very Low Need,Consistent Need,4,,,42003140300.0,38300.0,"Pittsburgh, PA",1.87,2.0,21.5358458486823
1400000US42003470400,42003470400,4704.0,Scott Township,,Suburban,0,3068,68,2834,15,0,45,13,93,16.69829222,0,4.0,7.314285714,7.637231504,7.314285714,48.7,12.77719113,0.0,13.03780965,10.99706745,5.425219941,38.258,0.0,0,0.0,0.0,0.0,0.0,38.258,775.742,0.0,0,23.0,0.0,110.0,110.0,775.742,212900.0,1271.0,110357,45822.0,2.21642764015645,92.3728813559322,0.488917861799218,0.0,1.46675358539765,0.423728813559322,3.03129074315515,-0.454649200253428,-1.05862716951708,-0.483333771295805,-0.283522786678431,-0.498166211849173,-0.851924324055613,0.150728082193434,-0.675534322637153,-0.497070768779443,Low Need,Very Low or Low Need,7.6,Minority BIPOC,Minority Black,0.0,13.94009217,63.3,3.751465416,0.0,0.0,14.47761194,Very Low Need,Persistently Lower Need,3,,,,,,,,7.6271186440678065
1400000US42003140400,42003140400,1404.0,Pittsburgh,Point Breeze,Urban,0,2312,77,1943,32,0,125,14,121,43.1372549,0,0.7,20.16574586,8.633093525,20.16574586,13.1,1.043478261,0.0,8.650519031,2.122905028,1.899441341,4.064,0.0,0,0.0,0.0,0.0,0.0,4.024,503.936,17.0,0,27.0,0.0,23.0,10.0,498.976,574700.0,1905.0,182287,37469.0,3.33044982698962,84.0397923875433,1.3840830449827,0.0,5.40657439446367,0.605536332179931,5.23356401384083,-0.755529571836073,-0.0036589403001878,-2.25277876111391,-1.09571099093517,-0.498166211849173,-0.932746492866873,-1.20229932143948,-0.947390095740933,-0.962984327191551,Very Low Need,Very Low or Low Need,16.0,Minority BIPOC,Minority Black,3.0,10.54216867,10.7,7.291666667,0.0,17.04303366,3.677221655,Very Low Need,Consistent Need,4,,,42003140400.0,38300.0,"Pittsburgh, PA",1.33,1.0,15.9602076124567
1400000US42003320700,42003320700,3207.0,Pittsburgh,Overbrook,Urban,0,1613,64,1422,47,1,12,5,62,14.01869159,0,5.0,10.6918239,12.05673759,10.6918239,80.0,9.565217391,0.0,61.99628022,11.21883657,8.033240997,23.016,0.0,0,0.0,0.0,0.0,0.0,23.016,387.984,9.0,0,0.0,0.0,40.0,0.0,387.984,137300.0,1314.0,73314,32952.0,3.96776193428394,88.1587104773714,2.91382517048977,0.0619962802231866,0.743955362678239,0.309981401115933,3.84376937383757,-0.363473330076869,-0.78136719759818,1.07238612143753,-0.505850298210638,-0.498166211849173,0.0499830526778567,0.184540816553093,-0.474442404826484,-0.120278149580912,Low Need,Very Low or Low Need,11.8,Minority BIPOC,Minority Black,10.6,27.74566474,80.4,13.43669251,0.0,53.54752343,19.08831909,Low Need,Consistent Need,4,,,42003320700.0,38300.0,"Pittsburgh, PA",2.9,3.0,11.8412895226286
1400000US42003040600,42003040600,406.0,Pittsburgh,Central Oakland,Urban,0,2054,69,1552,94,2,242,8,87,94.6223565,1,25.0,33.42618384,14.91712707,14.91712707,47.7,0.0,0.0,9.737098345,3.245192308,36.65865385,24.0,0.0,0,0.0,0.0,0.0,0.0,24.0,72.0,0.0,0,0.0,0.0,0.0,0.0,72.0,251900.0,1329.0,30570,33759.0,3.35929892891918,75.5598831548199,4.57643622200584,0.0973709834469328,11.7818889970789,0.389483933787731,4.23563777994158,1.46004407345431,-0.434514734724781,-0.533037282245751,-1.16793883087333,-0.498166211849173,-0.912729652322366,-1.0311862211401,1.73272503942744,-0.445361265671599,Low Need,Very Low or Low Need,24.4,Minority BIPOC,Minority Black,13.4,31.37254902,60.3,0.0,9.372071228,28.11621368,14.46188341,Low Need,Consistent Need,4,,,42003040600.0,38300.0,"Pittsburgh, PA",3.07,3.0,24.4401168451801
1400000US42003492800,42003492800,4928.0,Clairton,,Suburban,0,2465,59,661,1575,9,19,17,125,0.0,0,16.4,28.21576763,32.92978208,28.21576763,82.9,30.10380623,32.45436105,194.7261663,19.36127745,14.57085828,0.0,28.028,0,0.0,0.0,67.0,67.0,0.0,225.0,257.972,0,0.0,0.0,0.0,0.0,225.0,55900.0,1003.0,36250,25551.0,2.39350912778905,26.815415821501,63.894523326572,0.365111561866126,0.77079107505071,0.689655172413793,5.0709939148073,0.675931589935903,0.657162251640219,1.21652630319237,0.915796862696622,0.887249379603158,2.49511791851043,1.42600396757551,0.0296417145582668,1.18196975330775,High Need,High or Extreme Need,73.2,Majority BIPOC,Majority Black,18.2,49.76303318,89.0,32.70676692,24.94802495,83.16008316,46.72131148,High Need,Consistent Need,4,,,,,,,,73.184584178499
1400000US42003427000,42003427000,4270.0,Millvale Borough,,Suburban,0,3376,115,2947,120,7,19,6,162,29.26490985,0,8.7,30.02502085,31.36320305,30.02502085,75.8,21.1062591,5.924170616,118.4834123,18.20968731,22.37890865,60.23,0.0,0,0.0,0.0,0.0,0.0,60.23,573.77,53.0,0,0.0,0.0,0.0,0.0,573.77,107600.0,884.0,59250,32879.0,3.4063981042654,87.292654028436,3.55450236966825,0.207345971563981,0.562796208530806,0.177725118483412,4.79857819905213,-0.0261226104236014,0.805682703326205,0.863631375447751,0.293001526913632,-0.245274518027638,1.09058257550461,1.25042311350971,0.631682798411236,0.575989166607238,Moderate Need,Moderate Need,12.7,Minority BIPOC,Minority Black,18.5,20.68965517,81.9,25.57840617,10.83423619,108.3423619,25.56701031,Moderate Need,Consistent Need,4,,,42003427000.0,38300.0,"Pittsburgh, PA",3.0,3.0,12.707345971563996
1400000US42003490003,42003490003,4900.03,South Park Township,,Suburban,0,3679,39,3384,78,0,68,5,105,19.23076923,0,3.9,13.45668629,13.8381201,13.45668629,58.2,13.43984962,0.0,43.49007883,2.190812721,3.109540636,34.128,0.0,0,7.968,0.0,0.0,0.0,34.128,913.872,19.0,0,75.032,0.0,14.0,0.0,913.872,203100.0,1143.0,108769,48279.0,1.06007067137809,91.981516716499,2.12014134275618,0.0,1.84832835009513,0.135906496330525,2.85403642294102,-0.463766787271084,-0.554401393987564,-0.0111504172713106,-0.237654661641002,-0.498166211849173,-0.290936084595679,-1.19194555900228,-0.854085178814338,-0.46400301651687,Low Need,Very Low or Low Need,8.0,Minority BIPOC,Minority Black,3.9,13.62889984,62.0,8.611599297,0.0,15.40041068,7.572684246,Very Low Need,Persistently Lower Need,3,,,,,,,,8.018483283500998
1400000US42003480200,42003480200,4802.0,Baldwin Borough,,Suburban,0,3797,37,2856,113,6,660,10,115,24.23357664,0,3.7,23.57807653,24.15254237,23.57807653,67.8,11.71797418,0.0,10.5346326,4.578633046,1.260783013,36.72,0.0,0,0.0,0.0,0.0,0.0,36.72,881.28,7.0,2,7.0,0.0,73.0,25.0,881.28,184800.0,877.0,83942,50849.0,0.974453515933632,75.2172767974717,2.97603371082434,0.158019489070319,17.3821437977351,0.263365815117198,3.02870687384777,-0.482001961306396,0.276457124608815,0.466003287848178,-0.356840032646809,-0.498166211849173,-0.898037566981308,-0.827878937157814,-0.996633957368435,-0.331494899640644,Low Need,Very Low or Low Need,24.8,Minority BIPOC,Minority Black,0.0,18.68239921,75.0,9.035532995,5.861664713,5.861664713,14.28571429,Low Need,Consistent Need,4,,,,,,,,24.782723202528302
1400000US42003490004,42003490004,4900.04,South Park Township,,Suburban,0,4946,51,4551,107,8,40,25,164,15.06533436,0,1.3,7.787201234,3.976801988,7.787201234,51.5,12.93103448,0.0,32.34937323,2.580645161,4.35483871,18.396,0.0,0,0.0,0.0,0.0,0.0,18.396,1295.604,17.0,0,18.0,0.0,43.0,0.0,1295.604,231800.0,1042.0,115897,46499.0,1.03113627173473,92.0137484836231,2.16336433481601,0.161746866154468,0.808734330772341,0.505458956732713,3.3158107561666,-0.700824049730138,-1.01980583380615,-0.344163940635954,-0.272874004356217,-0.498166211849173,-0.496168896112729,-1.13250851592569,-0.75806625390172,-0.63778735034515,Very Low Need,Very Low or Low Need,8.0,Minority BIPOC,Minority Black,3.1,9.684210526,60.2,10.26512576,0.0,4.056795132,5.639686684,Very Low Need,Consistent Need,4,,,,,,,,7.986251516376896
1400000US42003451101,42003451101,4511.01,Moon Township,,Suburban,0,3792,96,3358,110,0,88,12,128,19.1292876,0,1.2,12.86432161,10.7587769,12.86432161,47.4,7.276119403,0.0,5.274261603,9.929078014,1.289490651,12.564,0.0,0,0.0,0.0,0.0,0.0,12.564,1034.436,0.0,0,12.0,0.0,13.0,0.0,1034.436,284900.0,1053.0,120729,48968.0,2.53164556962025,88.5548523206751,2.90084388185654,0.0,2.32067510548523,0.316455696202532,3.37552742616034,-0.709941636747794,-0.603028235639074,-0.547948335530736,-0.664297876142539,-0.498166211849173,-0.994943523219579,-0.0121063245913799,-0.994420449939899,-0.575776020531468,Very Low Need,Very Low or Low Need,11.4,Minority BIPOC,Minority Black,5.0,10.11560694,47.9,16.15949633,0.0,32.55561584,3.348653972,Very Low Need,Consistent Need,4,,,,,,,,11.445147679324904
1400000US42003521500,42003521500,5215.0,Monroeville Municipality,,Suburban,0,4083,78,3352,295,7,185,26,140,20.62706271,0,3.1,23.28086164,25.64841499,23.28086164,56.8,4.097646033,0.0,4.89835905,5.718866916,6.62747194,0.0,0.0,0,35.035,0.0,0.0,0.0,0.0,1017.0,43.0,0,41.965,0.0,10.0,10.0,1007.0,178000.0,1146.0,74800,45728.0,1.91036002939015,82.0964976732795,7.22507959833456,0.171442566740142,4.53098212098947,0.636786676463385,3.42885133480284,-0.536707483412332,0.2520589424071,-0.0807353326012363,-0.884306547522117,-0.498166211849173,-1.00186835729909,-0.654029552923453,-0.582834472835549,-0.486250649028614,Low Need,Very Low or Low Need,17.9,Minority BIPOC,Minority Black,2.8,13.64031277,60.1,8.30449827,0.0,4.814636495,18.13804173,Very Low Need,Persistently Lower Need,3,,,,,,,,17.9035023267205
1400000US42003456004,42003456004,4560.04,South Fayette Township,,Suburban,0,5620,121,4728,148,7,422,24,170,23.3441911,0,0.0,8.938547486,8.173418621,8.938547486,46.5,7.494646681,0.0,10.67615658,13.69261477,11.77644711,0.0,0.0,0,0.0,0.0,0.0,0.0,0.0,1187.0,38.0,0,176.0,0.0,0.0,16.0,1171.0,228100.0,1272.0,84551,47395.0,2.15302491103203,84.1281138790036,2.63345195729537,0.124555160142349,7.50889679715303,0.427046263345196,3.02491103202847,-0.819352680959664,-0.925292548709433,-0.592681495385687,-0.649171779272652,-0.498166211849173,-0.895430428317444,0.561713279253562,-0.185821845459424,-0.545483123605785,Very Low Need,Very Low or Low Need,15.9,Minority BIPOC,Minority Black,3.5,7.44500846,54.7,9.603524229,0.0,21.2359312,20.91165414,Very Low Need,Consistent Need,4,,,,,,,,15.871886120996393
1400000US42003526102,42003526102,5261.02,Plum Borough,,Suburban,0,2327,50,2120,53,4,22,2,76,25.70422535,0,5.2,13.13269494,14.72392638,13.13269494,66.4,9.420289855,0.0,60.16330039,11.25541126,2.922077922,35.722,0.0,0,0.0,0.0,0.0,0.0,35.722,638.278,3.0,0,0.0,8.0,5.0,0.0,638.278,204300.0,1107.0,88804,40109.0,2.14868929952729,91.104426299957,2.27761065749893,0.171895143962183,0.945423291792007,0.0859475719810915,3.26600773528148,-0.345238156041558,-0.58099763884286,0.396418372518253,-0.51588194262919,-0.498166211849173,0.0162161067166471,0.190117293013192,-0.868539524031194,-0.191076025302098,Low Need,Very Low or Low Need,8.9,Minority BIPOC,Minority Black,4.8,17.44548287,71.9,16.49484536,0.0,0.0,21.27659574,Low Need,Consistent Need,4,,,,,,,,8.895573700043002
1400000US42003414101,42003414101,4141.01,Hampton Township,,Suburban,0,5499,70,5099,50,3,139,12,126,23.95406071,0,2.4,6.463878327,2.870813397,6.463878327,35.5,1.819322459,0.0,10.91107474,5.087358684,0.770811922,38.87,0.0,0,0.0,0.0,0.0,0.0,38.87,1456.13,24.0,0,33.0,0.0,42.0,0.0,1456.13,364400.0,1242.0,135851,40839.0,1.27295871976723,92.7259501727587,0.909256228405165,0.0545553737043099,2.52773231496636,0.218221494817239,2.29132569558101,-0.600530592535923,-1.12843657366137,-1.1394201158351,-1.04200833833137,-0.498166211849173,-0.891102792691456,-0.750314464432116,-1.03441326368742,-0.864282727048073,Very Low Need,Very Low or Low Need,7.3,Minority BIPOC,Minority Black,1.2,9.067688378,55.0,3.6112935,0.0,11.36363636,8.075165058,Very Low Need,Consistent Need,4,,,,,,,,7.274049827241299
1400000US42003429100,42003429100,4291.0,Ross Township,,Suburban,0,2607,45,2224,132,2,75,7,122,22.54098361,0,7.0,13.27683616,13.46704871,13.27683616,56.7,17.08074534,0.0,61.37322593,3.069053708,4.006820119,44.764,0.0,0,0.0,0.0,0.0,0.0,44.814,544.236,11.0,0,9.0,0.0,35.0,42.0,537.186,181200.0,1090.0,73220,47883.0,1.72612197928654,85.3087840429613,5.06329113924051,0.0767165324127349,2.87686996547756,0.268507863444572,4.67970847717683,-0.181121589723752,-0.569165177325412,-0.0857056836962307,0.0143621202358878,-0.498166211849173,0.0385052174082072,-1.05804175311084,-0.78490028798168,-0.334190439723044,Low Need,Very Low or Low Need,14.7,Minority BIPOC,Minority Black,4.8,20.88167053,56.5,6.736526946,0.0,37.49531309,18.82661996,Low Need,Consistent Need,4,,,,,,,,14.691215957038693
1400000US42003427100,42003427100,4271.0,Shaler Township,,Suburban,0,5340,92,4989,43,6,60,12,138,29.31228861,0,5.8,19.19191919,20.61263561,19.19191919,56.7,4.608294931,0.0,18.72659176,2.884201464,3.616013775,100.688,0.0,0,0.0,0.0,0.0,0.0,100.688,1523.312,0.0,0,19.0,44.0,49.0,26.0,1523.312,235200.0,1519.0,97589,47088.0,1.72284644194757,93.4269662921348,0.805243445692884,0.112359550561798,1.12359550561798,0.224719101123596,2.58426966292135,-0.290532633935622,-0.083599755269283,-0.0857056836962307,-0.84896027511008,-0.498166211849173,-0.747126227017378,-1.08622583853337,-0.815033479209847,-0.52004523220159,Very Low Need,Very Low or Low Need,6.6,Minority BIPOC,Minority Black,3.7,13.40782123,65.5,3.986710963,0.0,25.58012059,14.94565217,Very Low Need,Consistent Need,4,,,,,,,,6.573033707865207
1400000US42003491101,42003491101,4911.01,Jefferson Hills Borough,,Suburban,0,7681,168,6659,211,5,398,21,219,16.04305484,0,2.0,12.63035921,12.03192142,12.63035921,47.6,6.821163096,0.0,18.22679339,3.363471971,3.90596745,32.64,0.0,0,14.039,0.0,0.0,0.0,32.16,2143.36,0.0,0,86.961,0.0,10.0,32.0,2111.84,336900.0,1463.0,141420,47266.0,2.18721520635334,86.6944408280172,2.74703814607473,0.065095690665278,5.18161697695613,0.273401900794167,2.85119125113917,-0.637000940606546,-0.622234060971549,-0.538007633340746,-0.695789199487755,-0.498166211849173,-0.756333455746835,-1.01315233605651,-0.792676550592319,-0.680097691151302,Very Low Need,Very Low or Low Need,13.3,Minority BIPOC,Minority Black,0.9,12.35839341,45.8,5.041152263,0.0,17.67825575,8.375535645,Very Low Need,Consistent Need,4,,,,,,,,13.305559171982793
1400000US42003452000,42003452000,4520.0,Findlay Township,,Suburban,0,6372,167,5698,144,0,107,31,225,14.85774499,0,1.5,16.96508505,19.50591868,16.96508505,62.3,13.97574984,0.0,31.38731952,3.765112263,1.416234888,22.41,0.0,0,0.0,0.0,0.0,0.0,23.712,1471.59,0.0,0,33.0,0.0,40.0,37.0,1458.288,236200.0,804.0,85991,43219.0,2.62084118016321,89.4224733207784,2.25988700564972,0.0,1.67922159447583,0.486503452605147,3.53107344632768,-0.682588875694826,-0.266399160375537,0.192633977623471,-0.200560534470692,-0.498166211849173,-0.513891740142798,-0.951914971262296,-0.9846478134686,-0.417269645167407,Low Need,Very Low or Low Need,10.6,Minority BIPOC,Minority Black,4.9,12.40310078,61.2,6.962025316,3.630422944,18.15211472,11.69064748,Very Low Need,Persistently Lower Need,3,,,,,,,,10.577526679221606
1400000US42003459102,42003459102,4591.02,Robinson Township,,Suburban,0,6426,168,5550,164,4,336,23,181,18.65612648,0,1.8,17.20658524,15.65074135,17.20658524,52.1,7.164634146,0.0,3.112356054,2.53164557,2.654144549,25.103,0.0,0,10.0,0.0,0.0,0.0,25.103,1905.897,17.0,0,10.0,0.0,0.0,0.0,1905.897,318400.0,1690.0,111250,44427.0,2.61437908496732,86.3678804855276,2.55213196389667,0.0622471210706505,5.22875816993464,0.35792094615624,2.81668222844693,-0.655236114641858,-0.24657456263291,-0.314341834065986,-0.672014701302216,-0.498166211849173,-1.03476990136708,-1.13997939444212,-0.889198573427324,-0.651583245757334,Very Low Need,Very Low or Low Need,13.6,Minority BIPOC,Minority Black,2.2,13.99176955,50.9,6.943620178,0.0,10.01001001,3.007217322,Very Low Need,Consistent Need,4,,,,,,,,13.632119514472393
1400000US42003451300,42003451300,4513.0,Moon Township,,Suburban,0,7810,177,6780,182,2,366,27,276,17.52402487,0,1.7,11.21343445,10.99940863,11.21343445,46.9,4.20641804,0.0,10.24327785,3.230288295,2.361931226,39.627,0.0,0,0.0,0.0,0.0,0.0,39.627,1847.373,82.0,0,138.0,162.0,37.0,14.0,1847.373,275500.0,1884.0,110982,37993.0,2.2663252240717,86.8117797695263,2.3303457106274,0.0256081946222791,4.68629961587708,0.345710627400768,3.53393085787452,-0.664353701659514,-0.738548517695443,-0.572800091005709,-0.876777529041349,-0.498166211849173,-0.903404871049674,-1.03345860889391,-0.911729732597497,-0.755358504456397,Very Low Need,Very Low or Low Need,13.2,Minority BIPOC,Minority Black,1.3,8.482142857,48.4,6.400742115,0.0,16.15508885,7.616257781,Very Low Need,Consistent Need,4,,,,,,,,13.188220230473704
1400000US42003261400,42003261400,2614.0,Pittsburgh,Perry South,Urban,0,2241,81,566,1476,4,7,22,85,52.66990291,0,19.6,44.33427762,51.28205128,44.33427762,72.9,8.877284595,17.84917448,133.8688086,20.90909091,15.15151515,0.0,75.088,0,0.0,0.0,0.0,0.0,0.0,108.0,171.912,0,28.0,0.0,0.0,0.0,108.0,107700.0,1143.0,44958,21137.0,3.6144578313253,25.2565818830879,65.863453815261,0.178491744756805,0.312360553324409,0.981704596162427,3.79294957608211,0.967694374500891,1.98032053471343,0.719491193692906,-0.553467868920818,0.263781453090145,1.37401059634317,1.6619962705674,0.0744133636634804,0.916260936283875,High Need,High or Extreme Need,74.7,Majority BIPOC,Majority Black,27.4,28.96678967,77.1,34.43983402,80.28098344,50.17561465,30.89430894,High Need,Consistent Need,4,,,42003261400.0,38300.0,"Pittsburgh, PA",2.5,3.0,74.7434181169121
1400000US42003020100,42003020100,201.0,Pittsburgh,Central Business District,Urban,0,4729,271,3324,577,4,357,54,142,95.17569982,1,1.6,20.93959732,13.68715084,13.68715084,30.6,7.111111111,21.14611969,224.1488687,1.954242135,41.84938036,7.128,0.0,0,0.0,0.0,0.0,0.0,7.128,316.872,11.0,0,31.0,0.0,84.0,52.0,316.872,434200.0,1571.0,90726,27777.0,5.73059843518714,70.2897018397124,12.2013110594206,0.0845844787481497,7.54916472827236,1.14189046310002,3.00274899555931,-0.67347128867717,-0.53548270494767,-1.38296731948984,-0.675719477289863,0.404521838983463,3.0371395958431,-1.22801504596118,2.13295691114688,-0.150570628791309,Low Need,Very Low or Low Need,29.7,Racially Mixed,Minority Black,11.5,15.98793363,24.1,5.621301775,4.1467966,87.08272859,9.578059072,Very Low Need,Persistently Lower Need,3,,,,,,,,29.710298160287607
1400000US42003523300,42003523300,5233.0,Penn Hills Municipality,,Suburban,0,3807,85,1843,1609,1,44,15,210,18.63247863,0,0.9,18.44426624,20.92574735,18.44426624,59.6,10.96023278,15.76044129,42.02784345,5.623901582,7.791446983,5.283,3.89,0,0.0,0.0,0.0,0.0,5.283,581.717,385.11,0,0.0,0.0,55.0,21.0,581.717,119500.0,1345.0,74740,37910.0,2.23272918308379,48.4108221696874,42.2642500656685,0.026267402153927,1.15576569477279,0.394011032308905,5.51615445232467,-0.737294397800761,-0.144974112717357,0.0584344980586147,-0.409289639504236,0.174617364376404,-0.317873218464211,-0.668508744669889,-0.493085974393738,-0.292126892960205,Low Need,Very Low or Low Need,51.6,Majority BIPOC,Racially Mixed,4.4,23.86792453,69.1,15.33396049,5.050505051,50.50505051,22.97696397,Low Need,Consistent Need,4,,,,,,,,51.5891778303126
1400000US42003140800,42003140800,1408.0,Pittsburgh,Squirrel Hill South,Urban,0,4658,161,3487,95,5,641,73,196,34.95024876,0,1.1,15.50877193,15.09433962,15.50877193,20.7,10.6870229,0.0,17.17475311,5.055292259,18.11479726,11.999,0.0,0,0.0,0.0,0.0,0.0,11.856,911.001,54.0,0,55.0,0.0,16.0,27.0,900.144,522200.0,1316.0,88922,36249.0,3.45641906397596,74.8604551309575,2.03950193215973,0.107342206955775,13.7612709317304,1.56719622155431,4.20781451266638,-0.71905922376545,-0.38594698264147,-1.87503207789431,-0.428200775672281,-0.498166211849173,-0.77571402213516,-0.755203573927563,0.30289774692528,-0.776760409697916,Very Low Need,Very Low or Low Need,25.1,Minority BIPOC,Minority Black,0.0,23.20107599,20.3,2.123356926,0.0,13.25673884,7.676560901,Very Low Need,Consistent Need,4,,,42003140800.0,38300.0,"Pittsburgh, PA",1.69,1.0,25.139544869042496
1400000US42003040900,42003040900,409.0,Pittsburgh,South Oakland,Urban,0,3326,180,1860,565,6,563,12,140,92.3683119,1,9.9,55.02555366,19.67741935,19.67741935,49.0,13.42756184,6.013229104,24.05291642,2.986022872,29.2249047,22.99,0.0,0,0.0,5.0,0.0,5.008,22.99,219.01,21.0,0,4.0,0.0,11.0,10.992,219.01,200800.0,1406.0,27383,27973.0,5.41190619362598,55.9230306674684,16.9873722188815,0.180396873120866,16.9272399278412,0.360793746241732,4.2092603728202,0.0832884337882694,-0.0437453544260343,-0.468422718010821,-0.238505201455972,-0.241472778790304,-0.649005279900313,-1.07070131365438,1.15954451634162,-0.375509173207079,Low Need,Very Low or Low Need,44.1,Racially Mixed,Minority Black,30.4,36.52892562,60.8,32.23443223,18.95135818,37.90271636,14.36335404,Moderate Need,Lessening Need,2,,,42003040900.0,38300.0,"Pittsburgh, PA",3.51,4.0,44.0769693325316
1400000US42003421100,42003421100,4211.0,O Hara Township,,Suburban,0,4969,150,4021,101,2,468,36,191,18.10261375,0,2.4,7.739130435,8.032490975,7.739130435,25.7,8.561151079,0.0,16.09981888,7.932692308,6.826923077,0.0,0.0,0,33.048,0.0,0.0,0.0,0.0,1213.0,15.0,0,128.952,0.0,0.0,18.0,1195.0,388700.0,1848.0,133283,44570.0,3.01871603944456,80.9217146307104,2.032602133226,0.0402495471925941,9.41839404306702,0.724491849466694,3.84383175689273,-0.600530592535923,-1.02375193527026,-1.62651452314458,-0.575350108202789,-0.498166211849173,-0.795516338266628,-0.316491622041262,-0.56745575817503,-0.776617333044373,Very Low Need,Very Low or Low Need,19.1,Minority BIPOC,Minority Black,1.5,18.43971631,36.8,5.588484335,0.0,8.771929825,9.467149509,Very Low Need,Consistent Need,4,,,,,,,,19.078285369289603
1400000US42003180300,42003180300,1803.0,Pittsburgh,Allentown,Urban,0,2305,81,1252,781,3,25,16,147,45.89552239,0,15.5,20.74688797,15.36523929,20.74688797,78.1,20.98445596,69.4143167,130.1518438,17.11340206,29.58762887,36.89,22.94,0,0.0,0.0,0.0,0.0,36.89,201.11,125.06,0,0.0,0.0,0.0,0.0,201.11,91300.0,966.0,42029,26701.0,3.51409978308026,54.3167028199566,33.882863340564,0.130151843817787,1.08459869848156,0.6941431670282,6.37744034707158,0.593873306777,0.0440466476832049,0.977949450632629,0.284570514952295,2.46500032463052,1.30553709353255,1.08327449543041,1.18751242665192,0.964893119091229,High Need,High or Extreme Need,45.7,Racially Mixed,Racially Mixed,22.2,31.63265306,86.3,61.26126126,34.48275862,224.137931,37.22397476,Extreme Need,Lessening Need,2,,,42003180300.0,38300.0,"Pittsburgh, PA",3.0,3.0,45.6832971800434
1400000US42003290100,42003290100,2901.0,Pittsburgh,Carrick,Urban,0,2130,92,1424,347,16,110,11,130,16.10169492,0,15.5,28.04232804,27.37864078,28.04232804,85.6,23.19587629,18.77934272,169.0140845,13.48464619,23.89853138,35.098,24.992,0,0.0,0.0,0.0,0.0,34.969,286.902,19.008,4,0.0,14.0,4.0,37.0,254.031,83200.0,928.0,41175,32086.0,4.31924882629108,66.8544600938967,16.2910798122066,0.751173708920188,5.16431924882629,0.516431924882629,6.10328638497653,0.593873306777,0.642924705473502,1.35072578275723,0.437641373829773,0.303488584602746,2.02145287185752,0.530004688126467,0.748853573708989,0.840015901917748,High Need,High or Extreme Need,33.1,Racially Mixed,Minority Black,7.9,26.46153846,85.9,29.04564315,29.15451895,145.7725948,13.56119074,Moderate Need,Deepening Need,6,,,42003290100.0,38300.0,"Pittsburgh, PA",2.14,2.0,33.145539906103295
1400000US42003475303,42003475303,4753.03,Bethel Park Municipality,,Suburban,0,4150,64,3847,31,0,41,15,152,5.146036161,0,0.9,10.78431373,10.0,10.78431373,47.3,5.401350338,0.0,4.819277108,0.813480535,3.718768158,0.0,0.0,0,12.0,0.0,0.0,0.0,0.0,1246.0,0.0,57,0.0,0.0,18.0,8.0,1238.0,258500.0,2116.0,124255,58699.0,1.5421686746988,92.6987951807229,0.746987951807229,0.0,0.987951807228916,0.36144578313253,3.66265060240964,-0.737294397800761,-0.773774765993742,-0.55291868662573,-0.794066291076336,-0.498166211849173,-1.00332519584052,-1.40194489222878,-0.80711058460998,-0.823070063059292,Very Low Need,Very Low or Low Need,7.3,Minority BIPOC,Minority Black,4.4,16.68255481,51.9,6.005221932,0.0,0.0,7.579617834,Very Low Need,Consistent Need,4,,,,,,,,7.301204819277103
1400000US42003523200,42003523200,5232.0,Penn Hills Municipality,,Suburban,0,3743,85,1168,2232,2,17,52,187,13.47342398,0,35.0,26.16136919,18.24894515,26.16136919,72.6,29.49571836,37.40315255,64.11969009,13.84701284,14.74036851,29.997,274.74,0,0.0,0.0,62.928,0.0,29.997,267.003,295.26,0,0.0,0.0,121.072,0.0,267.003,100000.0,1103.0,41647,28144.0,2.2709056906225,31.2049158429068,59.6313117819931,0.0534330750734705,0.454181138124499,1.38925995191023,4.99599251936949,2.3718027752199,0.488517984005982,0.704580140407922,0.873706025748462,1.09850397470623,0.0891002678049807,0.585254072158156,0.0427118303691829,0.887352177150234,High Need,High or Extreme Need,68.8,Majority BIPOC,Majority Black,13.5,18.79259981,66.0,34.67811159,22.98322225,41.36980005,18.39213418,Moderate Need,Deepening Need,6,,,42003523200.0,38300.0,"Pittsburgh, PA",2.0,2.0,68.7950841570932
1400000US42003521301,42003521301,5213.01,Monroeville Municipality,,Suburban,0,4216,111,2656,859,6,345,26,213,22.56699577,0,16.8,20.88414634,20.44247788,20.88414634,51.4,19.96233522,9.487666034,52.18216319,6.933198381,10.42510121,131.36,27.01,0,0.0,0.0,19.992,0.0,131.36,689.64,118.99,0,44.0,0.0,31.008,15.0,689.64,197300.0,967.0,75233,36554.0,2.63282732447818,62.9981024667932,20.3747628083491,0.142314990512334,8.1831119544592,0.616698292220114,5.05218216318786,0.712401938006526,0.0553141004005655,-0.349134291730949,0.213821007305198,-0.0931556054241761,-0.130811495077203,-0.468882643152513,-0.290017606468105,-0.0086352842389359,Low Need,Very Low or Low Need,37.0,Racially Mixed,Minority Black,15.4,10.10486177,66.7,16.82134571,10.06795872,30.20387616,22.61450382,Low Need,Consistent Need,4,,,,,,,,37.0018975332068
1400000US42003141300,42003141300,1413.0,Pittsburgh,Squirrel Hill South,Urban,0,5048,195,3196,182,1,1245,16,213,69.63917526,0,11.5,33.60560093,18.26171875,33.60560093,27.5,0.0,0.0,0.0,8.337068579,29.94173017,62.265,0.0,0,30.968,0.0,0.0,0.0,62.265,530.735,0.0,0,127.032,22.0,38.0,38.0,530.735,338100.0,1238.0,46530,44605.0,3.86291600633914,63.3122028526149,3.6053882725832,0.0198098256735341,24.6632329635499,0.316957210776545,4.21949286846276,0.229169826070764,1.09961025581078,-1.53704820343468,-1.16793883087333,-0.498166211849173,-1.09210537062179,-0.254837107505277,1.21481546906886,-0.460187948914671,Low Need,Very Low or Low Need,36.7,Racially Mixed,Minority Black,8.4,19.83154671,30.0,3.837471783,0.0,7.534375589,12.24082935,Very Low Need,Persistently Lower Need,3,,,42003141300.0,38300.0,"Pittsburgh, PA",1.93,2.0,36.6877971473851
1400000US42003561400,42003561400,5614.0,Wilkinsburg Borough,,Suburban,0,4012,92,787,2861,7,55,39,171,29.60784314,0,7.3,32.42909988,32.42909988,32.42909988,70.1,23.4375,44.86540379,64.80558325,7.77247069,36.99522362,0.0,14.787,0,0.0,0.0,40.968,0.0,0.0,219.0,462.213,0,0.0,0.0,31.032,0.0,219.0,133800.0,725.0,39788,22269.0,2.29312063808574,19.6161515453639,71.3110667996012,0.174476570289133,1.37088733798604,0.972083748753739,4.26221335992024,-0.153768828670784,1.00303202926766,0.580321363033055,0.45436616753503,1.41705343557231,0.101735713591028,-0.340920320717204,1.75867631016994,0.437402794230156,Moderate Need,Moderate Need,80.4,Mostly BIPOC,Majority Black,23.0,40.40728832,78.1,37.17001056,36.49635036,45.62043796,33.72534143,High Need,Lessening Need,2,,,42003561400.0,38300.0,"Pittsburgh, PA",2.09,2.0,80.38384845463611
1400000US42003513800,42003513800,5138.0,Braddock Borough,,Suburban,0,1721,42,317,1219,5,8,13,117,26.45403377,0,27.9,58.43920145,61.55419223,58.43920145,88.3,53.15315315,58.10575247,185.9384079,28.96174863,41.66666667,21.0,53.086,0,0.0,0.0,19.0,16.0,5.016,39.0,200.914,0,0.0,0.0,0.0,0.0,38.984,43800.0,912.0,27212,24311.0,2.44044160371877,18.4195235328297,70.8309122603138,0.290528762347472,0.464846019755956,0.755374782103428,6.79837303893085,1.72445409696633,3.13818480438599,1.48492526232209,2.51123454668017,1.98225900129819,2.3332308327082,2.88977034648753,2.11886874025277,2.2948655558355,Extreme Need,High or Extreme Need,81.6,Mostly BIPOC,Majority Black,25.3,57.33558179,91.4,42.85714286,45.19774011,90.39548023,41.37931034,High Need,Deepening Need,6,,,42003513800.0,38300.0,"Pittsburgh, PA",4.0,4.0,81.5804764671703
1400000US42003250900,42003250900,2509.0,Pittsburgh,Fineview,Urban,0,1140,26,456,578,2,6,8,64,47.84172662,0,11.0,33.95348837,22.1875,33.95348837,73.4,30.05780347,17.54385965,210.5263158,9.836065574,36.39344262,24.0,0.0,0,0.0,0.0,14.0,0.0,24.0,126.0,176.0,0,0.0,0.0,6.0,0.0,126.0,143600.0,594.0,38438,24772.0,2.28070175438596,40.0,50.7017543859649,0.175438596491228,0.526315789473684,0.701754385964912,5.6140350877193,0.183581890982484,1.12816811556945,0.74434294916788,0.912612627710442,0.250748137625023,2.786186475629,-0.0262877621416744,1.7122758813415,0.854193204934658,High Need,High or Extreme Need,60.0,Majority BIPOC,Racially Mixed,21.3,36.7816092,82.5,49.03225806,145.8523245,182.3154057,33.99668325,Extreme Need,Lessening Need,2,,,42003250900.0,38300.0,"Pittsburgh, PA",2.85,3.0,60.0
1400000US42003020300,42003020300,203.0,Pittsburgh,Strip District,Urban,0,1845,88,1470,51,0,175,2,59,77.94117647,1,2.9,13.98252185,14.47028424,14.47028424,10.4,2.325581395,32.5203252,43.3604336,2.905342081,8.153701968,1.015,4.0,0,0.0,0.0,0.0,0.0,0.98,143.985,0.0,0,20.0,0.0,3.0,8.0,139.02,430000.0,2155.0,119233,16929.0,4.76964769647696,79.6747967479675,2.76422764227642,0.0,9.48509485094851,0.10840108401084,3.19783197831978,-0.554942657447643,-0.471195779815995,-2.38697824067876,-1.0069659318306,0.890065265016712,-0.293324394278028,-1.08300256711118,-0.465154240674589,-0.700906329449356,Very Low Need,Very Low or Low Need,20.3,Minority BIPOC,Minority Black,0.0,6.888888889,17.1,8.196721311,21.20890774,63.62672322,5.460218409,Very Low Need,Consistent Need,4,,,42003020300.0,38300.0,"Pittsburgh, PA",4.0,4.0,20.325203252032495
1400000US42003509400,42003509400,5094.0,Turtle Creek Borough,,Suburban,0,5114,101,3061,1530,4,46,44,328,25.60240964,0,20.8,30.92532468,37.14574899,30.92532468,87.8,32.19076006,3.910833007,89.94915917,15.0873965,19.64121435,128.31,114.954,0,0.0,0.0,36.0,0.0,127.584,781.69,207.046,0,50.0,24.0,0.0,48.0,758.416,71100.0,677.0,42344,31722.0,1.97497066875244,59.8552991787251,29.917872506844,0.0782166601486116,0.899491591709034,0.860383261634728,6.41376613218616,1.07710541871276,0.879588074895046,1.46007350684711,1.06025235623716,-0.331220111289162,0.564927809579455,0.774373112715479,0.420592402534333,0.783585738242551,High Need,High or Extreme Need,40.1,Racially Mixed,Racially Mixed,16.5,13.81267739,84.0,40.81803005,15.14864609,49.23309979,23.46437346,Moderate Need,Deepening Need,6,,,,,,,,40.1447008212749
1400000US42003526301,42003526301,5263.01,Plum Borough,,Suburban,0,3989,50,3678,104,0,20,20,117,20.8,0,2.2,10.4040404,10.2108768,10.4040404,62.6,4.098360656,0.0,10.02757583,4.559848005,1.583280557,27.278,0.0,0,0.0,0.0,0.0,0.0,27.094,1158.722,0.0,0,14.0,0.0,20.0,20.0,1150.906,170700.0,1531.0,94063,39134.0,1.25344697919278,92.2035597894209,2.60716971672098,0.0,0.501378791677112,0.501378791677112,2.93306593131111,-0.618765766571235,-0.804991162964274,0.207545030908455,-0.884257082499616,-0.498166211849173,-0.907378509130058,-0.830743058191745,-0.971767728062888,-0.619536680042521,Very Low Need,Very Low or Low Need,7.8,Minority BIPOC,Minority Black,4.1,9.113924051,69.1,4.300234558,0.0,18.90805956,8.289855072,Very Low Need,Consistent Need,4,,,,,,,,7.796440210579107
1400000US42003445500,42003445500,4455.0,Sewickley Borough,,Suburban,0,3907,128,3301,195,6,72,16,189,27.92022792,0,8.1,22.89766971,16.50943396,22.89766971,41.7,11.67664671,0.0,40.95213719,11.4251353,14.25135298,30.636,2.993,0,6.0,1.0,40.044,7.004,25.172,797.364,70.007,0,0.0,0.0,53.956,9.996,786.828,447600.0,968.0,77454,31251.0,3.27617097517277,84.4893780394164,4.99104171998976,0.153570514461223,1.84284617353468,0.409521371896596,4.83747120552854,-0.0808281325295367,0.220602959409858,-0.831258347945432,-0.359700651789319,-0.498166211849173,-0.337689756844535,0.215994808687909,0.0050062027475549,-0.238720761837175,Low Need,Very Low or Low Need,15.5,Minority BIPOC,Minority Black,4.4,12.74060495,36.0,8.008213552,5.178663905,20.71465562,17.10677382,Very Low Need,Persistently Lower Need,3,,,42003445500.0,38300.0,"Pittsburgh, PA",2.0,2.0,15.510621960583606
1400000US42003403500,42003403500,4035.0,Tarentum Borough,,Suburban,0,4352,96,3553,348,4,24,27,300,33.36842105,0,12.1,35.68929321,39.61813842,35.68929321,85.0,21.29925453,13.78676471,87.31617647,24.72577697,22.39488117,113.784,0.0,0,0.0,0.0,0.0,0.0,113.784,748.216,39.0,0,0.0,0.0,38.0,38.0,748.216,68300.0,754.0,41466,31437.0,2.20588235294118,81.640625,7.99632352941176,0.0919117647058823,0.551470588235294,0.620404411764706,6.89338235294118,0.283875348176699,1.27065923622946,1.32090367618726,0.306360351479348,0.0903648257975772,0.516423301732416,2.24391945212214,0.632914362348069,0.861786598817843,High Need,High or Extreme Need,18.4,Minority BIPOC,Minority Black,17.7,36.02281989,80.3,26.44151565,4.464285714,84.82142857,31.78677196,Moderate Need,Deepening Need,6,,,,,,,,18.359375
1400000US42003408002,42003408002,4080.02,Richland Township,,Suburban,0,6309,99,5815,46,5,166,18,160,19.36102236,0,5.1,14.46620341,12.74182789,14.46620341,50.9,9.650112867,0.0,25.36059597,5.040983607,1.31147541,90.342,0.0,0,0.0,0.0,0.0,57.013,32.32,1582.658,0.0,0,34.0,0.0,65.0,13.987,1583.68,292000.0,874.0,113929,46556.0,1.56918687589158,92.1699159930258,0.729117134252655,0.0792518624187668,2.63116183230306,0.285306704707561,2.53605959740054,-0.354355743059214,-0.471530772567785,-0.373986047205922,-0.499973973728203,-0.498166211849173,-0.624915355954216,-0.757385188072583,-0.992725311267707,-0.511473327491014,Very Low Need,Very Low or Low Need,7.8,Minority BIPOC,Minority Black,3.2,21.37002342,46.6,5.561861521,0.0,22.51889979,6.450197455,Very Low Need,Consistent Need,4,,,,,,,,7.830084006974204
1400000US42003427200,42003427200,4272.0,Shaler Township,,Suburban,0,4922,80,4531,74,6,61,13,157,27.19298246,0,5.3,17.86990708,18.08596918,17.86990708,67.6,11.52154793,0.0,56.88744413,12.59382819,6.839032527,60.436,0.0,0,0.0,0.0,0.0,0.0,60.298,981.564,38.0,0,0.0,17.0,40.0,37.0,961.702,173300.0,1206.0,56912,41968.0,1.6253555465258,92.0560747663551,1.50345388053637,0.121901665989435,1.23933360422592,0.264120276310443,3.18976026005689,-0.336120569023902,-0.192122892628432,0.456062585658188,-0.370436332900403,-0.498166211849173,-0.0441313447379117,0.394183287938728,-0.566522056923451,-0.084390211077558,Low Need,Very Low or Low Need,7.9,Minority BIPOC,Minority Black,7.7,26.54996353,67.9,15.34351145,4.105933073,28.74153151,19.59183673,Low Need,Consistent Need,4,,,42003427200.0,38300.0,"Pittsburgh, PA",2.82,3.0,7.943925233644904
1400000US42003431400,42003431400,4314.0,Bellevue Borough,,Suburban,0,1893,57,1520,182,0,26,2,106,22.0,0,1.3,7.857142857,8.316831683,7.857142857,61.1,29.22077922,0.0,63.39144216,3.798882682,4.916201117,6.118,0.0,0,0.0,0.0,0.0,0.0,6.118,430.882,4.0,0,0.0,0.0,21.0,0.0,430.882,144600.0,1115.0,68273,38418.0,3.01109350237718,80.2958267300581,9.61436872688854,0.0,1.37348124669836,0.105652403592182,5.59957739038563,-0.700824049730138,-1.01406437024274,0.132989764483535,0.854675193062378,-0.498166211849173,0.0756845672630532,-0.946766056900993,-0.714782307726998,-0.299495880559154,Low Need,Very Low or Low Need,19.7,Minority BIPOC,Minority Black,8.9,20.0622084,65.5,19.72477064,10.31459515,51.57297576,18.82591093,Low Need,Consistent Need,4,,,42003431400.0,38300.0,"Pittsburgh, PA",2.0,2.0,19.704173269941904
1400000US42003430200,42003430200,4302.0,West View Borough,,Suburban,0,4551,124,4057,121,2,55,11,181,15.97402597,0,0.0,19.86577181,23.62330407,19.86577181,59.7,6.936416185,0.0,70.31421666,13.70530878,6.39219935,0.0,0.0,0,0.0,0.0,0.0,0.0,0.0,1132.0,34.0,0,0.0,0.0,45.0,72.0,1105.0,193900.0,986.0,78718,39345.0,2.7246758954076,89.1452428037794,2.6587563172929,0.0439463854098,1.2085255987695,0.2417051197539,3.9771478795869,-0.819352680959664,-0.0282836201999284,0.0634048491536095,-0.687811571226776,-0.498166211849173,0.203215131766395,0.563648711869648,-0.600975206869325,-0.17190648449227,Low Need,Very Low or Low Need,10.9,Minority BIPOC,Minority Black,1.0,5.588822355,71.5,16.31578947,0.0,17.47106355,19.31067044,Low Need,Consistent Need,4,,,42003430200.0,38300.0,"Pittsburgh, PA",2.0,2.0,10.854757196220604
1400000US42003320400,42003320400,3204.0,Pittsburgh,Overbrook,Urban,0,1870,46,1532,152,5,26,19,90,34.30420712,0,7.6,31.98707593,29.8791019,31.98707593,81.8,6.63507109,0.0,96.25668449,9.07079646,7.632743363,24.18,7.999,0,0.0,0.0,0.0,0.0,23.985,347.82,11.001,5,20.0,3.0,3.0,6.0,345.015,113800.0,1054.0,66691,31831.0,2.45989304812834,81.9251336898396,8.12834224598931,0.267379679144385,1.3903743315508,1.01604278074866,4.81283422459893,-0.126416067617816,0.966746562985597,1.16185244114743,-0.708670180458321,-0.498166211849173,0.681124323661883,-0.142966952036704,-0.505322844658215,0.1905005594047,Moderate Need,Moderate Need,18.1,Minority BIPOC,Minority Black,13.4,22.22222222,82.4,23.92996109,0.0,40.60913706,19.16461916,Moderate Need,Consistent Need,4,,,42003320400.0,38300.0,"Pittsburgh, PA",2.0,2.0,18.074866310160402
1400000US42003526302,42003526302,5263.02,Plum Borough,,Suburban,0,5065,109,4334,351,6,86,12,167,21.53518124,0,0.0,7.553475936,6.690909091,7.553475936,60.2,25.03725782,0.0,23.69200395,1.899335233,5.508072175,0.0,0.0,0,0.0,0.0,0.0,0.0,0.0,1247.0,81.0,0,0.0,0.0,14.0,0.0,1247.0,185800.0,1230.0,87029,40953.0,2.15202369200395,85.5676209279368,6.92991115498519,0.118460019743337,1.69792694965449,0.236920039486673,3.29713721618954,-0.819352680959664,-1.03899219558551,0.0882566046285828,0.565098758793862,-0.498166211849173,-0.655653968375634,-1.23638660144121,-0.66914598670266,-0.513599470684107,Very Low Need,Very Low or Low Need,14.4,Minority BIPOC,Minority Black,2.6,9.527121001,64.2,7.562457799,0.0,7.77907429,12.10884354,Very Low Need,Consistent Need,4,,,,,,,,14.432379072063199
1400000US42003496200,42003496200,4962.0,Elizabeth Township,,Suburban,0,5581,83,5116,145,3,21,8,205,15.90106007,0,2.1,24.27930814,21.40921409,24.27930814,70.5,17.09511568,0.0,32.25228454,8.495350803,3.296703297,31.724,0.0,0,0.0,0.0,0.0,0.0,31.592,1410.276,33.0,0,40.0,0.0,41.0,6.0,1404.408,157400.0,879.0,68036,40869.0,1.48718867586454,91.6681598279878,2.5981006987995,0.0537538075613689,0.376276652929583,0.143343486830317,3.67317685002688,-0.627883353588891,0.334020783638086,0.600202767413034,0.0153568114107498,-0.498166211849173,-0.497957452917893,-0.230704104705032,-0.839653969236313,-0.129304394371303,Low Need,Very Low or Low Need,8.3,Minority BIPOC,Minority Black,11.0,14.27520235,75.1,9.030982202,0.0,10.51524711,16.75586661,Low Need,Consistent Need,4,,,,,,,,8.331840172012207
1400000US42003480300,42003480300,4803.0,Baldwin Borough,,Suburban,0,3613,37,3235,102,2,132,23,82,18.27956989,0,3.4,8.287795993,6.910167818,8.287795993,74.4,16.40866873,0.0,38.74896208,9.872611465,1.847133758,32.642,0.0,0,0.0,0.0,0.0,0.0,33.228,826.358,43.0,0,37.0,0.0,30.0,15.0,818.772,165700.0,1006.0,69286,38638.0,1.02407971215057,89.5377802380293,2.82313866592859,0.0553556601162469,3.65347356767229,0.636590091336839,2.26958206476612,-0.509354722359364,-0.978712326884922,0.794046460117827,-0.0321579114960097,-0.498166211849173,-0.37827639815114,-0.0207156766127239,-0.951423281039537,-0.231905255319358,Low Need,Very Low or Low Need,10.5,Minority BIPOC,Minority Black,4.7,14.54545455,70.7,19.10828025,5.793742758,40.5561993,14.03762663,Low Need,Consistent Need,4,,,42003480300.0,38300.0,"Pittsburgh, PA",2.54,3.0,10.462219761970701
1400000US42003521100,42003521100,5211.0,Monroeville Municipality,,Suburban,0,4551,115,2874,1025,4,255,37,241,18.15028902,0,6.0,13.97569444,10.79766537,13.97569444,56.1,14.02095085,0.0,21.9731927,8.385624643,0.51340559,41.424,26.068,0,0.0,7.0,0.0,33.0,41.424,821.576,239.932,0,29.0,13.0,63.0,0.0,821.576,165900.0,850.0,86211,33240.0,2.5269171610635,63.1509558338827,22.5225225225225,0.0878927708196001,5.60316413974951,0.813008130081301,5.2955394418809,-0.272297459900311,-0.511796343453671,-0.115527790266199,-0.197431795293898,-0.498166211849173,-0.687317713740616,-0.247433852743827,-1.05426062375355,-0.361424452463957,Low Need,Very Low or Low Need,36.8,Racially Mixed,Minority Black,2.9,11.28133705,64.8,6.661562021,0.0,4.24808836,11.16666667,Very Low Need,Persistently Lower Need,3,,,,,,,,36.8490441661173
1400000US42003496101,42003496101,4961.01,Elizabeth Township,,Suburban,0,3031,40,2825,45,1,12,8,100,15.32976827,0,0.0,18.68743048,17.10843373,18.68743048,61.8,2.78833967,0.0,13.1969647,8.52775543,1.850362027,0.0,0.0,0,0.0,0.0,0.0,0.0,0.0,766.0,0.0,0,7.0,0.0,16.0,25.0,757.0,152200.0,,98286,35881.0,1.31969646981194,93.2035631804685,1.48465852853844,0.0329924117452986,0.395908940943583,0.263939293962389,3.29924117452986,-0.819352680959664,-0.125012914163471,0.167782222148497,-0.974934569160209,-0.498166211849173,-0.848992387825412,-0.225763430165786,-0.951174364795965,-0.47491999599646,Low Need,Very Low or Low Need,6.8,Minority BIPOC,Minority Black,0.9,20.11695906,74.5,9.90516333,0.0,32.0,17.26677578,Low Need,Consistent Need,4,,,,,,,,6.796436819531493
1400000US42003439000,42003439000,4390.0,Bell Acres Borough,,Suburban,0,1505,39,1359,26,0,25,14,42,6.50887574,0,6.0,11.71171171,10.46511628,11.71171171,44.0,6.034482759,0.0,13.28903654,3.826086957,1.391304348,19.035,6.996,0,2.0,0.0,0.0,0.0,19.035,403.965,4.004,0,0.0,0.0,28.0,3.0,403.965,413100.0,1067.0,156382,33524.0,2.59136212624585,90.2990033222591,1.72757475083056,0.0,1.66112956810631,0.930232558139535,2.7906976744186,-0.272297459900311,-0.697645252800298,-0.716940272760554,-0.750241911716648,-0.498166211849173,-0.847296250860376,-0.942618270572482,-0.986570087097918,-0.675029375779977,Very Low Need,Very Low or Low Need,9.7,Minority BIPOC,Minority Black,5.1,11.2565445,41.0,5.128205128,0.0,14.68428781,7.249070632,Very Low Need,Consistent Need,4,,,,,,,,9.700996677740903
1400000US42003521200,42003521200,5212.0,Monroeville Municipality,,Suburban,0,4521,178,3075,709,3,324,24,208,19.04761905,0,5.8,12.28851291,11.93078324,12.28851291,60.3,12.30769231,4.423800044,61.93320062,14.02559055,7.726377953,43.334,0.0,0,20.988,0.0,0.0,0.0,42.676,878.666,113.0,0,12.012,14.0,23.0,43.0,865.324,155600.0,1220.0,67813,37702.0,3.93718203937182,68.0159256801593,15.6823711568237,0.06635700066357,7.16655607166556,0.53085600530856,4.60075204600752,-0.290532633935622,-0.650296007371281,0.0932269557235772,-0.316020718728898,-0.309322513925713,0.0488210074607771,0.612481490794196,-0.498103133286177,-0.115948917140423,Low Need,Very Low or Low Need,32.0,Racially Mixed,Minority Black,5.7,22.79069767,61.2,8.84086444,0.0,42.79600571,10.97814776,Low Need,Consistent Need,4,,,,,,,,31.9840743198407
1400000US42003110600,42003110600,1106.0,Pittsburgh,Highland Park,Urban,0,2440,107,1725,361,3,100,22,122,27.90294627,0,6.0,7.30816078,5.495978552,7.30816078,23.4,4.100946372,8.196721311,32.78688525,5.2141527,11.91806331,29.174,9.028,0,0.0,0.0,0.0,0.0,29.174,473.826,51.972,0,37.0,0.0,33.0,8.0,473.826,404700.0,1126.0,112045,32267.0,4.38524590163934,70.6967213114754,14.7950819672131,0.122950819672131,4.0983606557377,0.901639344262295,5.0,-0.272297459900311,-1.05912996147244,-1.74083259832946,-0.884078103513322,-0.148263605985084,-0.48810909943907,-0.730982411433022,-0.174902503690482,-0.760527605724673,Very Low Need,Very Low or Low Need,29.3,Racially Mixed,Minority Black,9.5,16.92524683,29.9,2.462121212,0.0,17.20430108,12.65938069,Very Low Need,Consistent Need,4,,,42003110600.0,38300.0,"Pittsburgh, PA",1.54,1.0,29.3032786885246
1400000US42003477200,42003477200,4772.0,Whitehall Borough,,Suburban,0,4466,52,4005,28,0,279,6,96,11.32637854,0,2.8,17.1291866,16.83991684,17.1291866,59.1,5.924170616,0.0,17.91312136,9.611742424,7.528409091,35.58,0.0,0,0.0,0.0,0.0,0.0,35.58,1150.42,0.0,0,45.0,0.0,35.0,0.0,1150.42,221800.0,1374.0,79306,54263.0,1.16435288849082,89.6775638154948,0.626959247648903,0.0,6.24720107478728,0.134348410210479,2.14957456336767,-0.564060244465299,-0.252928168002026,0.0335827425836413,-0.757877535864873,-0.498166211849173,-0.762111886209189,-0.0604899048100134,-0.513367556874625,-0.408864458373847,Low Need,Very Low or Low Need,10.3,Minority BIPOC,Minority Black,0.8,12.4341412,62.2,4.533333333,0.0,29.0486565,19.81931112,Very Low Need,Persistently Lower Need,3,,,,,,,,10.322436184505193
1400000US42003474201,42003474201,4742.01,Upper St. Clair Municipality,,Suburban,0,2634,67,2193,22,0,210,14,128,18.8034188,0,0.4,10.33112583,9.596662031,10.33112583,26.7,1.278772379,0.0,0.0,3.695881732,0.739176346,2.82,0.0,0,0.0,0.0,0.0,0.0,2.82,702.18,5.0,0,58.0,6.0,8.0,0.0,702.18,379600.0,2083.0,154731,49366.0,2.54365983295368,83.2574031890661,0.835231586940015,0.0,7.97266514806378,0.531511009870919,4.85952923310554,-0.782882332889041,-0.810976673865224,-1.57681101219463,-1.07942432112279,-0.498166211849173,-1.09210537062179,-0.962470424403297,-1.03685253028546,-0.971833763849421,Very Low Need,Very Low or Low Need,16.7,Minority BIPOC,Minority Black,1.0,9.104704097,28.3,3.138373752,0.0,0.0,4.449388209,Very Low Need,Consistent Need,4,,,,,,,,16.742596810933904
1400000US42003526201,42003526201,5262.01,Plum Borough,,Suburban,0,3704,56,3335,98,0,49,9,157,21.38643068,0,0.0,16.91629956,16.88073394,16.91629956,67.0,7.649769585,0.0,21.59827214,9.816849817,5.421245421,0.0,0.0,0,0.0,0.0,0.0,0.0,0.0,1063.0,0.0,0,0.0,0.0,22.0,0.0,1063.0,184400.0,1139.0,85903,45913.0,1.51187904967603,90.0377969762419,2.64578833693305,0.0,1.32289416846652,0.242980561555076,4.23866090712743,-0.819352680959664,-0.270403930371481,0.42624047908822,-0.638434428338174,-0.498166211849173,-0.69422445765676,-0.0292175536607134,-0.675840778694069,-0.360508397678249,Low Need,Very Low or Low Need,10.0,Minority BIPOC,Minority Black,1.9,12.42009132,66.5,5.332167832,0.0,5.188067445,16.93917593,Very Low Need,Persistently Lower Need,3,,,,,,,,9.962203023758093
1400000US42003425000,42003425000,4250.0,Etna Borough,,Suburban,0,3437,115,2968,141,2,39,22,150,27.04485488,0,8.7,32.82097649,32.09628887,32.82097649,76.6,16.11111111,5.819028222,104.742508,18.53864734,19.38405797,65.017,0.0,0,11.0,0.0,1.995,0.0,65.017,757.983,21.0,0,0.0,10.0,33.005,0.0,757.983,114900.0,839.0,46892,39958.0,3.34594122781495,86.3543788187373,4.10241489671225,0.0581902822228688,1.13471050334594,0.640093104451557,4.36427116671516,-0.0261226104236014,1.03520093214924,0.903394184207709,-0.0527543579702708,-0.24976284894088,0.837449199259959,1.30057905095192,0.400764315060699,0.535426221319155,Moderate Need,Moderate Need,13.6,Minority BIPOC,Minority Black,6.1,21.472937,77.8,18.85644769,17.65225066,100.0294204,23.51752022,Moderate Need,Consistent Need,4,,,42003425000.0,38300.0,"Pittsburgh, PA",3.1,3.0,13.645621181262698
1400000US42003413500,42003413500,4135.0,McCandless Township,,Suburban,0,6621,160,5487,247,0,527,19,181,64.5342312,0,1.9,12.83662478,9.357326478,12.83662478,40.9,4.50629556,0.0,12.08276695,2.553846154,2.307692308,27.968,0.0,0,0.0,0.0,0.0,0.0,27.968,1188.032,44.0,0,227.0,7.0,15.0,7.0,1188.032,283800.0,1148.0,74259,43216.0,2.41655339072648,82.8726778432261,3.730554296934,0.0,7.95952273070533,0.286965715148769,2.73372602325933,-0.646118527624202,-0.605301850883418,-0.871021156705389,-0.856020502924813,-0.498166211849173,-0.869518012056832,-1.13659451177937,-0.915911833817694,-0.783248681974742,Very Low Need,Very Low or Low Need,17.1,Minority BIPOC,Minority Black,2.5,14.43298969,39.8,10.65631616,9.026628554,6.017752369,17.33564014,Very Low Need,Consistent Need,4,,,,,,,,17.1273221567739
1400000US42003426300,42003426300,4263.0,Shaler Township,,Suburban,0,5982,91,5620,67,1,33,17,153,13.71872304,0,1.7,23.14862765,20.39800995,23.14862765,52.6,1.893095768,0.0,10.03009027,3.939269594,1.231021748,29.903,0.0,0,0.0,0.0,0.0,0.0,29.903,1729.097,0.0,0,37.0,0.0,0.0,0.0,1729.097,226300.0,1547.0,94917,47666.0,1.52123035773989,93.9485122032765,1.12002674690739,0.0167168171180207,0.551654964894684,0.284185891006352,2.55767301905717,-0.664353701659514,0.241203937863822,-0.289490078591012,-1.03690187185927,-0.498166211849173,-0.907332188402348,-0.92536151977234,-0.998928704890336,-0.582914519181405,Very Low Need,Very Low or Low Need,6.1,Minority BIPOC,Minority Black,0.8,16.45429363,53.4,1.568627451,3.281916639,16.4095832,10.854597,Very Low Need,Consistent Need,4,,,,,,,,6.051487796723507
1400000US42003429600,42003429600,4296.0,Ross Township,,Suburban,0,3588,72,3068,151,6,113,15,163,11.69811321,0,3.0,23.62362362,23.79454927,23.62362362,60.0,12.09302326,0.0,16.72240803,1.141407736,3.931515536,22.372,4.012,0,0.0,0.0,0.0,0.0,22.064,776.628,29.988,0,4.0,0.0,23.0,19.0,765.936,211900.0,1189.0,77953,40301.0,2.0066889632107,85.5072463768116,4.20847268673356,0.167224080267559,3.14938684503902,0.418060200668896,4.54292084726867,-0.545825070429987,0.280196056398464,0.0783159024385933,-0.330879755435824,-0.498166211849173,-0.784047071753158,-1.35194642834562,-0.790706660971102,-0.450336082710958,Low Need,Very Low or Low Need,14.5,Minority BIPOC,Minority Black,2.6,11.05527638,50.8,10.07092199,0.0,12.66624446,10.84415584,Very Low Need,Persistently Lower Need,3,,,,,,,,14.492753623188406
1400000US42003415002,42003415002,4150.02,Indiana Township,,Suburban,0,2604,60,2306,22,0,94,7,115,18.05309735,0,3.7,6.562054208,6.855439642,6.562054208,47.7,7.898259705,0.0,0.0,6.712062257,1.556420233,27.678,0.0,0,0.0,0.0,0.0,0.0,27.678,631.322,7.0,15,27.0,0.0,39.0,12.0,631.322,305100.0,1286.0,116250,33731.0,2.30414746543779,88.5560675883256,0.844854070660522,0.0,3.60983102918587,0.268817204301075,4.41628264208909,-0.482001961306396,-1.12037737772926,-0.533037282245751,-0.621234353085647,-0.498166211849173,-1.09210537062179,-0.502598865763383,-0.973838798023673,-0.692788774657342,Very Low Need,Very Low or Low Need,11.4,Minority BIPOC,Minority Black,3.6,10.07751938,42.7,2.608695652,0.0,31.82179793,11.0,Very Low Need,Consistent Need,4,,,,,,,,11.443932411674396
1400000US42003488500,42003488500,4885.0,West Mifflin Borough,,Suburban,0,2742,54,2346,136,0,66,14,126,30.62283737,0,0.9,18.77172654,20.93023256,18.77172654,71.8,10.14760148,0.0,58.3515682,11.74152876,7.56501182,4.95,0.0,0,0.0,0.0,0.0,0.0,4.95,490.05,11.0,0,36.0,0.0,0.0,0.0,490.05,137400.0,738.0,58371,43586.0,1.96936542669584,85.5579868708972,4.9598832968636,0.0,2.40700218818381,0.510576221735959,4.59518599562363,-0.737294397800761,-0.11809310395219,0.664817331647965,-0.465538634484635,-0.498166211849173,-0.0171594176370028,0.264234744059044,-0.510545297079299,-0.129599955716679,Low Need,Very Low or Low Need,14.4,Minority BIPOC,Minority Black,8.4,15.30120482,77.3,9.219088937,0.0,20.49180328,13.99209486,Low Need,Consistent Need,4,,,,,,,,14.442013129102804
1400000US42003460002,42003460002,4600.02,Kennedy Township,,Suburban,0,3776,52,3329,199,0,70,15,111,21.36054422,0,4.5,13.02186879,13.06638567,13.02186879,56.1,10.04694836,10.59322034,63.55932203,4.08548083,5.405405405,47.76,0.0,0,0.0,0.0,0.0,0.0,47.76,947.24,46.0,0,10.0,14.0,0.0,14.0,947.24,225200.0,1620.0,90848,40853.0,1.3771186440678,88.1620762711864,5.27012711864407,0.0,1.85381355932203,0.397245762711864,2.9396186440678,-0.409061265165149,-0.590095287350358,-0.115527790266199,-0.472505677031041,-0.0459615728450117,0.0787772311350091,-0.90306895855703,-0.677062125886901,-0.351063331439968,Low Need,Very Low or Low Need,11.8,Minority BIPOC,Minority Black,1.8,14.73456121,66.6,4.0,18.01801802,48.04804805,17.8245614,Low Need,Consistent Need,4,,,,,,,,11.837923728813607
1400000US42003521402,42003521402,5214.02,Monroeville Municipality,,Suburban,0,3855,63,2892,420,4,306,24,146,37.12871287,0,3.3,22.77227723,21.11801242,22.77227723,40.6,4.518329071,0.0,15.56420233,2.655485674,3.494060098,27.231,11.985,0,0.0,0.0,0.0,0.0,27.231,911.769,129.015,4,54.0,12.0,23.0,0.0,911.769,243100.0,2193.0,110799,43917.0,1.63424124513619,75.0194552529183,10.8949416342412,0.103761348897536,7.93774319066148,0.622568093385214,3.78728923476005,-0.51847230937702,0.210309570092233,-0.885932209990373,-0.855187563189615,-0.498166211849173,-0.805383405434399,-1.12109771903291,-0.824436738717884,-0.63913283554018,Very Low Need,Very Low or Low Need,25.0,Minority BIPOC,Minority Black,2.5,16.05769231,38.4,1.640689089,0.0,15.92356688,6.789716546,Very Low Need,Consistent Need,4,,,,,,,,24.980544747081694
1400000US42003503002,42003503002,5030.02,White Oak Borough,,Suburban,0,5846,91,5111,369,7,39,29,200,22.15189873,0,6.6,31.91082803,26.34289919,31.91082803,70.4,10.99337748,0.0,23.94799863,21.02154274,4.030576789,100.464,0.0,0,0.0,0.0,0.0,0.0,100.464,1355.536,14.0,0,0.0,0.0,40.0,0.0,1355.536,114700.0,958.0,57813,41532.0,1.55661991105029,87.42730071844,6.31200821074239,0.119739993157715,0.667122819021553,0.496065685939104,3.42114266164899,-0.217591937794375,0.960487421134736,0.59523241631804,-0.406995418171725,-0.498166211849173,-0.650938063495264,1.67914159655349,-0.783068525803186,0.208738543242247,Moderate Need,Moderate Need,12.6,Minority BIPOC,Minority Black,3.9,15.08967223,75.0,7.95990566,0.0,33.04146704,22.14620094,Low Need,Emerging Need,5,,,,,,,,12.572699281560006
1400000US42003429300,42003429300,4293.0,Ross Township,,Suburban,0,6546,101,5840,152,0,242,19,192,34.28143713,0,4.8,12.13872832,11.47836538,12.13872832,53.9,3.119584055,3.055300947,12.22120379,4.42804428,5.20295203,26.537,56.0,0,0.0,0.0,0.0,0.0,26.537,1534.463,14.0,0,84.0,0.0,16.0,0.0,1534.463,255900.0,983.0,89250,52605.0,1.54292697830736,89.2147876565842,2.3220287198289,0.0,3.69691414604339,0.290253589978613,2.93308890925756,-0.381708504112181,-0.66259172956013,-0.224875514356082,-0.952006380510387,-0.367741164748981,-0.866967744334944,-0.850838932410115,-0.692672328631366,-0.615247138576117,Very Low Need,Very Low or Low Need,10.8,Minority BIPOC,Minority Black,0.0,14.70392548,58.0,5.829903978,0.0,26.00780234,21.19148936,Very Low Need,Consistent Need,4,,,,,,,,10.785212343415793
1400000US42003414102,42003414102,4141.02,Hampton Township,,Suburban,0,7044,146,6405,62,2,243,19,167,19.75890985,0,2.4,13.19712866,13.91962726,13.19712866,40.2,13.49325337,0.0,17.03577513,4.683098592,5.915492958,48.438,0.0,0,0.0,0.0,0.0,0.0,48.022,1814.562,0.0,0,106.0,32.0,0.0,48.0,1798.978,331600.0,1409.0,115494,45528.0,2.07268597387848,90.9284497444634,0.880181714934696,0.0283929585462805,3.44974446337308,0.269733106189665,2.37081203861442,-0.600530592535923,-0.575708315550563,-0.905813614370352,-0.233958142363829,-0.498166211849173,-0.778274258676584,-0.811951265367284,-0.63773173626135,-0.629200342959101,Very Low Need,Very Low or Low Need,9.1,Minority BIPOC,Minority Black,2.0,9.086188993,44.2,7.166587565,2.675227394,24.07704655,10.56964109,Very Low Need,Consistent Need,4,,,,,,,,9.071550255536593
1400000US42003412002,42003412002,4120.02,Franklin Park Borough,,Suburban,0,4865,97,3946,58,4,599,21,140,15.37216828,0,2.8,14.57627119,13.97006415,14.57627119,21.5,1.526162791,0.0,8.221993834,0.0,0.347826087,37.504,0.0,0,0.0,0.0,0.0,0.0,38.346,1134.496,7.0,0,171.0,6.0,20.0,16.0,1123.654,457800.0,1773.0,173750,46794.0,1.99383350462487,81.1099691675231,1.19218910585817,0.0822199383350462,12.3124357656732,0.431654676258993,2.87769784172662,-0.564060244465299,-0.462495378173587,-1.83526926913436,-1.06230036583977,-0.498166211849173,-0.940640735309309,-1.5259747897939,-1.06702766017444,-0.984129570652199,Very Low Need,Very Low or Low Need,18.9,Minority BIPOC,Minority Black,0.5,12.17687075,27.8,2.511566424,0.0,7.458512027,4.436130412,Very Low Need,Consistent Need,4,,,,,,,,18.890030832476896
1400000US42003270100,42003270100,2701.0,Pittsburgh,Brighton Heights,Urban,0,2578,93,1701,596,3,37,25,123,34.50980392,0,0.0,22.29064039,16.09822647,22.29064039,63.3,4.814814815,15.5159038,31.0318076,18.15286624,14.09235669,0.0,0.0,0,0.0,0.0,0.0,0.0,0.0,417.0,97.0,0,0.0,0.0,26.0,0.0,417.0,168600.0,1064.0,61481,31995.0,3.60744763382467,65.9813809154383,23.1186966640807,0.116369278510473,1.43522110162917,0.969743987587277,4.7711404189294,-0.819352680959664,0.170772306742545,0.242337488573417,-0.834665310199833,0.164178519167939,-0.52044094030023,1.24175970831632,-0.0072532338882515,-0.0507729869513586,Low Need,Very Low or Low Need,34.0,Racially Mixed,Minority Black,5.8,16.14654003,55.4,24.35897436,22.98850575,53.63984674,11.68177241,Low Need,Consistent Need,4,,,42003270100.0,38300.0,"Pittsburgh, PA",2.33,2.0,34.018619084561706
1400000US42003191900,42003191900,1919.0,Pittsburgh,Brookline,Urban,0,2177,69,1792,155,7,29,17,108,38.24228029,0,11.2,13.73937677,11.54471545,13.73937677,58.2,22.61072261,0.0,110.2434543,8.333333333,9.578544061,38.994,0.0,0,0.0,9.0,0.0,9.0,38.994,363.006,8.0,0,10.0,0.0,0.0,0.0,363.006,157900.0,1096.0,64000,35234.0,3.16949931097841,82.3151125401929,7.1198897565457,0.321543408360129,1.33210840606339,0.780891134588884,4.96095544327056,0.201817065017796,-0.531195511409708,-0.0111504172713106,0.397138003593995,-0.498166211849173,0.93878700636917,-0.255406613669012,-0.355291542902436,0.0345461886831082,Moderate Need,Moderate Need,17.7,Minority BIPOC,Minority Black,9.7,20.38690476,65.6,26.91511387,0.0,68.86374816,19.68085106,Low Need,Emerging Need,5,,,42003191900.0,38300.0,"Pittsburgh, PA",2.1,2.0,17.6848874598071
1400000US42003191800,42003191800,1918.0,Pittsburgh,Brookline,Urban,0,5252,221,4422,248,3,89,35,234,24.30939227,0,6.1,19.18392205,17.73584906,19.18392205,74.4,6.790622474,7.61614623,53.31302361,10.97659403,13.84180791,75.636,0.0,0,0.0,0.0,0.0,0.0,76.442,1070.364,91.0,0,0.0,0.0,0.0,141.0,956.558,169200.0,1059.0,71058,39820.0,4.20792079207921,84.1964965727342,4.72201066260472,0.0571210967250571,1.69459253617669,0.666412795125666,4.45544554455445,-0.263179872882655,-0.084256235430195,0.794046460117827,-0.697903170846693,-0.173047263503003,-0.10997891303411,0.147606537084296,-0.0265718412129171,-0.0552446369277904,Low Need,Very Low or Low Need,15.8,Minority BIPOC,Minority Black,4.4,20.40389972,71.3,18.62821512,7.695267411,61.56213928,11.77520071,Low Need,Consistent Need,4,,,42003191800.0,38300.0,"Pittsburgh, PA",2.07,2.0,15.803503427265795
1400000US42003192000,42003192000,1920.0,Pittsburgh,Beechview,Urban,0,3455,264,2562,314,0,91,24,200,27.16236722,0,3.6,20.90747331,22.10724365,20.90747331,66.1,17.54143646,5.788712012,138.9290883,8.68385346,16.48575305,26.035,0.0,0,0.0,0.0,0.0,0.0,25.83,608.965,68.0,0,0.0,9.0,12.0,29.0,589.17,112600.0,941.0,75735,34119.0,7.6410998552822,74.1534008683068,9.08827785817656,0.0,2.63386396526773,0.694645441389291,5.78871201157742,-0.491119548324052,0.0572289966033565,0.381507319233268,0.0462503978550173,-0.251056990888183,1.46723049346474,-0.20196344745198,0.177290009352142,0.14401103149888,Moderate Need,Moderate Need,25.8,Minority BIPOC,Minority Black,9.3,25.1975417,69.3,16.54846336,0.0,120.3501094,20.18987342,Moderate Need,Consistent Need,4,,,42003192000.0,38300.0,"Pittsburgh, PA",2.95,3.0,25.846599131693196
1400000US42003565300,42003565300,5653.0,Pittsburgh,Hays-New Homestead,Urban,0,1238,11,993,150,0,11,12,61,32.29813665,0,22.8,68.68327402,70.4379562,68.68327402,69.7,11.21794872,16.15508885,48.46526656,9.142857143,9.333333333,70.89,0.0,0,0.0,0.0,0.0,0.0,70.89,184.11,25.0,9,20.0,0.0,3.0,0.0,184.11,158000.0,870.0,51008,,0.888529886914378,80.2100161550889,12.1163166397415,0.0,0.888529886914378,0.969305331179321,4.92730210016155,1.25945715906588,3.97911423780185,0.560439958653077,-0.391450968245292,0.191464125953694,-0.199283742067838,-0.13197999076791,-0.374198558797814,0.752537254341922,High Need,High or Extreme Need,19.8,Minority BIPOC,Minority Black,,,,,,,,,,7,,,42003565300.0,38300.0,"Pittsburgh, PA",4.0,4.0,19.789983844911106
1400000US42003458002,42003458002,4580.02,Collier Township,,Suburban,0,4602,48,4287,55,1,77,25,109,5.928237129,0,3.7,9.632653061,8.732876712,9.632653061,66.6,6.586345382,4.345936549,17.3837462,4.865125241,4.5761079,46.526,0.0,0,0.0,0.0,0.0,0.0,46.526,1035.474,107.0,0,29.0,0.0,27.0,0.0,1035.474,298400.0,1638.0,95000,,1.04302477183833,93.155149934811,1.19513255106475,0.0217296827466319,1.67318557149066,0.543242068665797,2.36853541938288,-0.482001961306396,-0.868313861382979,0.406359074708241,-0.712042893402935,-0.312646359981772,-0.771863975200221,-0.784197993275047,-0.741005254464178,-0.503529709977301,Very Low Need,Very Low or Low Need,6.8,Minority BIPOC,Minority Black,,,,,,,,,,7,,,,,,,,6.844850065188993
1400000US42003458001,42003458001,4580.01,Collier Township,,Suburban,0,4333,103,3657,97,4,310,23,139,20.1585504,0,7.0,10.7879925,9.518828452,10.7879925,38.8,8.748977923,0.0,27.69443803,3.320631464,0.870985302,86.184,0.0,0,0.0,0.0,0.0,0.0,86.184,1047.816,0.0,0,70.0,0.0,19.0,0.0,1047.816,377300.0,1705.0,116080,,2.37710593122548,84.3987999076852,2.238633741057,0.0923147934456497,7.15439649203785,0.530810062312486,3.20793907223633,-0.181121589723752,-0.773472778092872,-0.975398529700278,-0.562349044614247,-0.498166211849173,-0.581921582955624,-1.01968415023796,-1.02668937777345,-0.656016269596272,Very Low Need,Very Low or Low Need,15.6,Minority BIPOC,Minority Black,,,,,,,,,,7,,,,,,,,15.601200092314798
1400000US42003101900,42003101900,1019.0,Pittsburgh,Garfield,Urban,0,2432,69,564,1591,7,59,42,100,24.3902439,0,20.3,23.74371859,21.58774373,23.74371859,58.3,39.45249597,32.89473684,49.34210526,6.189213086,15.20778073,5.98,119.883,0,0.0,0.0,0.0,0.0,5.98,86.02,329.117,0,5.0,0.0,75.0,6.0,86.02,170900.0,1096.0,60457,,2.83717105263158,23.1907894736842,65.4194078947368,0.287828947368421,2.42598684210526,1.72697368421053,4.11184210526316,1.03151748362448,0.29005457647318,-0.0061800661763162,1.56289770936418,0.906048193254864,-0.183130719260382,-0.582316727876877,0.0787517310102084,0.431270064200448,Moderate Need,Moderate Need,76.8,Mostly BIPOC,Majority Black,,,,,,,,,,7,,,42003101900.0,38300.0,"Pittsburgh, PA",3.97,4.0,76.8092105263158
1400000US42003120900,42003120900,1209.0,Pittsburgh,Larimer,Urban,0,1545,32,209,1181,11,38,6,68,15.7480315,0,35.2,57.90884718,58.23529412,57.90884718,83.2,49.40711462,77.66990291,129.4498382,31.54362416,43.12080537,0.0,87.108,0,2.0,0.0,0.0,0.0,0.0,12.0,150.892,0,1.0,0.0,0.0,12.0,0.0,73500.0,1107.0,21087,,2.07119741100324,13.5275080906149,76.4401294498382,0.711974110032363,2.45954692556634,0.388349514563107,4.40129449838188,2.39003794925521,3.09464835804268,1.23143735647736,2.25193995333833,2.81741576224435,1.29260482620931,3.2834242124793,2.2309903580108,2.33735834543522,Extreme Need,High or Extreme Need,86.5,Mostly BIPOC,Mostly Black,,,,,,,,,,7,,,42003120900.0,38300.0,"Pittsburgh, PA",3.84,4.0,86.4724919093851
1400000US42003130700,42003130700,1307.0,Pittsburgh,Homewood North-Homewood West,Urban,0,2231,41,54,2040,10,5,23,58,14.7826087,0,30.2,35.55555556,36.11738149,35.55555556,85.3,39.23541247,71.71671896,143.4334379,41.41315015,43.47399411,7.0,142.967,0,0.0,0.0,0.0,0.0,7.0,13.0,308.033,0,0.0,26.0,0.0,26.0,13.0,50600.0,670.0,30518,,1.83774092335276,2.42043926490363,91.4388166741372,0.448229493500672,0.224114746750336,1.03092783505155,2.5997310623039,1.93415859837242,1.2596807971885,1.33581472947225,1.54787154842031,2.56328554379983,1.55020910951072,4.78821288889927,2.25822303732998,2.13989045938047,Extreme Need,High or Extreme Need,97.6,Mostly BIPOC,Mostly Black,,,,,,,,,,7,,,42003130700.0,38300.0,"Pittsburgh, PA",3.5,4.0,97.57956073509636
1400000US42003141200,42003141200,1412.0,Pittsburgh,Point Breeze-Regent Square,Urban,0,4007,168,3304,180,1,139,13,202,24.12903226,0,3.0,11.33928571,10.37107517,11.33928571,19.8,1.108033241,4.991265286,19.96506114,4.196185286,6.648501362,16.031,16.0,0,0.0,0.0,0.0,0.0,16.031,926.969,64.0,30,10.0,14.0,6.0,36.0,926.969,392400.0,1139.0,119044,,4.19266284002995,82.455702520589,4.49213875717494,0.0249563264287497,3.46892937359621,0.324432243573746,5.04117793860744,-0.545825070429987,-0.728217467417998,-1.91976523774926,-1.09124260195485,-0.28509849076091,-0.724311284951664,-0.886190051506496,-0.581212995589151,-0.882950029253024,Very Low Need,Very Low or Low Need,17.5,Minority BIPOC,Minority Black,,,,,,,,,,7,,,42003141200.0,38300.0,"Pittsburgh, PA",1.56,1.0,17.544297479411
1400000US42003130800,42003130800,1308.0,Pittsburgh,Homewood South,Urban,0,2260,41,63,2007,7,9,28,105,11.84615385,0,38.9,46.77060134,46.63341646,46.77060134,84.1,52.09713024,168.1415929,221.2389381,19.40298507,40.93816631,0.0,144.936,0,0.0,0.0,31.02,0.0,0.0,32.0,221.064,0,0.0,0.0,23.98,0.0,32.0,73600.0,581.0,23636,,1.8141592920354,2.78761061946903,88.8053097345133,0.309734513274336,0.398230088495575,1.23893805309735,4.64601769911504,2.72738866890848,2.18031680684812,1.27617051633231,2.43813838687956,6.67948193276869,2.98353318527989,1.43236305253664,2.06269759309844,2.81677036422195,Extreme Need,High or Extreme Need,97.2,Mostly BIPOC,Mostly Black,,,,,,,,,,7,,,42003130800.0,38300.0,"Pittsburgh, PA",3.56,4.0,97.21238938053096
1400000US42003564800,42003564800,5648.0,Wilkinsburg Borough,,Suburban,0,1819,40,144,1532,4,5,5,89,15.78171091,0,29.5,43.47826087,45.48286604,43.47826087,84.3,40.66852368,131.9406267,153.9307312,16.75257732,38.27319588,9.0,87.123,0,0.0,0.0,9.984,0.0,9.0,27.0,169.877,0,5.0,9.0,42.016,0.0,27.0,66200.0,886.0,33883,,2.19901044529962,7.91643760307861,84.2221000549753,0.219901044529962,0.274876305662452,0.274876305662452,4.89279824079164,1.87033548924883,1.91005066151084,1.2861112185223,1.64706913686866,5.13413081888136,1.74358905281324,1.0282602036119,1.85721458388557,2.08850665449387,Extreme Need,High or Extreme Need,92.1,Mostly BIPOC,Mostly Black,,,,,,,,,,7,,,42003564800.0,38300.0,"Pittsburgh, PA",3.0,3.0,92.0835623969214
1400000US42003010302,42003010302,103.02,Pittsburgh,Bluff,Urban,0,4075,283,2876,648,33,116,11,108,97.24223602,1,22.0,44.28251121,44.52830189,44.52830189,58.1,26.60550459,4.90797546,88.34355828,19.25465839,29.8136646,0.0,24.016,0,0.0,0.0,0.0,0.0,0.0,23.0,54.984,0,6.0,0.0,1.0,0.0,23.0,166500.0,1563.0,49375,,6.94478527607362,70.5766871165644,15.9018404907975,0.809815950920245,2.84662576687117,0.269938650306748,2.65030674846626,1.18651646292463,1.99624786423253,-0.0161207683663054,0.673650207272102,-0.288653976674559,0.535349612590839,1.40974795342234,1.20494095098644,0.785248193628798,High Need,High or Extreme Need,29.4,Racially Mixed,Minority Black,,,,,,,,,,7,,,42003010302.0,38300.0,"Pittsburgh, PA",4.0,4.0,29.4233128834356
1400000US42003564700,42003564700,5647.0,Wilkinsburg Borough,,Suburban,0,2184,81,464,1441,9,13,26,150,26.55367232,0,29.0,36.87752355,39.14285714,36.87752355,83.6,47.99154334,64.1025641,219.7802198,21.69312169,46.7372134,4.0,121.968,0,0.0,0.0,11.04,15.0,0.0,76.0,186.032,0,0.0,5.0,68.96,0.0,76.0,66500.0,825.0,40433,,3.70879120879121,21.2454212454212,65.9798534798535,0.412087912087912,0.595238095238095,1.19047619047619,6.86813186813187,1.82474755416055,1.36820031276478,1.25131876085734,2.15395644984405,2.23825160329103,2.95666084265911,1.78153601755263,2.50983412910135,1.93923879158993,Extreme Need,High or Extreme Need,78.8,Mostly BIPOC,Majority Black,,,,,,,,,,7,,,42003564700.0,38300.0,"Pittsburgh, PA",2.96,3.0,78.7545787545788
1400000US42003412004,42003412004,4120.04,Franklin Park Borough,,Suburban,0,4302,77,2828,50,3,1174,20,150,21.16182573,0,0.0,5.843071786,5.286738351,5.843071786,33.5,3.659574468,0.0,0.0,2.83933518,11.28808864,0.0,0.0,0,0.0,0.0,0.0,0.0,0.0,823.0,73.0,0,267.0,0.0,12.0,0.0,823.0,405800.0,1667.0,145288,,1.78986517898652,65.7368665736867,1.16225011622501,0.0697350069735007,27.2896327289633,0.464900046490005,3.48675034867503,-0.819352680959664,-1.17939818968046,-1.238827137735,-0.914629136943347,-0.498166211849173,-1.09210537062179,-1.09306651924941,-0.223476810355299,-0.97650646386269,Very Low Need,Very Low or Low Need,34.3,Racially Mixed,Minority Black,,,,,,,,,,7,,,,,,,,34.2631334263133
1400000US42003513000,42003513000,5130.0,North Braddock Borough,,Suburban,0,2247,68,561,1444,1,7,9,157,24.66666667,0,21.1,33.33333333,37.00189753,33.33333333,84.1,28.63636364,62.30529595,133.5113485,17.60435572,46.09800363,22.04,59.904,11,0.0,0.0,0.0,0.0,22.04,72.96,252.096,0,11.0,0.0,11.0,0.0,72.96,43800.0,538.0,31321,,3.02625723186471,24.9666221628838,64.2634623943035,0.0445037828215398,0.311526479750779,0.400534045393859,6.98709390298175,1.10445817976573,1.0772599808551,1.27617051633231,0.814222912888224,2.16152960857376,1.36742550703535,1.15812930699516,2.46054774844238,1.27988514463509,High Need,High or Extreme Need,75.0,Majority BIPOC,Majority Black,,,,,,,,,,7,,,42003513000.0,38300.0,"Pittsburgh, PA",3.45,4.0,75.0333778371162
1400000US42003411002,42003411002,4110.02,Marshall Township,,Suburban,0,6076,233,4333,99,6,1189,16,200,13.14398943,0,4.4,11.37352393,11.96860693,11.37352393,30.1,19.81513576,0.0,3.291639236,3.897216274,0.0,10.864,0.0,0,65.872,0.0,0.0,0.0,10.864,1347.136,0.0,0,302.128,0.0,5.0,0.0,1347.136,444600.0,1634.0,113089,,3.83475971033575,71.3133640552995,1.62936142198815,0.0987491770901909,19.5687952600395,0.263331138907176,3.2916392363397,-0.418178852182805,-0.725406873608844,-1.40781907496481,0.203632104063768,-0.498166211849173,-1.03146716697837,-0.931773312983684,-1.09384685119995,-0.687025626929132,Very Low Need,Very Low or Low Need,28.7,Racially Mixed,Minority Black,,,,,,,,,,7,,,,,,,,28.686635944700498
1400000US42003411001,42003411001,4110.01,Marshall Township,,Suburban,0,4004,128,3079,42,1,599,12,143,13.4369287,0,0.7,5.739514349,3.562551781,5.739514349,16.6,2.752293578,0.0,0.0,0.0,0.0,7.77,0.0,0,0.0,0.0,0.0,0.0,7.77,1102.23,0.0,0,45.0,32.0,12.0,32.0,1102.23,537500.0,2309.0,237563,,3.1968031968032,76.8981018981019,1.04895104895105,0.024975024975025,14.96003996004,0.2997002997003,3.57142857142857,-0.755529571836073,-1.18789915413843,-2.07881647278909,-0.977429620049795,-0.498166211849173,-1.09210537062179,-1.5259747897939,-1.09384685119995,-1.15941731301118,Very Low Need,Very Low or Low Need,23.1,Minority BIPOC,Minority Black,,,,,,,,,,7,,,,,,,,23.1018981018981
1400000US42003409002,42003409002,4090.02,Pine Township,,Suburban,0,5499,182,4660,75,5,328,12,237,10.90798294,0,0.0,21.91863995,22.02614379,21.91863995,22.7,2.086137281,0.0,3.637024914,1.726190476,0.0,0.0,0.0,0,0.0,0.0,0.0,0.0,0.0,1431.0,31.0,0,14.0,0.0,10.0,0.0,1431.0,655000.0,,203776,,3.3096926713948,84.7426804873613,1.36388434260775,0.0909256228405165,5.96472085833788,0.218221494817239,4.30987452264048,-0.819352680959664,0.140235026075892,-1.77562505599442,-1.02353985750449,-0.498166211849173,-1.02510451129939,-1.26278566761512,-1.09384685119995,-0.894905565592338,Very Low Need,Very Low or Low Need,15.3,Minority BIPOC,Minority Black,,,,,,,,,,7,,,,,,,,15.257319512638702
1400000US42003412003,42003412003,4120.03,Franklin Park Borough,,Suburban,0,6312,132,5016,79,9,854,25,197,16.86390533,0,3.6,11.23085649,9.181761399,11.23085649,27.1,3.921568627,0.0,22.17997465,1.918684331,2.832343536,65.34,0.0,0,0.0,0.0,0.0,0.0,64.592,1419.66,62.0,0,188.0,17.0,33.0,70.0,1403.408,430000.0,2378.0,170347,,2.09125475285171,79.467680608365,1.25158428390368,0.142585551330798,13.5297845373891,0.396070975918885,3.12103929024081,-0.491119548324052,-0.737118353458902,-1.55692960781465,-0.896494334438835,-0.498166211849173,-0.683508400175282,-1.23343647966243,-0.87545850949444,-0.87096756224619,Very Low Need,Very Low or Low Need,20.5,Minority BIPOC,Minority Black,,,,,,,,,,7,,,,,,,,20.532319391635
1400000US42003409001,42003409001,4090.01,Pine Township,,Suburban,0,9192,258,7719,144,6,681,56,328,22.34234234,0,0.7,10.8125,9.187396352,10.8125,28.2,5.043768237,0.0,4.351610096,1.186492242,1.855795558,15.113,0.0,0,0.0,0.0,0.0,0.0,15.113,2143.887,0.0,0,152.0,31.0,57.0,9.0,2143.887,419700.0,2054.0,166663,,2.80678851174935,83.9751958224543,1.56657963446475,0.0652741514360313,7.40861618798956,0.609225413402959,3.56832027850305,-0.755529571836073,-0.771460972929582,-1.50225574576971,-0.818817532880865,-0.498166211849173,-1.01194050434724,-1.34507247571815,-0.95075541144175,-0.957606145047258,Very Low Need,Very Low or Low Need,16.0,Minority BIPOC,Minority Black,,,,,,,,,,7,,,,,,,,16.024804177545704
1400000US42003241300,42003241300,2413.0,Pittsburgh,Spring Garden-Troy Hill,Urban,0,3395,122,2585,424,3,87,8,166,33.63028953,0,2.2,14.37007874,14.94252874,14.37007874,62.7,23.18125771,23.5640648,182.6215022,12.40793201,19.43342776,2.848,15.036,0,0.0,0.0,0.0,0.0,2.692,709.152,68.964,0,0.0,0.0,15.0,39.0,670.308,99000.0,1407.0,70218,,3.59351988217968,76.1413843888071,12.4889543446244,0.0883652430044183,2.56259204712813,0.235640648011782,4.88954344624448,-0.618765766571235,-0.479421585887198,0.21251538200345,0.436629499892551,0.50773936495814,2.27212717313857,0.365840035493052,0.404570981318308,0.385237729003904,Moderate Need,Moderate Need,23.9,Minority BIPOC,Minority Black,,,,,,,,,,7,,,42003241300.0,38300.0,"Pittsburgh, PA",3.39,4.0,23.858615611192903
1400000US42003563202,42003563202,5632.02,Pittsburgh,East Allegheny,Urban,0,1903,73,1256,438,2,44,2,88,54.375,0,9.8,39.17948718,36.64739884,39.17948718,55.3,20.85106383,42.03888597,157.6458224,16.66666667,46.65144597,23.074,0.0,0,0.0,0.0,0.0,0.0,23.074,142.926,46.0,0,11.0,0.0,12.0,0.0,142.926,273600.0,786.0,41607,,3.83604834471886,66.0010509721492,23.0162900683132,0.105097214923805,2.3121387283237,0.105097214923805,4.6242774566474,0.0741708467706136,1.55716705015287,-0.155290599026156,0.275337332264409,1.29639470957512,1.81202804037775,1.01516156306575,2.50322101647148,0.839281277597194,High Need,High or Extreme Need,34.0,Racially Mixed,Minority Black,,,,,,,,,,7,,,42003563202.0,38300.0,"Pittsburgh, PA",3.99,4.0,33.9989490278508
1400000US42003565200,42003565200,5652.0,Pittsburgh,California-Kirkbride-Manchester,Urban,0,2740,68,799,1710,7,31,20,105,39.02821317,0,8.4,19.9285076,21.23809524,19.9285076,64.5,19.11111111,36.49635036,145.9854015,17.82178218,40.79207921,0.0,57.081,0,0.0,0.0,0.0,0.0,0.0,129.0,301.919,0,0.0,0.0,187.0,0.0,129.0,251600.0,973.0,59229,,2.48175182481752,29.1605839416058,62.4087591240876,0.255474452554745,1.13138686131387,0.72992700729927,3.83211678832117,-0.053475371476569,-0.0231336789066487,0.301981701713354,0.154900681825999,1.05979429589131,1.59722109271196,1.19127992388331,2.05143352180622,0.604081235091816,Moderate Need,Moderate Need,70.8,Majority BIPOC,Majority Black,,,,,,,,,,7,,,42003565200.0,38300.0,"Pittsburgh, PA",4.0,4.0,70.83941605839419
1400000US42003565100,42003565100,5651.0,Pittsburgh,Central Northside,Urban,0,2972,104,1767,903,5,56,14,123,22.73567468,0,28.4,18.88997079,19.11613566,18.88997079,49.0,25.96006144,13.4589502,121.1305518,8.950418545,29.81326465,20.821,97.955,53,0.0,12.996,0.0,23.0,20.821,422.179,39.045,0,0.0,5.004,0.0,0.0,422.179,401300.0,1069.0,57621,,3.49932705248991,59.4549125168237,30.3835800807537,0.168236877523553,1.8842530282638,0.471063257065949,4.13862718707941,1.77004203205461,-0.108386508310884,-0.468422718010821,0.628973699605609,0.0763710413395003,1.13934787831118,-0.161320753786311,1.20491011277202,0.410943524457555,Moderate Need,Moderate Need,40.5,Racially Mixed,Racially Mixed,,,,,,,,,,7,,,42003565100.0,38300.0,"Pittsburgh, PA",3.98,4.0,40.5450874831763
1400000US42003261300,42003261300,2613.0,Pittsburgh,Northview Heights-Summer Hill,Urban,0,2767,56,840,1732,3,16,12,108,17.4432497,0,38.1,41.26760563,43.91447368,41.26760563,78.2,41.13029827,28.91217926,65.05240332,10.85657371,33.66533865,0.0,222.037,0,0.0,0.0,21.0,0.0,0.0,258.0,130.963,0,0.0,5.0,0.0,5.0,258.0,145500.0,709.0,48500,,2.0238525478858,30.357788218287,62.5948680881821,0.108420672208168,0.578243585110228,0.433682688832671,3.90314419949404,2.65444797276723,1.72857937206536,0.982919801727624,1.67903241048977,0.736040305665019,0.106282604849418,0.129307257193925,1.50192494952977,1.14522996067976,High Need,High or Extreme Need,69.6,Majority BIPOC,Majority Black,,,,,,,,,,7,,,42003261300.0,38300.0,"Pittsburgh, PA",2.54,3.0,69.642211781713
1400000US42003271600,42003271600,2716.0,Pittsburgh,Marshall-Shadeland,Urban,0,4046,98,1686,1904,7,60,36,255,26.20087336,0,12.7,37.12190651,33.92670157,37.12190651,86.0,21.44268775,49.43153732,153.2377657,10.83374938,32.60109835,32.904,83.834,0,0.0,0.0,11.978,0.0,32.904,424.096,418.166,0,0.0,0.0,41.022,0.0,424.096,86100.0,983.0,38719,,2.42214532871972,41.6707859614434,47.0588235294118,0.173010380622837,1.48294611962432,0.889767671774592,6.30252100840336,0.338580870282634,1.38826155527209,1.37060718713721,0.316288561815084,1.6119730821298,1.73082332118406,0.125827273113062,1.41986651581964,0.98319455013342,High Need,High or Extreme Need,58.3,Majority BIPOC,Racially Mixed,,,,,,,,,,7,,,42003271600.0,38300.0,"Pittsburgh, PA",3.5,4.0,58.3292140385566
1400000US42003562901,42003562901,5629.01,Pittsburgh,Hazelwood,Urban,0,1433,43,838,416,4,43,8,81,5.529953917,0,14.0,8.522727273,8.797653959,8.522727273,73.7,45.45454545,13.95673412,111.653873,10.74249605,7.266982622,23.976,14.0,0,5.0,0.0,0.0,0.0,23.976,192.024,56.0,0,0.0,0.0,17.0,0.0,192.024,214300.0,1121.0,52679,,3.00069783670621,58.4787159804606,29.0300069783671,0.279134682484299,3.00069783670621,0.558269364968597,5.65247732030705,0.457109501512161,-0.959426966806488,0.759254002452864,1.97834965057371,0.0976205000140922,0.964769579251917,0.111914043864894,-0.533524890304406,0.487084330123307,Moderate Need,Moderate Need,41.5,Racially Mixed,Racially Mixed,,,,,,,,,,7,,,42003562901.0,38300.0,"Pittsburgh, PA",3.75,4.0,41.5212840195394
1400000US42003161000,42003161000,1610.0,Pittsburgh,Arlington-Arlington Heights-Mt. Oliver-St. Clair,Urban,0,2666,91,1543,825,1,8,35,163,13.59477124,0,28.5,30.57742782,30.57228916,30.57742782,85.7,47.99025579,30.00750188,120.0300075,12.99145299,22.39316239,4.005,230.02,0,0.0,0.0,0.0,0.0,3.942,440.995,140.98,0,0.0,0.0,5.0,7.0,434.058,65600.0,918.0,55700,,3.41335333833458,57.8769692423106,30.9452363090773,0.0375093773443361,0.300075018754689,1.31282820705176,6.11402850712678,1.77915961907227,0.851029441854539,1.35569613385222,2.15386732776188,0.782797566825716,1.11907377638284,0.454808417971316,0.632781835516777,1.21377604053154,High Need,High or Extreme Need,42.1,Racially Mixed,Racially Mixed,,,,,,,,,,7,,,42003161000.0,38300.0,"Pittsburgh, PA",3.0,3.0,42.1230307576894
