_id,permit_id,permit_type,owner_name,contractor_name,work_description,work_type,commercial_or_residential,total_project_value,issue_date,parcel_num,address,latitude,longitude,council_district,neighborhood,ward,zip_code,status,tract,tract_clean,GEOID20,CBSA10,METRO_NAME,HRI2020,INTERVAL2020,GEOID20_clean
27746739,BP-2019-00108,BUILDING,FLAHERTY VIRGINIA M,Virginia Flaherty,Construction of a two-family townhome,NEW CONSTRUCTION,Residential,210000.0,2019-08-26,0084K00146000000,"360 LAMONT PL, Pittsburgh, 15232-",40.4554476305,-79.9271681715,8.0,Shadyside,7.0,15232.0,Completed,42003070500,42003070500,42003070500,38300,"Pittsburgh, PA",2.74,3,42003070500
27746743,BP-2019-00134,BUILDING,THREE CROSSINGS 2.0-D/E LP,"RYCON CONSTRUCTION, INC","TENANT FIT-OUT PARTIAL 1ST FLOOR, ENTIRE 2ND & 3RD FLOORS - BUILDING D",NEW CONSTRUCTION,Commercial,2105022.0,2019-07-24,0025F00290000000,"2865 RAILROAD ST #301, Pittsburgh, PA 15222-",40.459215123,-79.9765905494,1.0,Strip District,6.0,15222.0,Completed,42003020300,42003020300,42003020300,38300,"Pittsburgh, PA",4.0,4,42003020300
27746754,BP-2019-00208,BUILDING,,JBK Properties,"CONSTRUCT THREE STORY SINGLE FAMILY DWELLING
AMENDMENT: ADD ROOF TOP DECK AND SPIRAL STAIR ON THIRD STORY
AMENDMENT WITHDRAWAL PER APPLICANT REQUEST 
AMENDMENT2  04/13/2021- REMOVE LOWER DECK FROM SCOPE OF WORK",NEW CONSTRUCTION,Residential,345000.0,2019-08-13,0049C00273000000,"4623 BANCROFT ST, Pittsburgh, PA 15201-",40.4710226045,-79.9549601922,7.0,Central Lawrenceville,9.0,15201.0,Completed,42003090200,42003090200,42003090200,38300,"Pittsburgh, PA",3.02,3,42003090200
27746762,BP-2019-00266,BUILDING,210 OPHELIA STREET LLC,SSD INDUSTRIES LLC,NEW CONSTRUCTION,NEW CONSTRUCTION,Residential,255000.0,2019-11-05,0028N00100000000,"210 OPHELIA ST, Pittsburgh, PA 15213-",40.4353699488,-79.9646152587,3.0,South Oakland,4.0,15213.0,Completed,42003040900,42003040900,42003040900,38300,"Pittsburgh, PA",3.51,4,42003040900
27746771,BP-2019-00295,BUILDING,THREE CROSSINGS 2.0-D/E LP,"RYCON CONSTRUCTION, INC",CONSTRUCTION OF A 3 STORY BUILDING - BUILDING D,NEW CONSTRUCTION,Commercial,4810641.0,2019-06-21,0025F00290000000,"2865 RAILROAD ST #301, Pittsburgh, PA 15222-",40.459215123,-79.9765905494,1.0,Strip District,6.0,15222.0,Completed,42003020300,42003020300,42003020300,38300,"Pittsburgh, PA",4.0,4,42003020300
27746849,BP-2019-00663,BUILDING,MANCHESTER ACADEMIC CHARTER SCHOOL,JALAR CONSTRUCTION LLC,NEW PLAYGROUND,NEW CONSTRUCTION,Commercial,3500.0,2020-03-09,0022L00118000000,No primary address specified,40.4561159296,-80.024291651,6.0,Manchester,21.0,15233.0,Expired,42003565200,42003565200,42003565200,38300,"Pittsburgh, PA",4.0,4,42003565200
27746905,BP-2019-00945,BUILDING,MAX AUTO REAL ESTATE LLC,Lombardo Industries Incorporated ,Construction of new 1 story structure as vehicle repair garage,NEW CONSTRUCTION,Commercial,1696754.0,2019-10-14,0051E00124000000,"824 GROSS ST, Pittsburgh, PA 15224-",40.4576541993,-79.9493593377,7.0,Bloomfield,8.0,15224.0,Completed,42003080200,42003080200,42003080200,38300,"Pittsburgh, PA",3.0,3,42003080200
27746960,BP-2019-01219,BUILDING,UPMC MERCY,Mascaro Construction Co LP,"CONSTRUCTION OF HOSPITAL WITH REHABILITATION CENTER, RESEARCH LABS, AND ASSOCIATED PARKING STRUCTURE  WITH PEDESTRIAN BRIDGE",NEW CONSTRUCTION,Commercial,122680909.0,2020-02-07,0002M00310000000,"1622 LOCUST ST, Pittsburgh, PA 15219-",40.436106554,-79.9835922908,6.0,Bluff,1.0,15219.0,Completed,42003010302,42003010302,42003010302,38300,"Pittsburgh, PA",4.0,4,42003010302
27747021,BP-2019-01649,BUILDING,HOFFMAN SAMUEL L,Ecocraft Homes Inc,CONSTRUCT A 2-STORY SINGLE FAMILY PREFABRICATED MODULAR DWELLING WITH INTEGRAL GARAGE AND DECK OFF THE FIRST FLOOR.,NEW CONSTRUCTION,Residential,150000.0,2021-09-20,0050L00007000000,"5249 BROWN Way, Pittsburgh, PA 15224-",40.4672761476,-79.9385861354,9.0,Garfield,10.0,15224.0,Completed,42003101900,42003101900,42003101900,38300,"Pittsburgh, PA",3.97,4,42003101900
27747022,BP-2019-01650,BUILDING,CROCE ROBERT J,"Chiseled Homes, LLC","CONSTRUCTION OF A NEW 3-STORY SINGLE FAMILY DWELLING WITH SINGLE ATTACHED SINGLE CAR GARAGE, ROOFTOP DECK AND ROOFTOP VESTIBULE.",NEW CONSTRUCTION,Residential,160000.0,2019-09-19,0119S00041000000,"5310 DRESDEN Way, Pittsburgh, PA 15201-",40.4819657697,-79.9517074758,7.0,Upper Lawrenceville,10.0,15201.0,Completed,42003101100,42003101100,42003101100,38300,"Pittsburgh, PA",3.32,4,42003101100
27747028,BP-2019-01683,BUILDING,5542 PENN LP,RP Oak Hill Building Company Inc.,CONSTRUCT NEW BANK,NEW CONSTRUCTION,Commercial,902048.0,2019-12-03,0083N00198000000,"5576 PENN AVE, Pittsburgh, PA 15206-",40.4633715048,-79.9311578202,9.0,Friendship,8.0,15206.0,Completed,42003080700,42003080700,42003080700,38300,"Pittsburgh, PA",3.01,3,42003080700
27747033,BP-2019-01712,BUILDING,HOLDINGS ACQUISITION CO LP,Massaro Company,FOUNDATIONS AND SUPERSTRUCTURE FOR NEW 7 STORY HOTEL,NEW CONSTRUCTION,Commercial,6772455.0,2019-09-25,0007L00032000000,"757 CASINO DR, Pittsburgh, PA 15212-",40.447128815,-80.0220214965,6.0,Chateau,21.0,15233.0,Completed,42003980600,42003980600,42003980600,38300,"Pittsburgh, PA",4.0,4,42003980600
27747087,BP-2019-01999,BUILDING,,Pomo Development Inc,"NEW 4 BEDROOM HOUSE WITH INTEGRAL PARKING, ROOF DECK AND REAR DECK.",NEW CONSTRUCTION,Residential,175000.0,2019-08-13,0006G00005000000,"1654 RUTLEDGE ST, Pittsburgh, PA 15211-",40.4403534346,-80.0244418974,2.0,Duquesne Heights,19.0,15211.0,Completed,42003191100,42003191100,42003191100,38300,"Pittsburgh, PA",3.42,4,42003191100
27747088,BP-2019-02005,BUILDING,,Pomo Development Inc,"NEW 4 BEDROOM HOUSE WITH INTEGRAL PARKING, ROOF DECK",NEW CONSTRUCTION,Residential,175000.0,2019-08-13,0006G00003000000,"1660 RUTLEDGE ST, Pittsburgh, PA 15211-",40.4404141555,-80.0245325211,2.0,Duquesne Heights,19.0,15211.0,Completed,42003191100,42003191100,42003191100,38300,"Pittsburgh, PA",3.42,4,42003191100
27747127,BP-2019-02218,BUILDING,,Hofmann Construction,NEW DETACHED 2 STORY SINGLE FAMILY DWELLING WITH INTEGRAL 1 CAR GARAGE,NEW CONSTRUCTION,Residential,140000.0,2019-10-25,0026B00322000000,"3711 MELWOOD AVE, Pittsburgh, PA 15213-",40.4601935184,-79.958430797,7.0,Polish Hill,6.0,15213.0,Completed,42003060500,42003060500,42003060500,38300,"Pittsburgh, PA",3.56,4,42003060500
27747129,BP-2019-02223,BUILDING,FIFTY-THIRD STREET PROPERTIES LLC,"Green Development and Construction, LLC",NEW ATTACHED TWO-STORY SINGLE FAMILY DWELLING WITH SLAB ON GRADE AND LOW SLOPED ROOF,NEW CONSTRUCTION,Residential,20000.0,2020-11-04,0174A00223000000,"7037 HERMITAGE ST, Pittsburgh, PA 15208-",40.4611766947,-79.8985995504,9.0,Homewood North,13.0,15208.0,Expired,42003130700,42003130700,42003130700,38300,"Pittsburgh, PA",3.5,4,42003130700
27747146,BP-2019-02311,BUILDING,HOLDINGS ACQUISITION CO LP,Massaro Corporation,CONSTRUCTION OF 7 STORY HOTEL ADDITION ATTACHED TO EXISTING CASINO,NEW CONSTRUCTION,Commercial,976510.0,2019-11-18,0007L00032000000,"757 CASINO DR, Pittsburgh, PA 15212-",40.447128815,-80.0220214965,6.0,Chateau,21.0,15233.0,Completed,42003980600,42003980600,42003980600,38300,"Pittsburgh, PA",4.0,4,42003980600
27747223,BP-2019-02808,BUILDING,,RON KILLEN CONSTRUCTION,"Masonary Garage,  24'x22'4x13'",NEW CONSTRUCTION,Residential,40400.0,2019-09-09,0114M00207000000,"3828 ATKINS ST, Pittsburgh, 15212-",40.4863226351,-80.034370608,1.0,Brighton Heights,27.0,15212.0,Expired,42003270800,42003270800,42003270800,38300,"Pittsburgh, PA",2.11,2,42003270800
27747232,BP-2019-02885,BUILDING,LORE PPA BKSQ PARCEL B LLC,"RYCON CONSTRUCTION, INC","INTERIOR TENANT FIT-OUT OF APPROXIMATELY 180,000 SF OF OFFICE SPACE OF AN EXISTING CORE/SHELL OFFICE BUILDING.  TENANT WILL OCCUPY PART OF LEVEL 1, PART OF LEVEL 4, AND THE ENTIRETY OF LEVELS 5, 6, 7, 8, AND 9.  PROJECT INCLUDES FIT-OUT OF EXTERIOR ROOF TERRACES ON LEVEL 8.  AMENDED FOR OFFICE LAYOUT REVISIONS ON LEVELS 5, 7, 8 AND 9.",NEW CONSTRUCTION,Commercial,12096292.0,2019-10-02,0125J00120000000,"6501 LIVING PL, Pittsburgh, PA 15206-",40.4562370919,-79.9162070297,8.0,Shadyside,7.0,15206.0,Completed,42003070800,42003070800,42003070800,38300,"Pittsburgh, PA",2.9,3,42003070800
27747254,BP-2019-02983,BUILDING,KRE UP III PITTSBURGH OWNER LLC,"MBM Contracting, Inc",INTERIOR AND EXTERIOR ALTERATIONS FOR TENANT FITOUT,NEW CONSTRUCTION,Commercial,140000.0,2019-09-23,0028F00185000000,"3423 FORBES AVE #1026, Pittsburgh, PA 15213-",40.4391016971,-79.9608796729,6.0,Central Oakland,4.0,15213.0,Completed,42003040500,42003040500,42003040500,38300,"Pittsburgh, PA",3.0,3,42003040500
27747410,BP-2019-03908,BUILDING,ANG REAL ESTATE LLC,Artisan Development Group LLC,CONSTRUCTION OF NEW 3-STORY SINGLE FAMILY DWELLING WITH ROOFTOP DECK AND INTEGRAL 2-CAR GARAGE,NEW CONSTRUCTION,Residential,200000.0,2021-01-20,0049N00363000000,"504 37TH ST, Pittsburgh, PA 15201-",40.4625895156,-79.9623287275,7.0,Lower Lawrenceville,6.0,15201.0,Completed,42003060300,42003060300,42003060300,38300,"Pittsburgh, PA",3.37,4,42003060300
27747436,BP-2019-04077,BUILDING,,"AZA Builders, LLC",NEW 2 STORY SINGLE FAMILY DWELLING,NEW CONSTRUCTION,Residential,140000.0,2019-11-18,0083A00264000000,"5456 BLACK ST, Pittsburgh, PA 15206-",40.4697813583,-79.9311121191,9.0,Garfield,11.0,15206.0,Completed,42003111400,42003111400,42003111400,38300,"Pittsburgh, PA",2.66,3,42003111400
27747437,BP-2019-04078,BUILDING,,"AZA Builders, LLC","NEW 2 STORY SINGLE FAMILY DWELLING
AMENDMENT: NEW 3 STORY SINGLE FAMILY DWELLING",NEW CONSTRUCTION,Residential,175000.0,2019-11-18,0083A00266000000,"5454 BLACK ST, Pittsburgh, PA 15206-",40.4698168029,-79.9312044652,9.0,Garfield,11.0,15206.0,Completed,42003111400,42003111400,42003111400,38300,"Pittsburgh, PA",2.66,3,42003111400
27747447,BP-2019-04173,BUILDING,MAHONE AARON,ECOCRAFT HOMES INC,CONSTRUCT MODULAR 3 STORY SINGLE FAMILY DWELLING WITH INTEGRAL GARAGE AND 3RD FLOOR FRONT ROOD DECK,NEW CONSTRUCTION,Residential,350000.0,2020-03-11,0026F00039000000,"3501 MELWOOD AVE, Pittsburgh, PA 15213-",40.4592922936,-79.9614018051,7.0,Polish Hill,6.0,15219.0,Completed,42003060500,42003060500,42003060500,38300,"Pittsburgh, PA",3.56,4,42003060500
27747448,BP-2019-04175,BUILDING,RYDER TRUCK RENTAL INC,"City of Pittsburgh Permits, Licenses and Inspections",FOUNDATION FOR 48' x 12' MODULAR OFFICE TRAILER WITH RAMP AND STEPS AT USED TRUCK FACILITY,NEW CONSTRUCTION,Commercial,20000.0,2019-11-26,0069A00116000000,"2405 WOODMERE DR, Pittsburgh, PA 15205-",40.4412946775,-80.0801705146,2.0,Fairywood,28.0,15205.0,Completed,42003563000,42003563000,42003563000,38300,"Pittsburgh, PA",2.29,2,42003563000
27747469,BP-2019-04338,BUILDING,PHILIP EVERETT FARR LIVING TRUST,Artisan Development Group LLC,3 STORY SINGLE FAMILY DWELLING WITH DECK ON 2ND & 3RD FL WITH INTEGRAL GARAGE.,NEW CONSTRUCTION,Residential,200000.0,2021-09-03,0004L00324000000,"435 NEFF ST, Pittsburgh, PA 15211-",40.4277917278,-80.0044568574,2.0,Mount Washington,19.0,15211.0,Issued,42003191400,42003191400,42003191400,38300,"Pittsburgh, PA",3.12,3,42003191400
27747470,BP-2019-04339,BUILDING,,Artisan Development Group LLC,3 STORY SINGLE FAMILY DWELLING WITH DECKS ON 2ND & 3RD FL & INTEGRAL GARAGE,NEW CONSTRUCTION,Residential,200000.0,2021-07-26,0004L00326000000,"433 NEFF ST, Pittsburgh, PA 15211-",40.4278182633,-80.004397527,2.0,Mount Washington,19.0,15211.0,Issued,42003191400,42003191400,42003191400,38300,"Pittsburgh, PA",3.12,3,42003191400
27747474,BP-2019-04364,BUILDING,,PHC Construction Inc,"NEW 3 STORY HOUSE WITH HABITABLE BASEMENT BELOW, EXTERIOR DECK AT 1ST FLOOR AND ON TOP OF 2ND FLOOR. 2 CAR GARAGE",NEW CONSTRUCTION,Residential,150000.0,2019-09-27,0080H00011000000,"5177 KEYSTONE ST, Pittsburgh, PA 15201-",40.479150247,-79.9531857587,7.0,Upper Lawrenceville,10.0,15201.0,Completed,42003101100,42003101100,42003101100,38300,"Pittsburgh, PA",3.32,4,42003101100
27747482,BP-2019-04408,BUILDING,,Nigrelli Plumbing & Excavation,CONSTRUCTION OF 3-STORY SINGLE FAMILY DWELLING,NEW CONSTRUCTION,Residential,240000.0,2020-09-15,0012F00068000000,"1912 FOX Way, Pittsburgh, PA 15203-",40.4298755577,-79.9784182121,3.0,South Side Flats,17.0,15203.0,Issued,42003170200,42003170200,42003170200,38300,"Pittsburgh, PA",4.0,4,42003170200
27747527,BP-2019-04645,BUILDING,PENNLEY PARK SOUTH INC,P.J. Dick Incorporated,"SITE WORK AND FOUNDATION TO GRADE CONSTRUCTION FOR NEW MIXED-USE HIGHRISE: INCLUDING CAISSONS, GRADE BEAMS, SLABS, COLUMNS, AND STEEL: 
-
NO SUPERSTRUCTURE, INTERIOR WALLS, PRECAST ELEMENTS, OR WORK ABOVE GRADE UNDER THIS PERMIT.",NEW CONSTRUCTION,Commercial,8200000.0,2019-11-26,0083N00125000000,"141 S SAINT CLAIR ST #601, Pittsburgh, PA 15206-",40.4623681682,-79.9296214621,9.0,East Liberty,8.0,15206.0,Completed,42003111500,42003111500,42003111500,38300,"Pittsburgh, PA",3.87,4,42003111500
27747528,BP-2019-04661,BUILDING,RRG 5135 LLC,"O'Dell Contracting, Inc.",CONSTRUCTION OF AN ATTACHED 3-STORY SINGLE FAMILY DWELLING WITH INTEGRAL 1-CAR GARAGE,NEW CONSTRUCTION,Residential,295200.0,2020-10-14,0052G00133000000,"5131 5TH AVE, Pittsburgh, PA 15232-",40.4481567579,-79.9373961933,8.0,Shadyside,7.0,15232.0,Completed,42003070300,42003070300,42003070300,38300,"Pittsburgh, PA",1.84,2,42003070300
27747580,BP-2019-04994,BUILDING,MURWEST LLC,MASCARO CONSTRUCTION COMPANY LP,INTERIOR FIT-OUT OF 7000 SQ' OF 8TH FLOOR FOR UNIV. OF PITTSBURGH DEPARTMENT OF COMPUTATIONAL BIOLOGY,NEW CONSTRUCTION,Commercial,203000.0,2019-11-06,0028F00206000000,"3422 FORBES AVE, Pittsburgh, PA 15213-",40.4387606883,-79.9602788913,3.0,Central Oakland,4.0,15213.0,Completed,42003040500,42003040500,42003040500,38300,"Pittsburgh, PA",3.0,3,42003040500
27747590,BP-2019-05054,BUILDING,CITY OF PITTSBURGH,"jeff disanzo construction, llc",CONSTRUCTION OF NEW MASONRY BUILDING,NEW CONSTRUCTION,Commercial,43750.0,2020-06-08,0034D00020000000,"300 MICHIGAN ST, Pittsburgh, PA 15210-",40.4133449042,-80.0021041632,3.0,Beltzhoover,18.0,15210.0,Completed,42003562400,42003562400,42003562400,38300,"Pittsburgh, PA",3.0,3,42003562400
27747593,BP-2019-05090,BUILDING,RIDC SOUTHWESTERN PA GROWTH FUND,"Rycon Construction, Inc","TENANT FIT-OUT FOR OFFICE, RESEARCH LAB AND VEHICLE STORAGE",NEW CONSTRUCTION,Commercial,7034318.0,2019-11-01,0055J00114000000,"4339 LYTLE ST, Pittsburgh, PA 15207-",40.4159064666,-79.9484456346,5.0,Hazelwood,15.0,15207.0,Completed,42003562901,42003562901,42003562901,38300,"Pittsburgh, PA",3.75,4,42003562901
27747602,BP-2019-05153,BUILDING,UNIVERSITY OF PITTSBURGH OF THE COMMONWEALTH SYSTEM OF HIGHER EDUUCATION,Scalo Solar Solutions LLC,2 SOLAR CANOPY STRUCTURES AT SURFACE PARKING LOT,NEW CONSTRUCTION,Commercial,300000.0,2019-12-13,0056E00012000000,"46 Beehive ST #201, Pittsburgh, PA 15207-",40.4168147047,-79.9501182858,5.0,Hazelwood,15.0,15207.0,Completed,42003562901,42003562901,42003562901,38300,"Pittsburgh, PA",3.75,4,42003562901
27747603,BP-2019-05154,BUILDING,ALMONO LP,SCALO SOLAR SOLUTIONS LLC,CONSTRUCT 2 SOLAR CANOPY STRUCTURES AT SURFACE PARKING LOT,NEW CONSTRUCTION,Commercial,600000.0,2019-12-19,0056E00002000000,"54 HAZELWOOD AVE, Pittsburgh, PA 15217-",40.4094243128,-79.9483375417,5.0,Hazelwood,15.0,15207.0,Completed,42003562901,42003562901,42003562901,38300,"Pittsburgh, PA",3.75,4,42003562901
27747604,BP-2019-05155,BUILDING,HAZELWOOD GREEN PROPERTY OWNERSASSOCIATION,SCALO SOLAR SOLUTIONS,CONSTRUCT 1 SOLAR CANOPY STRUCTURE,NEW CONSTRUCTION,Commercial,120000.0,2019-12-13,0056E00006000000,"4601 LYTLE ST, Pittsburgh, PA 15207-",40.4135927325,-79.9474528345,5.0,Hazelwood,15.0,15207.0,Completed,42003562901,42003562901,42003562901,38300,"Pittsburgh, PA",3.75,4,42003562901
27747632,BP-2019-05338,BUILDING,THE BYER FAMILLY REVOCABLE TRUST,FRANJO CONSTRUCTION,CONSTRUCTION OF 4 STORY SINGLE FAMILY DWELLING WITH ATTACHED GARAGE AND ROOFTOP DECK,NEW CONSTRUCTION,Commercial,175000.0,2020-01-30,0049J00321000000,"206 39TH ST, Pittsburgh, PA 15201-",40.467267564,-79.9636151473,7.0,Lower Lawrenceville,6.0,15201.0,Completed,42003060300,42003060300,42003060300,38300,"Pittsburgh, PA",3.37,4,42003060300
27747650,BP-2019-05455,BUILDING,,Akator Construction LLC,"CONSTRUCT 3-STORY HOUSE WITH BASEMENT, FRONT PORCH, REAR DECK, & FRONT ROOFTOP DECK",NEW CONSTRUCTION,Residential,200000.0,2020-12-02,0083K00083000000,"315 N SAINT CLAIR ST, Pittsburgh, PA 15206-",40.4654340887,-79.9275409964,9.0,East Liberty,11.0,15206.0,Completed,42003111500,42003111500,42003111500,38300,"Pittsburgh, PA",3.87,4,42003111500
27747651,BP-2019-05456,BUILDING,,Akator Construction LLC,"CONSTRUCT 3-STORY HOUSE WITH BASEMENT, FRONT PORCH, REAR DECK, & FRONT ROOFTOP DECK",NEW CONSTRUCTION,Residential,200000.0,2021-01-12,0083K00082000000,"317 N SAINT CLAIR ST, Pittsburgh, PA 15206-",40.4654949376,-79.9274984667,9.0,East Liberty,11.0,15206.0,Completed,42003111500,42003111500,42003111500,38300,"Pittsburgh, PA",3.87,4,42003111500
27747657,BP-2019-05492,BUILDING,BRACKENRIDGE OAK HILL LLC,Fairchance Construction Co,NEW CONSTRUCTION OF A 3-STORY 18 UNIT APARTMENT BUILDING WITH BASEMENT,NEW CONSTRUCTION,Commercial,2354552.0,2020-01-22,0010S00075000000,"239 BLAKEY CT #310, Pittsburgh, PA 15219-",40.4445641169,-79.9691318132,6.0,Terrace Village,5.0,15213.0,Completed,42003051000,42003051000,42003051000,38300,"Pittsburgh, PA",3.92,4,42003051000
27747658,BP-2019-05493,BUILDING,BRACKENRIDGE OAK HILL LLC,Fairchance Construction Co,CONSTRUCT A 59 UNIT 4 STORY MULTI-FAMILY DWELLING WITH SURFACE PARKING,NEW CONSTRUCTION,Commercial,7717698.0,2020-01-22,0010S00072000000,"10 TURRENTINE PL #208, Pittsburgh, PA 15213-",40.4442830894,-79.970501214,6.0,Terrace Village,5.0,15213.0,Completed,42003051000,42003051000,42003051000,38300,"Pittsburgh, PA",3.92,4,42003051000
27747660,BP-2019-05495,BUILDING,BRACKENRIDGE OAK HILL LLC,Fairchance Construction Co,"CONSTRUCT NEW 3-STORY APARTMENT BUILDING TO INCLUDE 3 UNITS ON FIRST LEVEL, 10 UNITS ON SECOND LEVEL, 10 UNITS ON THIRD LEVEL, AND 10 UNITS ON FOUR LEVEL",NEW CONSTRUCTION,Commercial,4316678.0,2020-01-21,0010S00075000000,"239 BLAKEY CT #310, Pittsburgh, PA 15219-",40.4445641169,-79.9691318132,6.0,Terrace Village,5.0,15213.0,Completed,42003051000,42003051000,42003051000,38300,"Pittsburgh, PA",3.92,4,42003051000
27747661,BP-2019-05496,BUILDING,BRACKENRIDGE OAK HILL LLC,Fairchance Construction Co,CONSTRUCTION OF NEW THREE STORY WOOD FRAMED APARTMENT BUILDING,NEW CONSTRUCTION,Commercial,3924254.0,2020-01-17,0010S00075000000,"239 BLAKEY CT #310, Pittsburgh, PA 15219-",40.4445641169,-79.9691318132,6.0,Terrace Village,5.0,15213.0,Completed,42003051000,42003051000,42003051000,38300,"Pittsburgh, PA",3.92,4,42003051000
27747668,BP-2019-05531,BUILDING,,Artisan Development Group LLC,NEW THREE STORY SINGLE FAMILY DWELLING WITH DECKS ON 2ND & 3RD FL WITH INTEGRAL GARAGE.,NEW CONSTRUCTION,Residential,200000.0,2021-09-03,0004L00328000000,"431 NEFF ST, Pittsburgh, PA 15211-",40.427842456,-80.0043371381,2.0,Mount Washington,19.0,15211.0,Issued,42003191400,42003191400,42003191400,38300,"Pittsburgh, PA",3.12,3,42003191400
27747691,BP-2019-05700,BUILDING,MOXEY TOWN LP,ELITE MAINTENANCE & CONSTRUCTION INC,"FIRST FIT OUT OF TENANT SPACE SUITE 164 IN CORE & SHELL ONE STORY WAREHOUSE BUILDING. FIT OUT TO BE UNSEPARATED WAREHOUSE (S-1) IN THE BACK WITH OFFICE (B) USE IN THE FRONT. 
THE WAREHOUSE IS LABELED AS VEHICLE GRAPHICS S-1, VEHICLES ARE STORED/WORKED ON IN THE WAREHOUSE. VEHICLE VENTILATION IS REQUIRED.",NEW CONSTRUCTION,Commercial,120000.0,2020-05-20,0107R00041000000,"519 NAPOR BLVD, Pittsburgh, PA 15205-",40.4432092565,-80.0869698352,2.0,Fairywood,28.0,15205.0,Completed,42003563000,42003563000,42003563000,38300,"Pittsburgh, PA",2.29,2,42003563000
27747713,BP-2019-05831,BUILDING,BUNCHER COMPANY,"Burns Scalo Development, LLC",DCED CONSTRUCTION WAIVER GRANTED - PHASED CONSTRUCTION - FOUNDATION FOR 9 STORY STRUCTURE,NEW CONSTRUCTION,Commercial,1294660.0,2019-12-19,0009G00170000000,"1447 SMALLMAN ST, Pittsburgh, PA 15222-",40.4486022823,-79.9903585214,1.0,Strip District,2.0,15222.0,Completed,42003020300,42003020300,42003020300,38300,"Pittsburgh, PA",4.0,4,42003020300
27747714,BP-2019-05835,BUILDING,KARLSSON ROLF GEORG,Artisan Development Group LLC,3 STORY SINGLE FAMILY DWELLING WITH DECK ON 2ND & 3RD FL WITH INTEGRAL GARAGE,NEW CONSTRUCTION,Residential,200000.0,2021-09-03,0004L00322000000,"437 NEFF ST, Pittsburgh, PA 15211-",40.4277664615,-80.0045168923,2.0,Mount Washington,19.0,15211.0,Issued,42003191400,42003191400,42003191400,38300,"Pittsburgh, PA",3.12,3,42003191400
27747730,BP-2019-05951,BUILDING,,Mabro Company,NEW DETACHED GARAGE,NEW CONSTRUCTION,Residential,15000.0,2020-01-14,0083F00317000000,"525 N EUCLID AVE, Pittsburgh, 15206-",40.4676003867,-79.9250820463,9.0,East Liberty,11.0,15206.0,Completed,42003111300,42003111300,42003111300,38300,"Pittsburgh, PA",2.51,3,42003111300
27747750,BP-2019-06027,BUILDING,,Mastech Construction & Interiors Inc,NEW 2 STORY SINGLE FAMILY DWELLING ON EXISTING FOUNDATION,NEW CONSTRUCTION,Residential,35000.0,2020-01-08,0012K00221000000,"124 S 21ST ST, Pittsburgh, 15203-",40.427119177,-79.9767019405,3.0,South Side Flats,17.0,15203.0,Completed,42003170200,42003170200,42003170200,38300,"Pittsburgh, PA",4.0,4,42003170200
27747759,BP-2019-06098,BUILDING,,All Trade Solutions LLC,"CONSTRUCTION OF MODULAR 3-STORY TOWNHOUSE WITH INTEGRAL GARAGE, PRE-CAST FOUNDATION, REAR DECK AND ROOFTOP DECK",NEW CONSTRUCTION,Residential,220000.0,2020-11-04,0023E00383000000,"1601 BUENA VISTA ST, Pittsburgh, PA 15212-",40.4580994714,-80.0151314895,6.0,Central Northside,25.0,15212.0,Completed,42003565100,42003565100,42003565100,38300,"Pittsburgh, PA",3.98,4,42003565100
27747760,BP-2019-06099,BUILDING,,"City of Pittsburgh Permits, Licenses and Inspections","CONSTRUCTION OF MODULAR 3-STORY TOWNHOUSE WITH INTEGRAL GARAGE, PRE-CAST FOUNDATION, REAR DECK AND ROOFTOP DECK",NEW CONSTRUCTION,Residential,220000.0,2020-11-05,0023E00382000000,"1603 BUENA VISTA ST, Pittsburgh, PA 15212-",40.4581599511,-80.0151516334,6.0,Central Northside,25.0,15212.0,Completed,42003565100,42003565100,42003565100,38300,"Pittsburgh, PA",3.98,4,42003565100
27747761,BP-2019-06100,BUILDING,,"L.A. Bruder, Inc","CONSTRUCTION OF MODULAR 3-STORY TOWNHOUSE WITH INTEGRAL GARAGE, PRE-CAST FOUNDATION, REAR DECK AND ROOFTOP DECK",NEW CONSTRUCTION,Residential,220000.0,2020-11-04,0023E00381000000,"1605 BUENA VISTA ST, Pittsburgh, PA 15212-",40.4582129544,-80.0151681609,6.0,Central Northside,25.0,15212.0,Completed,42003565100,42003565100,42003565100,38300,"Pittsburgh, PA",3.98,4,42003565100
27747762,BP-2019-06101,BUILDING,ASHERY ELIE,"City of Pittsburgh Permits, Licenses and Inspections","CONSTRUCTION OF MODULAR 3-STORY TOWNHOUSE WITH INTEGRAL GARAGE, PRE-CAST FOUNDATION, REAR DECK AND ROOFTOP DECK",NEW CONSTRUCTION,Residential,220000.0,2020-11-04,0023E00380000000,"1607 BUENA VISTA ST, Pittsburgh, PA 15212-",40.4582657656,-80.0151858968,6.0,Central Northside,25.0,15212.0,Completed,42003565100,42003565100,42003565100,38300,"Pittsburgh, PA",3.98,4,42003565100
27747763,BP-2019-06102,BUILDING,,"City of Pittsburgh Permits, Licenses and Inspections","CONSTRUCTION OF MODULAR 3-STORY TOWNHOUSE WITH INTEGRAL GARAGE, PRE-CAST FOUNDATION, REAR DECK AND ROOFTOP DECK",NEW CONSTRUCTION,Residential,220000.0,2020-11-04,0023E00379000000,"1609 BUENA VISTA ST, Pittsburgh, PA 15212-",40.4583185894,-80.0152029649,6.0,Central Northside,25.0,15212.0,Completed,42003565100,42003565100,42003565100,38300,"Pittsburgh, PA",3.98,4,42003565100
27747765,BP-2019-06105,BUILDING,,"City of Pittsburgh Permits, Licenses and Inspections","CONSTRUCTION OF MODULAR 3-STORY TOWNHOUSE WITH INTEGRAL GARAGE, PRE-CAST FOUNDATION, REAR DECK AND ROOFTOP DECK",NEW CONSTRUCTION,Residential,220000.0,2020-11-05,0023E00378000000,"1611 BUENA VISTA ST, Pittsburgh, PA 15212-",40.4583788178,-80.0152224251,6.0,Central Northside,25.0,15212.0,Completed,42003565100,42003565100,42003565100,38300,"Pittsburgh, PA",3.98,4,42003565100
27747808,BP-2019-06307,BUILDING,,"Builld, Inc.","CONSTRUCTION OF MODULAR 3-STORY SINGLE FAMILY DWELLING WITH INTEGRAL GARAGE, PRE-CAST FOUNDATION",NEW CONSTRUCTION,Residential,150000.0,2021-03-15,0006K00366000000,"431 SHALER ST, Pittsburgh, PA 15211-",40.4363336849,-80.0260125344,2.0,Duquesne Heights,19.0,15211.0,Completed,42003191100,42003191100,42003191100,38300,"Pittsburgh, PA",3.42,4,42003191100
27747809,BP-2019-06308,BUILDING,,Artisan Development Group LLC,CONSTRUCT 3-STORY HOUSE WITH INTEGRAL PARKING & ROOFTOP DECK,NEW CONSTRUCTION,Residential,200000.0,2020-02-04,0006K00303000000,"415 CLARENCE ST, Pittsburgh, PA 15211-",40.4361976811,-80.0253322331,2.0,Duquesne Heights,19.0,15211.0,Completed,42003191100,42003191100,42003191100,38300,"Pittsburgh, PA",3.42,4,42003191100
27747840,BP-2019-06395,BUILDING,1717 LOCUST LLC,FRANJO CONSTRUCTION,"CONSTRUCTION OF THREE STORY, MASONRY VENEERED WOOD FRAMED, 8 UNIT APARTMENT BUILDING AND SITE WORK.  AMENDED TO REVISE FOUNDATION DETAILS.",NEW CONSTRUCTION,Commercial,752000.0,2020-01-29,0011J00173000000,"1721 LOCUST ST #302, Pittsburgh, PA 15219-",40.4368142278,-79.9820075982,6.0,Bluff,1.0,15219.0,Completed,42003010302,42003010302,42003010302,38300,"Pittsburgh, PA",4.0,4,42003010302
27747992,BP-2019-07202,BUILDING,ARSENAL 201-PHASE II LLC,Franjo Construction Corporation,CONSTRUCTION OF 5 STORY APARTMENT BUILDING WITH 343 UNITS,NEW CONSTRUCTION,Commercial,24500000.0,2020-08-27,0049E00132000000,"129 39TH ST, Pittsburgh, PA 15201-",40.4695679428,-79.9653329962,7.0,Lower Lawrenceville,6.0,15201.0,Completed,42003060300,42003060300,42003060300,38300,"Pittsburgh, PA",3.37,4,42003060300
27748001,BP-2019-07230,BUILDING,ARSENAL 201-PHASE II LLC,Franjo Construction ,FOUNDATION ONLY FOR NEW 5 STORY RESIDENTIAL APARTMENT BUILDING,NEW CONSTRUCTION,Commercial,2012000.0,2020-08-25,0049E00132000000,"129 39TH ST, Pittsburgh, PA 15201-",40.4695679428,-79.9653329962,7.0,Lower Lawrenceville,6.0,15201.0,Completed,42003060300,42003060300,42003060300,38300,"Pittsburgh, PA",3.37,4,42003060300
27748009,BP-2019-07287,BUILDING,2545 RAILROAD STREET INVESTMENTS LLC,"RYCON CONSTRUCTION, INC","Office Fit-out  at partial third floor, Level 2 alterations, No change of use",NEW CONSTRUCTION,Commercial,330000.0,2020-01-03,0025J00049000000,"2545 RAILROAD ST #301, Pittsburgh, PA 15222-",40.4561914637,-79.9812618033,1.0,Strip District,2.0,15222.0,Completed,42003020300,42003020300,42003020300,38300,"Pittsburgh, PA",4.0,4,42003020300
27748054,BP-2019-07469,BUILDING,23RR ASSOCIATES LLC,"RYCON CONSTRUCTION, INC","CONSTRUCT  NEW BUILDING - PHASED CONSTRUCTION OF FOUNDATION & PARTIAL STRUCTURE (UP TO 2ND LEVEL) FOR 6 STORY STRUCTURE, & SITE WORK",NEW CONSTRUCTION,Commercial,4518500.0,2020-05-04,0024S00072000000,"2239 RAILROAD ST, Pittsburgh, 15222-",40.4544230904,-79.9838339608,1.0,Strip District,2.0,15222.0,Completed,42003020300,42003020300,42003020300,38300,"Pittsburgh, PA",4.0,4,42003020300
27748055,BP-2019-07478,BUILDING,231 - 237 SPAHR STREET LLC,"Paramount Contract Services, LLC","PHASED CONSTRUCTION - NEW TWO STORY STRUCTURE TO INCLUDE OFFICE, PARKING, AND CORE AND SHELL SPACE",NEW CONSTRUCTION,Commercial,1900000.0,2020-03-05,0084F00324000000,"235 SPAHR ST, Pittsburgh, PA 15232-",40.45782655,-79.9271135515,8.0,Shadyside,7.0,15232.0,Issued,42003070500,42003070500,42003070500,38300,"Pittsburgh, PA",2.74,3,42003070500
27748061,BP-2019-07515,BUILDING,CITY OF PITTSBURGH,MOSITES CONSTRUCTION COMPANY,INTERIOR FIT OUT OF BASEMENT LEVEL D FOR EDUCATIONAL CLASSROOMS,NEW CONSTRUCTION,Commercial,769156.0,2020-01-06,0053B00100000000,"4927 MARGARET MORRISON ST, Pittsburgh, PA 15213-",40.4417684612,-79.94390358,8.0,Squirrel Hill North,14.0,15213.0,Completed,42003140100,42003140100,42003140100,38300,"Pittsburgh, PA",1.09,1,42003140100
27748096,BP-2019-07739,BUILDING,308 MILTENBERGER LLC,FRANJO CONSTRUCTION,CONSTRUCT NEW 3 STORY STRUCTURE WITH 8 DWELLING UNITS,NEW CONSTRUCTION,Commercial,948000.0,2020-01-29,0011J00179000000,"308 MILTENBERGER ST #302, Pittsburgh, PA 15219-",40.4368426269,-79.9816941799,6.0,Bluff,1.0,15219.0,Completed,42003010302,42003010302,42003010302,38300,"Pittsburgh, PA",4.0,4,42003010302
27748317,BP-2019-08660,BUILDING,,PE REAL ESTATE HOLDINGS LLC,CONSTRUCTION OF NEW 3-STORY TOWNHOUSE IN ROW OF 10 TOWNHOUSES WITH INTEGRAL 1-CAR GARAGE,NEW CONSTRUCTION,Residential,55000.0,2020-03-13,0011H00400000000,"110 BURROWS ST, Pittsburgh, PA 15213-",40.4397091347,-79.966902345,6.0,West Oakland,4.0,15213.0,Completed,42003040200,42003040200,42003040200,38300,"Pittsburgh, PA",3.99,4,42003040200
27748318,BP-2019-08661,BUILDING,,PE REAL ESTATE HOLDINGS LLC,CONSTRUCTION OF NEW 3-STORY TOWNHOUSE IN A ROW OF 10 TOWNHOUSES WITH INTEGRAL 1-CAR GARAGE,NEW CONSTRUCTION,Residential,55000.0,2020-03-13,0011H00402000000,"112 BURROWS ST, Pittsburgh, PA 15213-",40.4396528501,-79.9668934587,6.0,West Oakland,4.0,15213.0,Completed,42003040200,42003040200,42003040200,38300,"Pittsburgh, PA",3.99,4,42003040200
27748319,BP-2019-08662,BUILDING,,PE REAL ESTATE HOLDINGS LLC,CONSTRUCTION OF NEW 3-STORY TOWNHOUSE IN A ROW OF 10 TOWNHOUSES WITH INTEGRAL 1-CAR GARAGE,NEW CONSTRUCTION,Residential,55000.0,2020-03-13,0011H00404000000,"114 BURROWS ST, Pittsburgh, PA 15213-",40.4396046569,-79.9668816349,6.0,West Oakland,4.0,15213.0,Completed,42003040200,42003040200,42003040200,38300,"Pittsburgh, PA",3.99,4,42003040200
27748320,BP-2019-08663,BUILDING,ARTHI ESTATES LLC,PE REAL ESTATE HOLDINGS LLC,CONSTRUCTION OF NEW 3-STORY TOWNHOUSE IN A ROW OF 10 TOWNHOUSES WITH INTEGRAL 1-CAR GARAGE,NEW CONSTRUCTION,Residential,55000.0,2020-03-17,0011H00406000000,"116 BURROWS ST, Pittsburgh, PA 15213-",40.4395566423,-79.9668698799,6.0,West Oakland,4.0,15213.0,Completed,42003040200,42003040200,42003040200,38300,"Pittsburgh, PA",3.99,4,42003040200
27748321,BP-2019-08664,BUILDING,WCNREALTYPA LLC,PE REAL ESTATE HOLDINGS LLC,CONSTRUCTION OF NEW 3-STORY TOWNHOUSE IN A ROW OF 10 TOWNHOUSES WITH INTEGRAL 1-CAR GARAGE,NEW CONSTRUCTION,Residential,55000.0,2020-03-17,0011H00408000000,"118 BURROWS ST, Pittsburgh, PA 15213-",40.4395077604,-79.966859087,6.0,West Oakland,4.0,15213.0,Completed,42003040200,42003040200,42003040200,38300,"Pittsburgh, PA",3.99,4,42003040200
27748322,BP-2019-08665,BUILDING,WAYLAND PARTNERS LP,PE REAL ESTATE HOLDINGS LLC,CONSTRUCTION OF NEW 3-STORY TOWNHOUSE IN A ROW OF 10 TOWNHOUSES WITH INTEGRAL 1-CAR GARAGE,NEW CONSTRUCTION,Residential,55000.0,2020-03-17,0011H00410000000,"120 BURROWS ST, Pittsburgh, PA 15213-",40.4394591989,-79.9668464886,6.0,West Oakland,4.0,15213.0,Completed,42003040200,42003040200,42003040200,38300,"Pittsburgh, PA",3.99,4,42003040200
27748329,BP-2019-08734,BUILDING,,PE REAL ESTATE HOLDINGS LLC,CONSTRUCTION OF NEW 3-STORY TOWNHOUSE IN A ROW OF 10 TOWNHOUSES WITH INTEGRAL 1-CAR GARAGE,NEW CONSTRUCTION,Residential,55000.0,2020-03-17,0011H00412000000,"122 BURROWS ST, Pittsburgh, PA 15213-",40.4394106615,-79.9668339853,6.0,West Oakland,4.0,15213.0,Completed,42003040200,42003040200,42003040200,38300,"Pittsburgh, PA",3.99,4,42003040200
27748330,BP-2019-08735,BUILDING,,PE REAL ESTATE HOLDINGS LLC,CONSTRUCTION OF NEW 3-STORY TOWNHOUSE IN A ROW OF 10 TOWNHOUSES WITH INTEGRAL 1-CAR GARAGE,NEW CONSTRUCTION,Residential,55000.0,2020-03-17,0011H00414000000,"124 BURROWS ST, Pittsburgh, PA 15213-",40.4393620089,-79.9668234657,6.0,West Oakland,4.0,15213.0,Completed,42003040200,42003040200,42003040200,38300,"Pittsburgh, PA",3.99,4,42003040200
27748331,BP-2019-08736,BUILDING,,PE REAL ESTATE HOLDINGS LLC,CONSTRUCTION OF NEW 3-STORY TOWNHOUSE IN A ROW OF 10 TOWNHOUSES WITH INTEGRAL 1-CAR GARAGE,NEW CONSTRUCTION,Residential,55000.0,2020-03-17,0011H00416000000,"126 BURROWS ST, Pittsburgh, PA 15213-",40.439313985,-79.9668109335,6.0,West Oakland,4.0,15213.0,Completed,42003040200,42003040200,42003040200,38300,"Pittsburgh, PA",3.99,4,42003040200
27748333,BP-2019-08738,BUILDING,,PE REAL ESTATE HOLDINGS LLC,CONSTRUCTION OF NEW 3-STORY TOWNHOUSE IN A ROW OF 10 TOWNHOUSES WITH INTEGRAL 1-CAR GARAGE,NEW CONSTRUCTION,Residential,55000.0,2020-03-17,0011H00418000000,"128 BURROWS ST, Pittsburgh, PA 15213-",40.4392650574,-79.9667989847,6.0,West Oakland,4.0,15213.0,Completed,42003040200,42003040200,42003040200,38300,"Pittsburgh, PA",3.99,4,42003040200
27748334,BP-2019-08739,BUILDING,,PE REAL ESTATE HOLDINGS LLC,CONSTRUCTION OF NEW 3-STORY TOWNHOUSE WITH INTEGRAL 1-CAR GARAGE,NEW CONSTRUCTION,Residential,55000.0,2020-03-17,0011H00422000000,"132 BURROWS ST, Pittsburgh, PA 15213-",40.4391631097,-79.9667735921,6.0,West Oakland,4.0,15213.0,Completed,42003040200,42003040200,42003040200,38300,"Pittsburgh, PA",3.99,4,42003040200
27748335,BP-2019-08740,BUILDING,MEGLINO NICHOLAS P,PE REAL ESTATE HOLDINGS LLC,CONSTRUCTION OF NEW 3-STORY TOWNHOUSE WITH INTEGRAL 1-CAR GARAGE,NEW CONSTRUCTION,Residential,55000.0,2020-03-17,0011H00424000000,"134 BURROWS ST, Pittsburgh, PA 15213-",40.4391144437,-79.9667617022,6.0,West Oakland,4.0,15213.0,Completed,42003040200,42003040200,42003040200,38300,"Pittsburgh, PA",3.99,4,42003040200
27748336,BP-2019-08741,BUILDING,DONG ZISU,PE REAL ESTATE HOLDINGS LLC,CONSTRUCTION OF NEW 3-STORY TOWNHOUSE WITH INTEGRAL 1-CAR GARAGE,NEW CONSTRUCTION,Residential,55000.0,2020-03-13,0011H00426000000,"136 BURROWS ST, Pittsburgh, PA 15213-",40.4390658883,-79.9667501992,6.0,West Oakland,4.0,15213.0,Completed,42003040200,42003040200,42003040200,38300,"Pittsburgh, PA",3.99,4,42003040200
27748344,BP-2019-08803,BUILDING,CDN LLC,PE REAL ESTATE HOLDINGS LLC,CONSTRUCTION OF NEW 3-STORY TOWNHOUSE WITH INTEGRAL 1-CAR GARAGE,NEW CONSTRUCTION,Residential,55000.0,2020-03-13,0011H00428000000,"138 BURROWS ST, Pittsburgh, PA 15213-",40.4390101113,-79.9667392441,6.0,West Oakland,4.0,15213.0,Completed,42003040200,42003040200,42003040200,38300,"Pittsburgh, PA",3.99,4,42003040200
27748381,BP-2019-08989,BUILDING,ISAACSON GABRIEL P,Franjo Construction Corporation,"CONSTRUCTION OF 4 STORY SINGLE-FAMILY DWELLING WITH SECOND STORY DECK, FOURTH STORY ROOF DECK AND INTEGRAL GARAGE",NEW CONSTRUCTION,Commercial,200000.0,2020-01-30,0049J00322000000,"208 39TH ST, Pittsburgh, PA 15201-",40.467214096,-79.9635398255,7.0,Lower Lawrenceville,6.0,15201.0,Completed,42003060300,42003060300,42003060300,38300,"Pittsburgh, PA",3.37,4,42003060300
27748435,BP-2019-09342,BUILDING,RRG 5135 LLC,"O'Dell Contracting, Inc.",CONSTRUCTION OF A 4-STORY TOWNHOUSE WITH 2 CAR INTEGRAL GARAGE,NEW CONSTRUCTION,Commercial,295200.0,2020-10-14,0052G00133000000,"5131 5TH AVE, Pittsburgh, PA 15232-",40.4481567579,-79.9373961933,8.0,Shadyside,7.0,15232.0,Completed,42003070300,42003070300,42003070300,38300,"Pittsburgh, PA",1.84,2,42003070300
27748436,BP-2019-09343,BUILDING,RRG 5135 LLC,"O'Dell Contracting, Inc.",CONSTRUCTION OF A 4-STORY TOWNHOUSE WITH 2 CAR INTEGRAL GARAGE,NEW CONSTRUCTION,Commercial,295200.0,2020-10-14,0052G00133000000,"5131 5TH AVE, Pittsburgh, PA 15232-",40.4481567579,-79.9373961933,8.0,Shadyside,7.0,15232.0,Completed,42003070300,42003070300,42003070300,38300,"Pittsburgh, PA",1.84,2,42003070300
27748437,BP-2019-09344,BUILDING,RRG 5135 LLC,"O'Dell Contracting, Inc.",CONSTRUCTION OF A 4-STORY TOWNHOUSE WITH 2 CAR INTEGRAL GARAGE,NEW CONSTRUCTION,Commercial,295200.0,2020-10-14,0052G00133000000,"5131 5TH AVE, Pittsburgh, PA 15232-",40.4481567579,-79.9373961933,8.0,Shadyside,7.0,15232.0,Completed,42003070300,42003070300,42003070300,38300,"Pittsburgh, PA",1.84,2,42003070300
27748438,BP-2019-09345,BUILDING,RRG 5135 LLC,"O'Dell Contracting, Inc.",CONSTRUCTION OF A 4-STORY TOWNHOUSE WITH 2 CAR INTEGRAL GARAGE,NEW CONSTRUCTION,Commercial,295200.0,2020-10-14,0052G00133000000,"5131 5TH AVE, Pittsburgh, PA 15232-",40.4481567579,-79.9373961933,8.0,Shadyside,7.0,15232.0,Completed,42003070300,42003070300,42003070300,38300,"Pittsburgh, PA",1.84,2,42003070300
27748447,BP-2019-09389,BUILDING,,Artisan Development Group LLC,NEW SINGLE FAMILY DWELLING,NEW CONSTRUCTION,Residential,100000.0,2020-08-25,0006K00301000000,"419 CLARENCE ST, Pittsburgh, PA 15211-",40.4361235399,-80.0253776732,2.0,Duquesne Heights,19.0,15211.0,Completed,42003191100,42003191100,42003191100,38300,"Pittsburgh, PA",3.42,4,42003191100
27748467,BP-2019-09494,BUILDING,THREE CROSSINGS 2.0-G LP,"RYCON CONSTRUCTION, INC",CONSTRUCTION OF FOUNDATION AND SUPERSTRUCTURE FOR FUTURE 6 STORY OFFICE BUILDING ABOVE 1 LEVEL OF UNDERGROUND PARKING,NEW CONSTRUCTION,Commercial,5000000.0,2020-05-07,0025F00288000000,"75 HOPPER PL #301, Pittsburgh, PA 15222-",40.458771362,-79.9772398962,1.0,Strip District,6.0,15222.0,Completed,42003020300,42003020300,42003020300,38300,"Pittsburgh, PA",4.0,4,42003020300
27748494,BP-2019-09587,BUILDING,CARONDELET L P,Elite Maintenance & Construction Inc,"PARTIAL DEMOLITION OF EXISTING BUILDING (DP-2020-00000) TO CREATE NEW BUILDING, CORE AND SHELL. INSTALL NEW EXTERIOR WALLS TO ENCLOSE NORTH AND WEST SIDES OF NEWLY CREATED BUILDING. PROVIDE SITE WORK AND LANDSCAPING REQUIRED FOR OCCUPANCY OF NEW BUILDING 
AMENDED (03-31-2022) TO INCLUDE ADDITIONAL SITE DRAINS",NEW CONSTRUCTION,Commercial,200000.0,2020-05-15,0070N00120000002,"2270 ROSWELL DR, Pittsburgh, PA 15205-",40.4450218346,-80.080342908,2.0,Fairywood,28.0,15205.0,Completed,42003563000,42003563000,42003563000,38300,"Pittsburgh, PA",2.29,2,42003563000
27748497,BP-2019-09627,BUILDING,CARONDELET L P,Elite Maintenance & Construction Inc,"PARTIAL DEMOLITION OF EXISTING BUILDING TO CREATE NEW BUILDING, CORE AND SHELL. INSTALL NEW EXTERIOR WALLS TO ENCLOSE NORTH AND SOUTH SIDES OF NEWLY CREATED BUILDING. PROVIDE SITE WORK AND LANDSCAPING REQUIRED FOR OCCUPANCY OF NEW BUILDING",NEW CONSTRUCTION,Commercial,200000.0,2020-05-15,0070N00120000002,"2270 ROSWELL DR, Pittsburgh, PA 15205-",40.4450218346,-80.080342908,2.0,Fairywood,28.0,15205.0,Application Finalization,42003563000,42003563000,42003563000,38300,"Pittsburgh, PA",2.29,2,42003563000
27748504,BP-2019-09676,BUILDING,LAFROSCIA ALEXANDER ROBERT,FRANJO CONSTRUCTION,CONSTRUCTION OF 4 STORY SINGLE-FAMILY DWELLING WITH FOURTH STORY ROOF DECK AND INTEGRAL GARAGE,NEW CONSTRUCTION,Commercial,200000.0,2020-01-30,0049J00320000000,"204 39TH ST, Pittsburgh, PA 15201-",40.4673352849,-79.9637163209,7.0,Lower Lawrenceville,6.0,15201.0,Completed,42003060300,42003060300,42003060300,38300,"Pittsburgh, PA",3.37,4,42003060300
27748578,BP-2019-10149,BUILDING,DBF-1 PITTSBURGH LLC,"PennTex Ventures, LLC",CONSTRUCTION OF NEW 1 STORY 72000 SF DOLLAR GENERAL,NEW CONSTRUCTION,Commercial,266000.0,2020-05-28,0094J00196000000,"2417 BROWNSVILLE RD, Pittsburgh, PA 15210-",40.3871747804,-79.9822429403,4.0,Carrick,29.0,15210.0,Completed,42003290400,42003290400,42003290400,38300,"Pittsburgh, PA",2.06,2,42003290400
27748630,BP-2019-10470,BUILDING,CARNEGIE MELLON UNIVERSITY,"Rycon Construction, Inc",NEW BUILDING PHASED CONSTRUCTION - CONSTRUCT FOUNDATION AND SUPERSTRUCTURE OF NEW 6 STORY DORMITORY,NEW CONSTRUCTION,Commercial,6000000.0,2020-02-12,0052J00074000000,"4735 5TH AVE, Pittsburgh, PA 15213-",40.4476132808,-79.9458306973,8.0,Shadyside,7.0,15213.0,Completed,42003070900,42003070900,42003070900,38300,"Pittsburgh, PA",1.57,1,42003070900
27748646,BP-2019-10590,BUILDING,,Anthony Folino Construction Inc,CONSTRUCTION OF SITE RETAINING WALLS / PERIMETER FENCE ACCESSORY TO TOWNHOUSES,NEW CONSTRUCTION,Residential,115000.0,2020-01-27,0009D00297000000,"1744 WATERFRONT PL, Pittsburgh, PA 15222-",40.4514419346,-79.9868749545,1.0,Strip District,2.0,15222.0,Expired,42003020300,42003020300,42003020300,38300,"Pittsburgh, PA",4.0,4,42003020300
27748694,BP-2019-10867,BUILDING,THREE 3241 DEVELOP L L C,"Emery Construction Services, LLC",CONSTRUCTION OF NEW 4 STORY MASONRY AND WOOD FRAMED DWELLING.,NEW CONSTRUCTION,Commercial,120000.0,2020-08-28,0080H00271000000,"713 52ND ST, Pittsburgh, PA 15201-",40.4780841232,-79.9508657032,7.0,Upper Lawrenceville,10.0,15201.0,Issued,42003101100,42003101100,42003101100,38300,"Pittsburgh, PA",3.32,4,42003101100
27748749,BP-2019-11180,BUILDING,ARSENAL 201-PHASE II LLC,Franjo Construction ,CONSTRUCT NEW 6 STORY OPEN PARKING GARAGE,NEW CONSTRUCTION,Commercial,5095000.0,2021-03-04,0049E00132000000,"129 39TH ST, Pittsburgh, PA 15201-",40.4695679428,-79.9653329962,7.0,Lower Lawrenceville,6.0,15201.0,Completed,42003060300,42003060300,42003060300,38300,"Pittsburgh, PA",3.37,4,42003060300
27748750,BP-2019-11185,BUILDING,,Acorn Builders LLC,NEW 3 STORY SINGLE FAMILY DWELLING,NEW CONSTRUCTION,Residential,410000.0,2020-05-12,0012S00125000000,"2830 LARKINS Way, Pittsburgh, PA 15203-",40.4247122344,-79.9661609897,3.0,South Side Flats,16.0,15203.0,Completed,42003160900,42003160900,42003160900,38300,"Pittsburgh, PA",4.0,4,42003160900
27748808,BP-2019-11431,BUILDING,1717 FIFTH LLC,Franjo Construction ,CONSTRUCT NEW 6 STORY APARTMENT BUILDING,NEW CONSTRUCTION,Commercial,5000000.0,2020-09-16,0011E00037000000,"1709 5TH AVE #101, Pittsburgh, PA 15219-",40.4386324646,-79.9821031662,6.0,Crawford-Roberts,3.0,15219.0,Completed,42003030500,42003030500,42003030500,38300,"Pittsburgh, PA",4.0,4,42003030500
27748856,BP-2019-11750,BUILDING,,ECOCRAFT HOMES INC,NEW 3-STORY SINGLE FAMILY MODULAR DWELLING,NEW CONSTRUCTION,Residential,10000.0,2020-03-10,0125K00018000000,"6706 MCPHERSON BLVD, Pittsburgh, 15208-",40.4553189626,-79.9101883922,9.0,Point Breeze North,14.0,15208.0,Completed,42003140500,42003140500,42003140500,38300,"Pittsburgh, PA",2.13,2,42003140500
27748902,BP-2020-00128,BUILDING,ALLEGHENY COUNTY SANITARY AUTHORITY,SHILOH INDUSTRIAL CONTRACTORS INC,CONSTRUCTION OF A  50' X 190' PRE-ENGINEERED METAL STORAGE BUILDING.,NEW CONSTRUCTION,Commercial,462566.0,2020-06-24,0075K00060000000,"3300 PREBLE AVE #420, Pittsburgh, PA 15233-",40.4748309616,-80.0430510996,2.0,Marshall-Shadeland,27.0,15233.0,Completed,42003980900,42003980900,42003980900,38300,"Pittsburgh, PA",3.93,4,42003980900
27748982,BP-2020-00622,BUILDING,DUQUESNE LIGHT COMPANY,Scalo Solar Solutions LLC,CONSTRUCT SOLAR 'TREE' TO SUPPORT SOLAR PANELS AS PART OF INSTALLATION UNDER EP-2019-11537,NEW CONSTRUCTION,Commercial,29120.0,2020-05-01,0044G00250000000,"2837 NEW BEAVER AVE, Pittsburgh, PA 15233-",40.4676674232,-80.0391830421,2.0,Marshall-Shadeland,27.0,15233.0,Expired,42003980900,42003980900,42003980900,38300,"Pittsburgh, PA",3.93,4,42003980900
27749048,BP-2020-01057,BUILDING,LORE PPA BKSQ PARCEL B LLC,P.J. Dick Incorporated,"INTERIOR RENO FOR OFFICE USE ON 18,990 SF 4TH FLOOR OF EXISTING 12TH FLOOR.",NEW CONSTRUCTION,Commercial,387000.0,2020-06-18,0125J00120000000,"6501 LIVING PL, Pittsburgh, PA 15206-",40.4562370919,-79.9162070297,8.0,Shadyside,7.0,15206.0,Completed,42003070800,42003070800,42003070800,38300,"Pittsburgh, PA",2.9,3,42003070800
27749056,BP-2020-01125,BUILDING,GCP LLC,BOLJCS Holdings LLC,"NEW DEEP FOUNDATION IN FOOTPRINT OF EXISTING FOUNDATION FOR; FOUNDATION, SUPERSTRUCTURE, AND BUILDING ENVELOPE (CORE + SHELL) TO PROVIDE WEATHER ENVELOPE OF PHASED CONSTRUCTION OF A 2 STORY SINGLE FAMILY RESIDENCE WITH SIDE DECK AT FIRST FLOOR.",NEW CONSTRUCTION,Residential,320000.0,2020-07-15,0006H00045000000,"1318 GRANDVIEW AVE, Pittsburgh, PA 15211",40.4387700516,-80.0197836159,2.0,Duquesne Heights,19.0,15219.0,Issued,42003191100,42003191100,42003191100,38300,"Pittsburgh, PA",3.42,4,42003191100
27749066,BP-2020-01206,BUILDING,,"City of Pittsburgh Permits, Licenses and Inspections",NEW 2 STORY SINGLE FAMILY DWELLING WITH PORCH IN THE FRONT.,NEW CONSTRUCTION,Residential,277000.0,2020-05-15,0055B00293000000,"4232 LYDIA ST, Pittsburgh, 15207-",40.4223266057,-79.9419171412,5.0,Greenfield,15.0,15207.0,Completed,42003151600,42003151600,42003151600,38300,"Pittsburgh, PA",3.68,4,42003151600
27749083,BP-2020-01293,BUILDING,EJED IRREVOCABLE TRUST,"Paramount Contract Services, LLC",CONSTRUCTION OF NEW 1003 SQ. FT. DRIVE-THROUGH ONLY DONUT SHOP,NEW CONSTRUCTION,Commercial,600000.0,2020-06-30,0035A00192000000,No primary address specified,40.4123959868,-80.0304062567,2.0,Beechview,20.0,15216.0,Completed,42003191600,42003191600,42003191600,38300,"Pittsburgh, PA",3.08,3,42003191600
27749084,BP-2020-01300,BUILDING,CD PARK 7 PITTSBURGH OWNER LLC,"Paramount Contract Services, LLC",INTERIOR RENOVATION FOR TENANT BUILD OUT into a Dunkin' Donuts restaurant,NEW CONSTRUCTION,Commercial,300000.0,2020-08-07,0027D00060000000,"4500 CENTRE AVE #1019, Pittsburgh, PA 15213-",40.4513898314,-79.9525999311,8.0,North Oakland,4.0,15213.0,Completed,42003562000,42003562000,42003562000,38300,"Pittsburgh, PA",2.44,2,42003562000
27749087,BP-2020-01341,BUILDING,CARNEGIE MELLON UNIVERSITY,"Rycon Construction, Inc",CONSTRUCT SHELL AND FIT-OUT OF NEW 6 STORY BUILDING - RELATED TO BP-2019-10470,NEW CONSTRUCTION,Commercial,12000000.0,2020-07-08,0052J00074000000,"4735 5TH AVE, Pittsburgh, PA 15213-",40.4476132808,-79.9458306973,8.0,Shadyside,7.0,15213.0,Completed,42003070900,42003070900,42003070900,38300,"Pittsburgh, PA",1.57,1,42003070900
27749101,BP-2020-01455,BUILDING,BUNCHER COMPANY,"Carl Walker Construction, Inc",PHASED CONSTRUCTION - 3-STORY PARKING GARAGE TO SERVE FUTURE 8-STORY STRUCTURE,NEW CONSTRUCTION,Commercial,7339000.0,2020-08-19,0009G00170000000,"1447 SMALLMAN ST, Pittsburgh, PA 15222-",40.4486022823,-79.9903585214,1.0,Strip District,2.0,15222.0,Completed,42003020300,42003020300,42003020300,38300,"Pittsburgh, PA",4.0,4,42003020300
27749122,BP-2020-01571,BUILDING,PENNLEY PARK SOUTH INC,P.J. Dick Incorporated,"NEW PHASED CONSTRUCTION - SUPERSTRUCTURE, ENVELOPE, AND CORE & SHELL FOR FUTURE FIT-OUT, INCLUDING COMMON AREAS & AMENITIES SPACES",NEW CONSTRUCTION,Commercial,37051584.0,2020-07-27,0083N00125000000,"141 S SAINT CLAIR ST #601, Pittsburgh, PA 15206-",40.4623681682,-79.9296214621,9.0,East Liberty,8.0,15206.0,Completed,42003111500,42003111500,42003111500,38300,"Pittsburgh, PA",3.87,4,42003111500
27749126,BP-2020-01603,BUILDING,ANG REAL ESTATE LLC,Artisan Development Group LLC,CONSTRUCTION OF NEW 3-STORY SINGLE FAMILY DWELLING WITH ROOFTOP DECK AND INTEGRAL 2-CAR GARAGE,NEW CONSTRUCTION,Residential,200000.0,2021-01-20,0049N00361000000,"502 37TH ST, Pittsburgh, PA 15201-",40.462680187,-79.962341723,7.0,Lower Lawrenceville,6.0,15201.0,Completed,42003060300,42003060300,42003060300,38300,"Pittsburgh, PA",3.37,4,42003060300
27749134,BP-2020-01646,BUILDING,UNIVERSITY OF PITTSBURGH-OF THECOMMONWEALTH SYSTEM OF HIGHER EDUCATION,P.J. Dick Incorporated,CONSTRUCT NEW TEN STORY COMMERCIAL STRUCTURE- FOUNDATION AND SUPERSTRUCTURE FOR 5TH AND HALKET INNOVATION RESEARCH TOWER,NEW CONSTRUCTION,Commercial,33156000.0,2020-08-20,0028E00019000000,"3368 5TH AVE #102, Pittsburgh, PA 15213-",40.4386625166,-79.962266529,6.0,South Oakland,4.0,15213.0,Completed,42003040900,42003040900,42003040900,38300,"Pittsburgh, PA",3.51,4,42003040900
27749176,BP-2020-01919,BUILDING,,"EKO2 Development, LLC",NEW SINGLE FAMILY DWELLING WITH INTEGRAL GARAGE & DECK.,NEW CONSTRUCTION,Residential,50000.0,2020-06-12,0080G00294000000,"5114 STANTON AVE, Pittsburgh, PA 15201-",40.4782432764,-79.9552373072,7.0,Upper Lawrenceville,10.0,15201.0,Completed,42003101100,42003101100,42003101100,38300,"Pittsburgh, PA",3.32,4,42003101100
27749187,BP-2020-02022,BUILDING,STACKS PARKING LP,Mascaro Construction Co LP,CONSTRUCTION OF 5 STORY OPEN PARKING GARAGE WITH PARTIAL FIRST FLOOR AS VACANT TENANT SPACE,NEW CONSTRUCTION,Commercial,9299485.0,2021-06-01,0025F00159000000,"2805 SMALLMAN ST, Pittsburgh, PA 15222-",40.4581127332,-79.9764731199,1.0,Strip District,6.0,15222.0,Completed,42003020300,42003020300,42003020300,38300,"Pittsburgh, PA",4.0,4,42003020300
27749199,BP-2020-02074,BUILDING,,"Senko Construction, Inc","CONSTRUCT NEW THREE STORY ATTACHED TOWNHOUSE WITH INTEGRAL GARAGE WITH ROOFTOP DECK, DECK AT GRADE, AND ROOFTOP DECK AT DWELLING UNIT",NEW CONSTRUCTION,Residential,175000.0,2020-06-24,0049J00227000000,"222 38TH ST, Pittsburgh, PA 15201-",40.4662210869,-79.9638318173,7.0,Lower Lawrenceville,6.0,15201.0,Completed,42003060300,42003060300,42003060300,38300,"Pittsburgh, PA",3.37,4,42003060300
27749200,BP-2020-02077,BUILDING,,"Senko Construction, Inc","CONSTRUCT NEW THREE STORY ATTACHED TOWNHOUSE WITH INTEGRAL GARAGE WITH ROOFTOP DECK, DECK AT GRADE, AND ROOFTOP DECK AT DWELLING UNIT",NEW CONSTRUCTION,Residential,175000.0,2020-06-24,0049J00228000000,"224 38TH ST, Pittsburgh, PA 15201-",40.466180676,-79.9637811413,7.0,Lower Lawrenceville,6.0,15201.0,Completed,42003060300,42003060300,42003060300,38300,"Pittsburgh, PA",3.37,4,42003060300
27749201,BP-2020-02078,BUILDING,,"Senko Construction, Inc","CONSTRUCT NEW THREE STORY ATTACHED TOWNHOUSE WITH INTEGRAL GARAGE WITH ROOFTOP DECK, DECK AT GRADE, AND ROOFTOP DECK AT DWELLING UNIT",NEW CONSTRUCTION,Residential,175000.0,2020-06-24,0049J00229000000,"226 38TH ST, Pittsburgh, PA 15201-",40.4661404165,-79.9637301025,7.0,Lower Lawrenceville,6.0,15201.0,Completed,42003060300,42003060300,42003060300,38300,"Pittsburgh, PA",3.37,4,42003060300
27749213,BP-2020-02120,BUILDING,,Akator Construction LLC,"NEW CONSTRUCTION OF 3 STORY SINGLE FAMILY DWELLING WITH REAR DECK AT GROUND AND THIRD LEVELS, AND ONE STORY GARAGE AT REAR.",NEW CONSTRUCTION,Residential,262925.0,2020-10-05,0083F00235000000,"513 N SAINT CLAIR ST, Pittsburgh, PA 15206-",40.4678613675,-79.9260783769,9.0,East Liberty,11.0,15206.0,Completed,42003111300,42003111300,42003111300,38300,"Pittsburgh, PA",2.51,3,42003111300
27749214,BP-2020-02121,BUILDING,,Akator Construction LLC,NEW CONSTRUCTION OF 3 STORY SINGLE FAMILY DWELLING WITH REAR DECK AT GROUND AND THIRD LEVELS AND ONE STORY GARAGE AT REAR,NEW CONSTRUCTION,Residential,262925.0,2020-10-01,0083F00234000000,"511 N SAINT CLAIR ST, Pittsburgh, PA 15206-",40.4677967124,-79.9261215635,9.0,East Liberty,11.0,15206.0,Completed,42003111300,42003111300,42003111300,38300,"Pittsburgh, PA",2.51,3,42003111300
27749215,BP-2020-02123,BUILDING,HOUSING AUTHORITY CITY OF PITTSBURGH,Mistick Construction Company,NEW CONSTRUCTION OF 4 UNIT APARTMENT BUILDING,NEW CONSTRUCTION,Commercial,397582.0,2020-12-10,0124J00300000000,"132 WINSLOW ST, Pittsburgh, PA 15206-",40.4650521708,-79.9129207668,9.0,Larimer,12.0,15206.0,Completed,42003120900,42003120900,42003120900,38300,"Pittsburgh, PA",3.84,4,42003120900
27749216,BP-2020-02125,BUILDING,HOUSING AUTHORITY CITY OF PITTSBURGH,Mistick Construction Company,NEW CONSTRUCTION OF SINGLE FAMILY ATTACHED DWELLING,NEW CONSTRUCTION,Residential,89218.0,2020-12-10,0124J00300000000,"132 WINSLOW ST, Pittsburgh, PA 15206-",40.4650521708,-79.9129207668,9.0,Larimer,12.0,15206.0,Completed,42003120900,42003120900,42003120900,38300,"Pittsburgh, PA",3.84,4,42003120900
27749217,BP-2020-02126,BUILDING,HOUSING AUTHORITY CITY OF PITTSBURGH,Mistick Construction Company,NEW CONSTRUCTION OF SINGLE FAMILY ATTACHED DWELLING,NEW CONSTRUCTION,Residential,89218.0,2020-12-10,0124J00300000000,"132 WINSLOW ST, Pittsburgh, PA 15206-",40.4650521708,-79.9129207668,9.0,Larimer,12.0,15206.0,Completed,42003120900,42003120900,42003120900,38300,"Pittsburgh, PA",3.84,4,42003120900
27749218,BP-2020-02127,BUILDING,HOUSING AUTHORITY CITY OF PITTSBURGH,Mistick Construction Company,NEW CONSTRUCTION OF 3 SINGLE FAMILY ATTACHED DWELLING,NEW CONSTRUCTION,Residential,89218.0,2020-12-10,0124J00300000000,"132 WINSLOW ST, Pittsburgh, PA 15206-",40.4650521708,-79.9129207668,9.0,Larimer,12.0,15206.0,Completed,42003120900,42003120900,42003120900,38300,"Pittsburgh, PA",3.84,4,42003120900
27749248,BP-2020-02295,BUILDING,BERNSTEIN C. DOUGLAS,"GML CONSTRUCTION, LLC",CONSTRUCTION OF THREE STORY CONCRETE AND WOOD FRAMED DWELLING WITH ROOF DECK,NEW CONSTRUCTION,Residential,315000.0,2020-05-21,0080G00066000000,"4837 BLACKBERRY Way, Pittsburgh, PA 15201-",40.4771973279,-79.9576410454,7.0,Central Lawrenceville,9.0,15201.0,Completed,42003090100,42003090100,42003090100,38300,"Pittsburgh, PA",4.0,4,42003090100
27749274,BP-2020-02459,BUILDING,,"Holland Enterprises, LLC",2 STORY SINGLE FAMILY DWELLING WITH DETACHED GARAGE,NEW CONSTRUCTION,Residential,125000.0,2020-06-03,0022G00230000000,"1227 COLUMBUS AVE, Pittsburgh, 15233-",40.4580101073,-80.024513657,6.0,Manchester,21.0,15233.0,Completed,42003565200,42003565200,42003565200,38300,"Pittsburgh, PA",4.0,4,42003565200
27749302,BP-2020-02630,BUILDING,HILL COMMUNITY DEVELOPMENT CORPORATION,Mistick Construction Company,CONSTRUCTION OF MIXED USE 5 STORY PEDESTAL BUILDING AND 42 CAR PARKING LOT,NEW CONSTRUCTION,Commercial,6684000.0,2021-04-13,0010N00281000000,"2033 CENTRE AVE, Pittsburgh, PA 15219",40.4446496962,-79.9794685506,6.0,Middle Hill,5.0,15219.0,Completed,42003050100,42003050100,42003050100,38300,"Pittsburgh, PA",4.0,4,42003050100
27749313,BP-2020-02710,BUILDING,MURWEST LLC,MASCARO CONSTRUCTION COMPANY LP,FIRST TENANT FIT OUT OF 4TH THROUGH 6TH AND PARTIAL 7TH FLOOR AS OFFICE IN 8 STORY STRUCTURE,NEW CONSTRUCTION,Commercial,80000.0,2020-08-25,0028F00206000000,"3422 FORBES AVE, Pittsburgh, PA 15213-",40.4387606883,-79.9602788913,3.0,Central Oakland,4.0,15213.0,Completed,42003040500,42003040500,42003040500,38300,"Pittsburgh, PA",3.0,3,42003040500
27749323,BP-2020-02805,BUILDING,,Habitat for Humanity of Greater Pittsburgh,CONSTRUCTION OF A 2-STORY SINGLE FAMILY DWELLING WITH FRONT PORCH,NEW CONSTRUCTION,Residential,187700.0,2021-04-15,0175B00322000000,"520 N BRADDOCK AVE, Pittsburgh, PA 15208-",40.4518007897,-79.8915469733,9.0,Homewood South,13.0,15221.0,Completed,42003130800,42003130800,42003130800,38300,"Pittsburgh, PA",3.56,4,42003130800
27749324,BP-2020-02808,BUILDING,23RR ASSOCIATES LLC,"Rycon Construction, Inc","CONSTRUCTION TO COMPLETION OF 7 STORY APARTMENT BUILDING WITH PARKING, OFFICE, AND RETAIL SPACE.  THIS PHASE TO INCLUDE ALL NON FOUNDATION AND STEEL WORK. - AMENDED TO INCLUDE 6TH FLOOR FIRE PLACE AND GARAGE GATE",NEW CONSTRUCTION,Commercial,30165932.0,2020-09-04,0024S00072000000,"2239 RAILROAD ST, Pittsburgh, 15222-",40.4544230904,-79.9838339608,1.0,Strip District,2.0,15222.0,Completed,42003020300,42003020300,42003020300,38300,"Pittsburgh, PA",4.0,4,42003020300
27749330,BP-2020-02850,BUILDING,,Habitat for Humanity of Greater Pittsburgh,"Construct new detached 2 stories, 3 bedrooms, single family dwelling",NEW CONSTRUCTION,Residential,187700.0,2021-05-03,0175B00323000000,"518 N BRADDOCK AVE, Pittsburgh, PA 15208-",40.4517016796,-79.8916206525,9.0,Homewood South,13.0,15221.0,Completed,42003130800,42003130800,42003130800,38300,"Pittsburgh, PA",3.56,4,42003130800
27749331,BP-2020-02853,BUILDING,,Habitat for Humanity of Greater Pittsburgh,CONSTRUCTION OF A 2-STORY SINGLE FAMILY DWELLING WITH FRONT PORCH,NEW CONSTRUCTION,Residential,187700.0,2021-04-15,0175B00324000000,"516 N BRADDOCK AVE, Pittsburgh, PA 15208-",40.4516016927,-79.8916928632,9.0,Homewood South,13.0,15221.0,Completed,42003130800,42003130800,42003130800,38300,"Pittsburgh, PA",3.56,4,42003130800
27749338,BP-2020-02907,BUILDING,,"Chiseled Homes, LLC",CONSTRUCTION OF 3 STORY MODULAR HOME WITH SITE BUILT ROOF DECK AND INTEGRAL ONE-CAR GARAGE,NEW CONSTRUCTION,Residential,200000.0,2020-05-11,0121E00202000000,"6512 ADELPHIA ST, Pittsburgh, PA 15206-",40.4877551335,-79.9304397698,7.0,Stanton Heights,10.0,15206.0,Completed,42003101800,42003101800,42003101800,38300,"Pittsburgh, PA",2.96,3,42003101800
27749352,BP-2020-02992,BUILDING,,"Shelton Building Associates, LLC",BUILD 3-STORY HOUSE (NO BASEMENT),NEW CONSTRUCTION,Residential,350000.0,2021-02-16,0084M00308000000,"313 DENNISTON ST, Pittsburgh, PA 15206-",40.4557546882,-79.9193800261,8.0,Shadyside,7.0,15206.0,Completed,42003070800,42003070800,42003070800,38300,"Pittsburgh, PA",2.9,3,42003070800
27749379,BP-2020-03131,BUILDING,ARSENAL 201-PHASE I LLC,"MM MARRA CONSTRUCTION, INC","NEW TENANT FIT OUT OF AN EXISTING CORE & SHELL SPACE FOR BAGEL RESTAURANT INCLUDES NEW WALLS, CEILINGS, DOORS & HARDWARE, CASEWORK AND FINISHES AS WELL AS TOILET ROOMS",NEW CONSTRUCTION,Commercial,110000.0,2021-03-10,0049E00128000000,"3913 BUTLER ST, Pittsburgh, PA 15201-",40.4685327573,-79.9639972173,7.0,Lower Lawrenceville,6.0,15201.0,Completed,42003060300,42003060300,42003060300,38300,"Pittsburgh, PA",3.37,4,42003060300
27749381,BP-2020-03148,BUILDING,,Acorn Builders LLC,"NEW 3 STORY SINGLE FAMILY DWELLING WITH INTEGRAL 2 CAR GARAGE.
AMENDMENT TO ALLOW FIRE-TREATED PLYWOOD TO BE RUN HORIZONTALLY WITHOUT BLOCKING.",NEW CONSTRUCTION,Residential,0.0,2020-06-26,0006L00138000000,"325 AUGUSTA ST, Pittsburgh, PA 15211-",40.4368082545,-80.0230201685,2.0,Duquesne Heights,19.0,15211.0,Completed,42003191100,42003191100,42003191100,38300,"Pittsburgh, PA",3.42,4,42003191100
27749423,BP-2020-03437,BUILDING,,Cason Construction Inc.,"CONSTRUCT NEW TWO STORY, DETACHED SINGLE FAMILY DWELLING WITH INTEGRAL GARAGE, EXTERIOR DECKS AND RETAINING WALL",NEW CONSTRUCTION,Residential,390000.0,2020-08-06,0086J00205000000,"1712 MURDOCH RD, Pittsburgh, PA 15217-",40.4373849482,-79.9310734887,5.0,Squirrel Hill South,14.0,15217.0,Completed,42003141300,42003141300,42003141300,38300,"Pittsburgh, PA",1.93,2,42003141300
27749427,BP-2020-03454,BUILDING,BOARD OF TRUSTEES OF THE COMMUNITY COLLEGE OF ALLY CO,"Rycon Construction, Inc",CONSTRUCT A 3-STORY BUILDNG (NO BASEMENT) WITH A PENTHOUSE,NEW CONSTRUCTION,Commercial,12171800.0,2021-03-01,0008E00185000000,"807 RIDGE AVE, Pittsburgh, PA 15212-",40.4501384828,-80.0138191834,1.0,Allegheny West,22.0,15212.0,Completed,42003562700,42003562700,42003562700,38300,"Pittsburgh, PA",4.0,4,42003562700
27749440,BP-2020-03537,BUILDING,BUNCHER COMPANY,"Burns Scalo Development, LLC",CORE AND SHELL FOR 8 STORY STRUCTURE,NEW CONSTRUCTION,Commercial,20320148.0,2020-08-18,0009G00170000000,"1447 SMALLMAN ST, Pittsburgh, PA 15222-",40.4486022823,-79.9903585214,1.0,Strip District,2.0,15222.0,Completed,42003020300,42003020300,42003020300,38300,"Pittsburgh, PA",4.0,4,42003020300
27749462,BP-2020-03706,BUILDING,,Crews Contracting LLC,NEW 3 STORY SINGLE FAMILY DWELLING WITH INTEGRAL GARAGE AND ROOF DECK,NEW CONSTRUCTION,Residential,200000.0,2020-08-12,0006K00284000000,"422 CLARENCE ST, Pittsburgh, PA 15211-",40.4361190335,-80.025858093,2.0,Duquesne Heights,19.0,15211.0,Completed,42003191100,42003191100,42003191100,38300,"Pittsburgh, PA",3.42,4,42003191100
27749478,BP-2020-03851,BUILDING,MNG REAL ESTATE LLC,Pittsburgh Kitchenramma LLC,"NEW THREE (3) STORY SINGLE FAMILY DWELLING WITH 5'x23' DECK OFF the SECOND FLOOR AT REAR, 5'X23' DECK OFF the THIRD FLOOR AT REAR, AND ROOFTOP DECK.",NEW CONSTRUCTION,Residential,200000.0,2021-01-20,0025M00096000000,"3115 BRERETON ST, Pittsburgh, 15219-",40.4568745508,-79.9665466654,7.0,Polish Hill,6.0,15219.0,Completed,42003060500,42003060500,42003060500,38300,"Pittsburgh, PA",3.56,4,42003060500
27749481,BP-2020-03875,BUILDING,,R&J Renovators LLC,NEW 3 STORY SINGLE FAMILY DWELLING WITH INTEGRAL GARAGE AND ROOF DECK,NEW CONSTRUCTION,Residential,200000.0,2020-08-12,0006K00281000000,"418 CLARENCE ST, Pittsburgh, PA 15211-",40.4362627543,-80.0257573428,2.0,Duquesne Heights,19.0,15211.0,Issued,42003191100,42003191100,42003191100,38300,"Pittsburgh, PA",3.42,4,42003191100
27749489,BP-2020-03915,BUILDING,ALLEGHENY COUNTY SANITARY AUTHORITY,Mascaro Construction Co LP,"CONSTRUCTION OF NEW PUMP, CHEMICAL, AND TREATMENT BUILDINGS, TANKS, AND PIPE GALLERIES AND EXTEND AND REPAIR EXISTING RIVER WALL - AMENDED TO MODIFY EAST AND WEST FINAL SETTLING TANK ACCESS LADDERS AND PLATFORMS",NEW CONSTRUCTION,Commercial,79143996.0,2020-08-28,0075E00002000000,"3300 PREBLE AVE #840, Pittsburgh, PA 15233-",40.4785218975,-80.0458007601,2.0,Brighton Heights,27.0,15212.0,Completed,42003270100,42003270100,42003270100,38300,"Pittsburgh, PA",2.33,2,42003270100
27749492,BP-2020-03925,BUILDING,MNG REAL ESTATE LLC,Pittsburgh Kitchenramma LLC,"CONSTRUCT NEW 3 STORY SINGLE FAMILY DWELLING WITH INTEGRAL 2 CAR GARAGE AND DECKS AT 2ND FLOOR REAR, 3RD FLOOR REAR, AND ROOF.",NEW CONSTRUCTION,Residential,200000.0,2021-01-20,0025M00102000000,"3116 DOBSON ST, Pittsburgh, PA 15219-",40.4570595621,-79.9665588168,7.0,Polish Hill,6.0,15219.0,Completed,42003060500,42003060500,42003060500,38300,"Pittsburgh, PA",3.56,4,42003060500
27749500,BP-2020-03953,BUILDING,,R&J Renovators LLC,CONSTRUCT NEW 3 STORY SINGLE FAMILY RESIDENCE,NEW CONSTRUCTION,Residential,200000.0,2020-08-12,0006K00283000000,"420 CLARENCE ST, Pittsburgh, PA 15211-",40.4361912023,-80.0258081498,2.0,Duquesne Heights,19.0,15211.0,Completed,42003191100,42003191100,42003191100,38300,"Pittsburgh, PA",3.42,4,42003191100
27749501,BP-2020-03954,BUILDING,,Artisan Development Group LLC,"SINGLE FAMILY DWELLING, 3-STORIES ABOVE GRADE IN ADDITION TO WALKOUT BASEMENT, ROOF DECK AND INTEGRAL ONE CAR GARAGE",NEW CONSTRUCTION,Residential,200000.0,2020-08-12,0006K00285000000,"424 CLARENCE ST, Pittsburgh, PA 15211-",40.4360472627,-80.0259087283,2.0,Duquesne Heights,19.0,15211.0,Revoked,42003191100,42003191100,42003191100,38300,"Pittsburgh, PA",3.42,4,42003191100
27749512,BP-2020-04066,BUILDING,CARNEGIE MELLON UNIVERSITY,Mosites Construction Company,FOUNDATION ONLY FOR NEW FOUR STORY APARTMENT BUILDING,NEW CONSTRUCTION,Commercial,2000000.0,2021-02-24,0052R00060000000,"5093 FORBES AVE, Pittsburgh, PA 15213-",40.4445944176,-79.9397408558,8.0,Squirrel Hill North,14.0,15213.0,Completed,42003140100,42003140100,42003140100,38300,"Pittsburgh, PA",1.09,1,42003140100
27749515,BP-2020-04087,BUILDING,,Pomo Development Inc,NEW 2 STORY SINGLE FAMILY DWELLING WITH DECK & INTEGRAL 2 CAR GARAGE.,NEW CONSTRUCTION,Residential,175000.0,2020-05-29,0006R00173000000,"450 SWEETBRIAR ST, Pittsburgh, PA 15211-",40.4344167807,-80.022759842,2.0,Duquesne Heights,19.0,15211.0,Issued,42003191100,42003191100,42003191100,38300,"Pittsburgh, PA",3.42,4,42003191100
27749519,BP-2020-04118,BUILDING,,Pomo Development Inc,NEW 2 STORY SINGLE FAMILY DWELLING WITH DECK & INTEGRAL 2 CAR GARAGE.,NEW CONSTRUCTION,Residential,175000.0,2020-05-29,0006R00175000000,"452 SWEETBRIAR ST, Pittsburgh, PA 15211-",40.4343312738,-80.0227986455,2.0,Duquesne Heights,19.0,15211.0,Completed,42003191100,42003191100,42003191100,38300,"Pittsburgh, PA",3.42,4,42003191100
27749520,BP-2020-04121,BUILDING,NORTH SHORE X APARTMENTS LLC,"Continental Building Company II, LLC",CONSTRUCT 6-STORY STRUCTURE,NEW CONSTRUCTION,Commercial,8000000.0,2020-11-16,0008K00035000000,"220 NORTH SHORE DR #628, Pittsburgh, PA 15212-",40.4468565587,-80.0080661064,6.0,North Shore,22.0,15212.0,Completed,42003981200,42003981200,42003981200,38300,"Pittsburgh, PA",4.0,4,42003981200
27749521,BP-2020-04124,BUILDING,,Pomo Development Inc,NEW 2 STORY SINGLE FAMILY DWELLING WITH DECK & INTEGRAL 2 CAR GARAGE.,NEW CONSTRUCTION,Residential,175000.0,2020-05-29,0006R00177000000,"454 SWEETBRIAR ST, Pittsburgh, PA 15211-",40.4342454815,-80.0228369611,2.0,Duquesne Heights,19.0,15211.0,Completed,42003191100,42003191100,42003191100,38300,"Pittsburgh, PA",3.42,4,42003191100
27749552,BP-2020-04349,BUILDING,FLATS ON FORWARD LP,P.J. Dick Incorporated,CONSTRUCTION OF NEW MIXED USE BUILDING WITH INTEGRAL PARKING AND ADJACENT RETAINING WALL,NEW CONSTRUCTION,Commercial,10900000.0,2021-07-26,0087G00155000000,"5808 FORWARD AVE, Pittsburgh, PA 15217-",40.4293998406,-79.9229964275,5.0,Squirrel Hill South,14.0,15217.0,Completed,42003141400,42003141400,42003141400,38300,"Pittsburgh, PA",2.0,2,42003141400
27749577,BP-2020-04511,BUILDING,SOLARA VENTURES VII LLC,Franjo Construction Corporation,"PHASED CONSTRUCTION OF 6 STORY BUILDING - SUPERSTRUCTURE, CORE, SHELL, AND FIT-OUT OF PORTION OF 1ST FLR",NEW CONSTRUCTION,Commercial,5000.0,2020-10-19,0025K00162000000,"2635 PENN AVE #508, Pittsburgh, PA 15222-",40.455798496,-79.9776779877,1.0,Strip District,2.0,15222.0,Completed,42003020300,42003020300,42003020300,38300,"Pittsburgh, PA",4.0,4,42003020300
27749604,BP-2020-04645,BUILDING,WINNIE VENTURE CAPITAL LLC,Terwisscha Construction Inc.,"CONSTRUCTION OF TWO STORY WOOD FRAMED COMMERCIAL BUILDING WITH BITUMINOUS PAVED PARKING LOT, CONCRETE SIDEWALK AND REINF. CONC. RETAINING WALL AT REAR.",NEW CONSTRUCTION,Commercial,1750000.0,2020-12-11,0055H00200000000,"705 HAZELWOOD AVE, Pittsburgh, PA 15217-",40.4200304837,-79.9328580186,5.0,Greenfield,15.0,15217.0,Completed,42003151700,42003151700,42003151700,38300,"Pittsburgh, PA",2.52,3,42003151700
27749623,BP-2020-04745,BUILDING,THREE CROSSINGS 2.0-G LP,"Rycon Construction, Inc",CORE AND SHELL OF 6 STORY STRUCTURE ABOVE 1 LEVEL OF UNDERGROUND PARKING,NEW CONSTRUCTION,Commercial,12575000.0,2020-09-09,0025F00288000000,"75 HOPPER PL #301, Pittsburgh, PA 15222-",40.458771362,-79.9772398962,1.0,Strip District,6.0,15222.0,Completed,42003020300,42003020300,42003020300,38300,"Pittsburgh, PA",4.0,4,42003020300
27749624,BP-2020-04752,BUILDING,EGP 3311 PITTSBURGH LLC,"Rycon Construction, Inc","INSTALLATION OF PREFABRICATED STRUCTURE FOR VISITOR SCREENING, FENCE, AND SITE WORK WITH PARKING, SITE WORK WORK FOR UTILITY, SOIL ERROSION AND WATER MANAGEMENT",NEW CONSTRUCTION,Commercial,995500.0,2021-05-05,0030B00121000000,"3381 E CARSON ST, Pittsburgh, PA 15203-",40.4223563803,-79.9589277056,3.0,South Side Flats,16.0,15203.0,Completed,42003160900,42003160900,42003160900,38300,"Pittsburgh, PA",4.0,4,42003160900
27749634,BP-2020-04818,BUILDING,,"Milestone Residential, LLC","NEW SINGLE FAMILY, FRAMED, ATTACHED ONE SIDE, 3 STORY DWELLING WITH DETACHED, SINGLE STORY, 2 CAR GARAGE IN REAR (GARAGE IS ATTACHED TO ADJACENT GARAGE). THE ADJACENT ATTACHED DWELLING IS UNDER BP-2020-04822 AT 145 46TH ST.",NEW CONSTRUCTION,Residential,300000.0,2020-07-06,0080P00268000000,"143 46TH ST, Pittsburgh, PA 15201-",40.4743073732,-79.9604993778,7.0,Central Lawrenceville,9.0,15201.0,Issued,42003090100,42003090100,42003090100,38300,"Pittsburgh, PA",4.0,4,42003090100
27749635,BP-2020-04822,BUILDING,,"Milestone Residential, LLC","NEW SINGLE FAMILY, FRAMED, ATTACHED ONE SIDE, 3 STORY DWELLING WITH ROOF DECK AND DETACHED 2 CAR GARAGE IN REAR (GARAGE IS ATTACHED TO ADJACENT GARAGE). THE ADJACENT ATTACHED DWELLING IS UNDER BP-2020-04822 AT 145 46TH ST.",NEW CONSTRUCTION,Residential,300000.0,2020-07-06,0080P00266000000,"145 46TH ST, Pittsburgh, PA 15201-",40.4742681755,-79.9604447539,7.0,Central Lawrenceville,9.0,15201.0,Issued,42003090100,42003090100,42003090100,38300,"Pittsburgh, PA",4.0,4,42003090100
27749653,BP-2020-04905,BUILDING,MOXEY TOWN LP,ELITE MAINTENANCE & CONSTRUCTION INC,"EXTERIOR AND INTERIOR RENOVATIONS FOR NEW TENANT FIT OUT AND USE AS OFFICE AND WAREHOUSE STORAGE (BUILDING #1A, SUITE 103) IN EXISTING ONE STORY COMMERCIAL STRUCTURE",NEW CONSTRUCTION,Commercial,130000.0,2020-08-10,0107R00040000000,"463 NAPOR BLVD #121, Pittsburgh, PA 15205-",40.4426931777,-80.0859878913,2.0,Fairywood,28.0,15205.0,Completed,42003563000,42003563000,42003563000,38300,"Pittsburgh, PA",2.29,2,42003563000
27749662,BP-2020-04936,BUILDING,3439 DENNY LLC,Leri Contracting ,"NEW 3 STORY SINGLE FAMILY HOME WITH INTEGRAL GARAGE, AND DECKS ON 2ND FLR, 3RD FLR, AND ROOF.
AMENDMENT ADDS FOUNDATION ALTERATION/REPAIR FOR EXIST CONDITIONS.",NEW CONSTRUCTION,Residential,0.0,2020-10-28,0049N00202000000,"3439 DENNY ST, Pittsburgh, 15201-",40.4626501233,-79.9651612234,7.0,Lower Lawrenceville,6.0,15201.0,Issued,42003060300,42003060300,42003060300,38300,"Pittsburgh, PA",3.37,4,42003060300
27749736,BP-2020-05304,BUILDING,,Bianco concrete construction llc,SITE WORK & RETAINING WALLS ASSOCIATED WITH A NEW IN GROUND SWIMMING POOL ... THE SWIMMING POOL TO BE INCLUDED IN THE SCOPE OF WORK ON A FUTURE APPLICATION.,NEW CONSTRUCTION,Residential,70000.0,2020-07-09,0004A00024000000,"242 BIGHAM ST, Pittsburgh, 15211-",40.4331997715,-80.0154680326,2.0,Mount Washington,19.0,15211.0,Completed,42003190300,42003190300,42003190300,38300,"Pittsburgh, PA",3.14,3,42003190300
27749757,BP-2020-05411,BUILDING,SQUARE VIEW-MVHP LLC,FRANJO CONSTRUCTION,INTERIOR ALTERATIONS FOR OFFICE FIT OUT,NEW CONSTRUCTION,Commercial,190000.0,2020-10-16,0048S00220000000,"3433 BUTLER ST #404, Pittsburgh, PA 15201-",40.4632209194,-79.967178151,7.0,Lower Lawrenceville,6.0,15201.0,Completed,42003060300,42003060300,42003060300,38300,"Pittsburgh, PA",3.37,4,42003060300
27749815,BP-2020-05649,BUILDING,CARNEGIE MELLON UNIVERSITY,Mosites Construction Company,CONSTRUCT NEW FOUR STORY DORMITORY APARTMENT BUILDING WITH 37 UNITS,NEW CONSTRUCTION,Commercial,13700000.0,2021-03-26,0052R00060000000,"5093 FORBES AVE, Pittsburgh, PA 15213-",40.4445944176,-79.9397408558,8.0,Squirrel Hill North,14.0,15213.0,Completed,42003140100,42003140100,42003140100,38300,"Pittsburgh, PA",1.09,1,42003140100
27749879,BP-2020-06225,BUILDING,,"EKO2 Development, LLC",CONSTRUCTION OF AN ATTACHED 3-STORY SINGLE FAMILY DWELLING,NEW CONSTRUCTION,Residential,200000.0,2020-08-14,0083K00008000000,"409 N BEATTY ST, Pittsburgh, PA 15206-",40.4656021053,-79.9248588112,9.0,East Liberty,11.0,15206.0,Completed,42003111500,42003111500,42003111500,38300,"Pittsburgh, PA",3.87,4,42003111500
27749883,BP-2020-06243,BUILDING,,"Holland Enterprises, LLC",2 STORY SINGLE FAMILY DWELLING WITH DETACHED GARAGE,NEW CONSTRUCTION,Residential,125000.0,2020-06-10,0022F00296000000,"1247 COLUMBUS AVE, Pittsburgh, 15233-",40.4579063858,-80.0250943216,6.0,Manchester,21.0,15233.0,Completed,42003565200,42003565200,42003565200,38300,"Pittsburgh, PA",4.0,4,42003565200
27749884,BP-2020-06245,BUILDING,,"Holland Enterprises, LLC",NEW 2-STORY SINGLE FAMILY DETACHED DWELLING WITH DETACHED 1-STORY GARAGE.,NEW CONSTRUCTION,Residential,125000.0,2020-06-03,0022K00056000000,"1708 FULTON ST, Pittsburgh, 15233-",40.4574549621,-80.025486432,6.0,Manchester,21.0,15233.0,Completed,42003565200,42003565200,42003565200,38300,"Pittsburgh, PA",4.0,4,42003565200
27749885,BP-2020-06246,BUILDING,,"Holland Enterprises, LLC",NEW 2-STORY SINGLE FAMILY DETACHED DWELLING WITH DETACHED 1-STORY GARAGE.,NEW CONSTRUCTION,Residential,125000.0,2020-06-03,0022K00058000000,"1714 FULTON ST, Pittsburgh, 15233-",40.4575478583,-80.0255148393,6.0,Manchester,21.0,15233.0,Completed,42003565200,42003565200,42003565200,38300,"Pittsburgh, PA",4.0,4,42003565200
27749886,BP-2020-06247,BUILDING,,"Holland Enterprises, LLC",NEW 2-STORY SINGLE FAMILY DETACHED DWELLING WITH DETACHED 1-STORY GARAGE.,NEW CONSTRUCTION,Residential,125000.0,2020-06-03,0022F00290000000,"1732 FULTON ST, Pittsburgh, 15233-",40.4577991409,-80.0255908858,6.0,Manchester,21.0,15233.0,Completed,42003565200,42003565200,42003565200,38300,"Pittsburgh, PA",4.0,4,42003565200
27749887,BP-2020-06251,BUILDING,,Hemlock Design Inc,NEW 3 STORY SINGLE FAMILY TOWNHOUSE AS PART OF GROUPING OF 4 WITH 3RD FLOOR DECK AND INTEGRAL PARKING.,NEW CONSTRUCTION,Residential,200000.0,2020-08-19,0023F00086000000,"134 E JEFFERSON ST, Pittsburgh, PA 15212-",40.4594150218,-80.0096758609,1.0,Central Northside,25.0,15212.0,Completed,42003565100,42003565100,42003565100,38300,"Pittsburgh, PA",3.98,4,42003565100
27749904,BP-2020-06324,BUILDING,HULLETT DEVELOPMENT PA,"MM Marra Construction, Inc",PHASED CONSTRUCTION - FIT-OUT OF 1ST FLOOR TENANT SPACE AS A RESTAURANT,NEW CONSTRUCTION,Commercial,65000.0,2021-08-30,0025N00101000000,"2552 SMALLMAN ST, Pittsburgh, PA 15222-",40.4549553695,-79.9796122559,1.0,Strip District,2.0,15222.0,Completed,42003020300,42003020300,42003020300,38300,"Pittsburgh, PA",4.0,4,42003020300
27749931,BP-2020-06557,BUILDING,SM RET EI LLC,Banyan Construction Services,SOLA SALON(6488 SF) STUDIOS IN A 1 STORY STRUCTURE WITH A MEZZANINE.,NEW CONSTRUCTION,Commercial,589245.0,2020-07-10,0051L00262000000,"5259 LIBERTY AVE, Pittsburgh, PA 15224-",40.4573786627,-79.9401755564,7.0,Bloomfield,8.0,15224.0,Completed,42003080600,42003080600,42003080600,38300,"Pittsburgh, PA",3.0,3,42003080600
27749933,BP-2020-06570,BUILDING,,Salimbene & Sons,CONSTRUCTION OF 3 STORY SINGLE FAMILY DWELLING AND RETAINING WALL,NEW CONSTRUCTION,Residential,48000.0,2020-09-24,0006R00063000000,"454 WYOLA ST, Pittsburgh, PA 15211-",40.4345607807,-80.0238937263,2.0,Duquesne Heights,19.0,15211.0,Completed,42003191100,42003191100,42003191100,38300,"Pittsburgh, PA",3.42,4,42003191100
27749963,BP-2020-06820,BUILDING,OPEN HAND MINISTRIES INC,Shape Development Group LLC,CONSTRUCTION OF NEW TWO FAMILY DWELLING,NEW CONSTRUCTION,Residential,75000.0,2023-09-08,0050H00036000000,"5352 HILLCREST ST, Pittsburgh, PA 15224-",40.4676292113,-79.9356194061,9.0,Garfield,10.0,15224.0,Completed,42003101900,42003101900,42003101900,38300,"Pittsburgh, PA",3.97,4,42003101900
27749967,BP-2020-06857,BUILDING,OPEN HAND MINISTRIES INC,Shape Development Group LLC,CONSTRUCTION OF NEW TWO FAMILY DWELLING WITH TWO (2) CAR PARKING PAD AT REAR AND 4' HIGH FENCE ALONG SIDE PROPERTY LINES AT REAR,NEW CONSTRUCTION,Residential,75000.0,2023-09-08,0050H00037000000,"5354 HILLCREST ST, Pittsburgh, PA 15224-",40.4676213335,-79.9355521919,9.0,Garfield,10.0,15224.0,Completed,42003101900,42003101900,42003101900,38300,"Pittsburgh, PA",3.97,4,42003101900
27749968,BP-2020-06858,BUILDING,OPEN HAND MINISTRIES INC,Shape Development Group LLC,CONSTRUCTION OF NEW TWO FAMILY DWELLING,NEW CONSTRUCTION,Residential,75000.0,2023-09-08,0050H00038000000,"5356 HILLCREST ST, Pittsburgh, PA 15224-",40.4676079042,-79.9354845406,9.0,Garfield,10.0,15224.0,Completed,42003101900,42003101900,42003101900,38300,"Pittsburgh, PA",3.97,4,42003101900
27749981,BP-2020-06956,BUILDING,,RJ Steele Construction,"CONSTRUCT NEW THREE STORY, SINGLE FAMILY DWELLING WITH INTEGRAL GARAGE AND ROOF DECK",NEW CONSTRUCTION,Residential,220000.0,2020-12-10,0003N00246000000,"247 ZUZU CIR, Pittsburgh, 15210-",40.4253581805,-79.9965010989,3.0,Allentown,18.0,15210.0,Completed,42003180300,42003180300,42003180300,38300,"Pittsburgh, PA",3.0,3,42003180300
27749982,BP-2020-06958,BUILDING,,RJ Steele Construction,"CONSTRUCT NEW THREE STORY, SINGLE FAMILY DWELLING WITH INTEGRAL GARAGE AND ROOF DECK",NEW CONSTRUCTION,Residential,220000.0,2020-12-10,0003N00247000000,"249 ZUZU CIR, Pittsburgh, 15210-",40.4252473447,-79.9963782302,3.0,Allentown,18.0,15210.0,Completed,42003180300,42003180300,42003180300,38300,"Pittsburgh, PA",3.0,3,42003180300
27749983,BP-2020-06960,BUILDING,GRACE STREET DEVELOPMENT LLC,RJ Steele Construction,NEW 2 STORY SINGLE FAMILY DWELLING WITH A DECK AT REAR & AN INTEGRAL GARAGE.,NEW CONSTRUCTION,Residential,120000.0,2021-03-15,0004E00068000000,"466 GRACE ST, Pittsburgh, PA 15211-",40.4289052748,-80.0144993078,2.0,Mount Washington,19.0,15211.0,Issued,42003191400,42003191400,42003191400,38300,"Pittsburgh, PA",3.12,3,42003191400
27749986,BP-2020-06968,BUILDING,,P. W. Campbell Contracting Co.,NEW 3 STORY SINGLE FAMILY MIDDLE TOWNHOUSE UNIT.,NEW CONSTRUCTION,Residential,225000.0,2020-11-23,0053H00231000000,"202 SCHENLEY RD, Pittsburgh, 15217-",40.4397622105,-79.9369158061,8.0,Squirrel Hill North,14.0,15217.0,Completed,42003140100,42003140100,42003140100,38300,"Pittsburgh, PA",1.09,1,42003140100
27750024,BP-2020-07343,BUILDING,NOONE RYAN JOSEPH & ALEXANDRACHRISTINE (W),WH Midwest LLC,NEW SINGLE FAMILY DETACHED 2 STORY DWELLING,NEW CONSTRUCTION,Residential,352000.0,2020-10-20,0131N00042000000,"4315 Bench Way, Pittsburgh, PA 15120-",40.3967017909,-79.91433997,5.0,New Homestead,31.0,15207.0,Completed,42003565300,42003565300,42003565300,38300,"Pittsburgh, PA",4.0,4,42003565300
27750032,BP-2020-07421,BUILDING,,Hemlock Design Inc,NEW 3-STORY SINGLE-FAMILY TOWNHOUSE AS PART OF GROUPING OF 4 WITH 3RD FLOOR DECK AND INTEGRAL PARKING.,NEW CONSTRUCTION,Residential,200000.0,2020-08-18,0023F00084000000,"132 E JEFFERSON ST, Pittsburgh, PA 15212-",40.4594665188,-80.009621655,1.0,Central Northside,25.0,15212.0,Completed,42003565100,42003565100,42003565100,38300,"Pittsburgh, PA",3.98,4,42003565100
27750033,BP-2020-07422,BUILDING,,Hemlock Design Inc,NEW 3 STORY SINGLE FAMILY TOWNHOUSE AS PART OF GROUPING OF 4 WITH 3RD FLOOR DECK AND INTEGRAL PARKING.,NEW CONSTRUCTION,Residential,200000.0,2020-08-18,0023F00085000000,"130 E JEFFERSON ST, Pittsburgh, PA 15212-",40.4594821912,-80.0095614886,1.0,Central Northside,25.0,15212.0,Completed,42003565100,42003565100,42003565100,38300,"Pittsburgh, PA",3.98,4,42003565100
27750034,BP-2020-07423,BUILDING,,Hemlock Design Inc,NEW 3 STORY SINGLE FAMILY TOWNHOUSE AS PART OF GROUPING OF 4 WITH 3RD FLOOR DECK AND INTEGRAL PARKING.,NEW CONSTRUCTION,Residential,200000.0,2020-08-18,0023F00083000000,"128 E JEFFERSON ST, Pittsburgh, PA 15212-",40.4594946746,-80.0094957381,1.0,Central Northside,25.0,15212.0,Completed,42003565100,42003565100,42003565100,38300,"Pittsburgh, PA",3.98,4,42003565100
27750095,BP-2020-07874,BUILDING,CROCE ALFRED,Avanti Design Build Inc,NEW 2 STORY SINGLE FAMILY DWELLING WITH DETACHED GARAGE.,NEW CONSTRUCTION,Residential,236525.0,2021-01-04,0083F00233000000,"509 N SAINT CLAIR ST, Pittsburgh, PA 15206-",40.4677322292,-79.9261550749,9.0,East Liberty,11.0,15206.0,Completed,42003111300,42003111300,42003111300,38300,"Pittsburgh, PA",2.51,3,42003111300
27750186,BP-2020-08631,BUILDING,1509 ARCH STREET LLC,Shape Development Group LLC,"NEW 3 STORY, FRAMED, SINGLE FAMILY DWELLING WITH INTEGRAL ONE CAR GARAGE, ADJACENT TO MIRROR DWELLING UNDER BP-2020-10830. 
MEXICAN WAR STREET HISTORIC
AMENDMENT # 1 TO CHANGE FOUNDATION TO PRECAST",NEW CONSTRUCTION,Residential,200000.0,2021-05-18,0023F00327000000,"1509 ARCH ST, Pittsburgh, PA 15212-",40.458133248,-80.0098823456,1.0,Central Northside,25.0,15212.0,Completed,42003565100,42003565100,42003565100,38300,"Pittsburgh, PA",3.98,4,42003565100
27750187,BP-2020-08636,BUILDING,,Shape Development Group LLC,"NEW 3 STORY, FRAMED, SINGLE-FAMILY DWELLING WITH INTEGRAL ONE-CAR GARAGE. EACH HOUSE IS ON A SEPARATE PARCEL.",NEW CONSTRUCTION,Residential,200000.0,2021-05-25,0023F00335000000,"1514 ARCH ST, Pittsburgh, PA 15212-",40.4583008089,-80.0094096675,1.0,Central Northside,25.0,15212.0,Completed,42003565100,42003565100,42003565100,38300,"Pittsburgh, PA",3.98,4,42003565100
27750189,BP-2020-08652,BUILDING,,Shape Development Group LLC,"NEW 3 STORY, FRAMED, SINGLE FAMILY DWELLING WITH ONE CAR INTEGRAL GARAGE",NEW CONSTRUCTION,Residential,200000.0,2021-05-18,0023F00289000000,"211 ALPINE AVE, Pittsburgh, PA 15212-",40.4582041459,-80.0100896517,1.0,Central Northside,25.0,15212.0,Completed,42003565100,42003565100,42003565100,38300,"Pittsburgh, PA",3.98,4,42003565100
27750190,BP-2020-08653,BUILDING,,Shape Development Group LLC,"CONSTRUCT NEW THREE STORY, DETACHED, FRAMED, SINGLE FAMILY DWELLING WITH INTEGRAL ONE CAR GARAGE",NEW CONSTRUCTION,Residential,200000.0,2021-05-18,0023F00285000000,"217 ALPINE AVE, Pittsburgh, PA 15212-",40.4581542145,-80.0102945135,1.0,Central Northside,25.0,15212.0,Completed,42003565100,42003565100,42003565100,38300,"Pittsburgh, PA",3.98,4,42003565100
27750262,BP-2020-09048,BUILDING,5803 CENTRE LLC,Al. Neyer LLC,SITE AND FOUNDATION WORK ONLY (UP TO 1ST FLOOR SLAB) FOR NEW 6 STORY APARTMENT BUILDING,NEW CONSTRUCTION,Commercial,1170000.0,2021-01-19,0084E00262000000,"5819 CENTRE AVE #101, Pittsburgh, PA 15206-",40.4583462957,-79.9314571941,7.0,East Liberty,8.0,15206.0,Completed,42003111500,42003111500,42003111500,38300,"Pittsburgh, PA",3.87,4,42003111500
27750272,BP-2020-09174,BUILDING,,Shape Development Group LLC,"NEW 3 STORY, FRAMED, SINGLE FAMILY DWELLING WITH INTEGRAL ONE CAR GARAGE; ADJACENT TO MIRROR DWELLING UNDER BP-2020-08652. EACH HOUSE IS ON A SEPARATE PARCEL.  
MEXICAN WAR STREET HISTORIC
AMEND # 1 TO CHANGE FOUNDATION TO PRECAST",NEW CONSTRUCTION,Residential,200000.0,2021-05-18,0023F00287000000,"213 ALPINE AVE, Pittsburgh, PA 15212-",40.4581746278,-80.0101684625,1.0,Central Northside,25.0,15212.0,Completed,42003565100,42003565100,42003565100,38300,"Pittsburgh, PA",3.98,4,42003565100
27750292,BP-2020-09352,BUILDING,,Salimbene & Sons,CONSTRUCTION OF 3 STORY SINGLE FAMILY DWELLING AND RETAINING WALL,NEW CONSTRUCTION,Residential,152000.0,2020-10-26,0006R00064000000,"450 WYOLA ST, Pittsburgh, PA 15211-",40.434652209,-80.0238402579,2.0,Duquesne Heights,19.0,15211.0,Completed,42003191100,42003191100,42003191100,38300,"Pittsburgh, PA",3.42,4,42003191100
27750326,BP-2020-09627,BUILDING,159 MERIDAN STREET LLC,Acorn Builders LLC,NEW 2 STORY SINGLE FAMILY DWELLING.,NEW CONSTRUCTION,Residential,320000.0,2020-10-29,0006M00137000000,No primary address specified,40.4358298612,-80.0183487298,2.0,Mount Washington,19.0,15211.0,Expired,42003190300,42003190300,42003190300,38300,"Pittsburgh, PA",3.14,3,42003190300
27750353,BP-2020-09837,BUILDING,5803 CENTRE LLC,Al. Neyer LLC,"PHASED CONSTRUCTION (ABOVEGROUND SUPER STRUCTURE, CORE, SHELL, & FITOUT) OF NEW 6 STORY APARTMENT BUILDING WITH GROUND FLOOR AMENITIES AND RETAIL TENANT SPACE",NEW CONSTRUCTION,Commercial,18360485.0,2021-03-23,0084E00262000000,"5819 CENTRE AVE #101, Pittsburgh, PA 15206-",40.4583462957,-79.9314571941,7.0,East Liberty,8.0,15206.0,Completed,42003111500,42003111500,42003111500,38300,"Pittsburgh, PA",3.87,4,42003111500
27750430,BP-2020-10389,BUILDING,100 BROSVILLE STREET ASSOCIATES LLC,"Chiseled Homes, LLC",NEW SINGLE FAMILY DWELLING WITH INTEGRAL GARAGE & ROOFTOP DECK & RETAINING WALL.,NEW CONSTRUCTION,Residential,100000.0,2020-10-02,0003S00108000000,"100 BROSVILLE ST, Pittsburgh, 15203-",40.4248040059,-79.98555309,3.0,South Side Slopes,17.0,15203.0,Completed,42003170600,42003170600,42003170600,38300,"Pittsburgh, PA",3.74,4,42003170600
27750514,BP-2020-10830,BUILDING,,Shape Development Group LLC,NEW ATTACHED SINGLE FAMILY 3 STORY HOME WITH ONE CAR INTEGRAL GARAGE.,NEW CONSTRUCTION,Residential,200000.0,2021-05-18,0023F00328000000,"1511 ARCH ST, Pittsburgh, PA 15212-",40.4581871811,-80.0099155839,1.0,Central Northside,25.0,15212.0,Completed,42003565100,42003565100,42003565100,38300,"Pittsburgh, PA",3.98,4,42003565100
27750632,BP-2020-11542,BUILDING,RIDC MILL 19A,Landau Building Co,PHASED CONSTRUCTION - FIT-OUT OF 1ST FLOOR TENANT SPACE,NEW CONSTRUCTION,Commercial,320000.0,2020-12-16,0055J00114000A00,"4501 LYTLE ST, Pittsburgh, PA 15207-",40.4150172885,-79.9480295193,5.0,Hazelwood,15.0,15207.0,Completed,42003562901,42003562901,42003562901,38300,"Pittsburgh, PA",3.75,4,42003562901
27750661,BP-2020-11763,BUILDING,,"Milestone Residential, LLC",CONSTRUCT A 3-STORY SINGLE-FAMILY DWELLING WITH INTEGRAL GARAGE AND 2ND FLOOR REAR DECK AND ROOF DECK,NEW CONSTRUCTION,Residential,280000.0,2020-09-10,0080P00270000000,"120 45TH ST, Pittsburgh, PA 15201-",40.4738545817,-79.9619295634,7.0,Central Lawrenceville,9.0,15201.0,Expired,42003090100,42003090100,42003090100,38300,"Pittsburgh, PA",4.0,4,42003090100
27750697,BP-2020-11892,BUILDING,,Taylor Construction & Development Inc.,CONSTRUCTION OF A 3-STORY 8-UNIT APARTMENT BUILDING INCLUDING PARKING AND SITE WORK,NEW CONSTRUCTION,Commercial,1200000.0,2026-03-26,0010K00120000000,"621 PERRY ST, Pittsburgh, PA 15219-",40.4462883794,-79.9780559538,6.0,Middle Hill,5.0,15219.0,Issued,42003050100,42003050100,42003050100,38300,"Pittsburgh, PA",4.0,4,42003050100
27750703,BP-2020-11969,BUILDING,1627 PENN AVENUE LP,CPS Construction Group,CONSTRUCTION OF A PARKING GARAGE WITH SURFACE LEVEL PARKING AND ONE STORY BELOW GRADE SERVING A 10-STORY MIXED-USE STRUCTURE,NEW CONSTRUCTION,Commercial,1050000.0,2022-03-18,0009H00003000000,"1625 PENN AVE #102, Pittsburgh, PA 15222-",40.4493909979,-79.9870684689,1.0,Strip District,2.0,15222.0,Completed,42003020300,42003020300,42003020300,38300,"Pittsburgh, PA",4.0,4,42003020300
27750774,BP-2020-12556,BUILDING,,"Milestone Residential, LLC",CONSTRUCT A 3-STORY SINGLE-FAMILY DWELLING WITH INTEGRAL GARAGE AND 2ND FLOOR REAR DECK AND ROOF DECK,NEW CONSTRUCTION,Residential,280000.0,2020-09-14,0080P00267000000,"120 LOCARNA Way, Pittsburgh, PA 15201-",40.4737565911,-79.9620497702,7.0,Central Lawrenceville,9.0,15201.0,Completed,42003090100,42003090100,42003090100,38300,"Pittsburgh, PA",4.0,4,42003090100
27750862,BP-2020-13133,BUILDING,ALLEGHENY COUNTY INSTITUTION DISTRICT,"Steel Nation Buildings, Inc.",CONSTRUCTION OF NEW PREFAB STEEL BUILDING ON SITE CAST FOUNDATION,NEW CONSTRUCTION,Commercial,250000.0,2020-11-04,0089J00125000000,"965 RIVERMONT DR #206, Pittsburgh, PA 15207-",40.4075678874,-79.9301157775,5.0,Glen Hazel,15.0,15207.0,Completed,42003562300,42003562300,42003562300,38300,"Pittsburgh, PA",3.44,4,42003562300
27750888,BP-2020-13272,BUILDING,VITMORE BAUM HOLDINGS LP,DLP Construction Company Inc,"FIRST FIT OUT OF 5,661 SQ FT AS MEDICAL MARIJUANA DISPENSARY ON PORTION OF 1ST FLOOR.
AMENDMENT: Use Styrofoam backfill instead of gravel at steps. Installation of clear security window film",NEW CONSTRUCTION,Commercial,1197352.0,2020-10-16,0051M00015000000,"5522 BAUM BLVD #723, Pittsburgh, PA 15232-",40.4573410281,-79.9363522901,7.0,Friendship,8.0,15232.0,Completed,42003080700,42003080700,42003080700,38300,"Pittsburgh, PA",3.01,3,42003080700
27750913,BP-2020-13429,BUILDING,,IDR LLC,3 STORY SINGLE FAMILY DWELLING WITH INTERGRAL ATTACHED GARAGE AND ROOFTOP DECK,NEW CONSTRUCTION,Residential,250000.0,2021-11-03,0023G00139000000,"1427 SANDUSKY ST, Pittsburgh, PA 15212-",40.4583072476,-80.0055544283,1.0,Central Northside,25.0,15212.0,Completed,42003565100,42003565100,42003565100,38300,"Pittsburgh, PA",3.98,4,42003565100
27750926,BP-2020-13526,BUILDING,AMBE RE LLC,Atypical Builders LLC,"CONSTRUCTION OF 3 STORY ATTACHED SINGLE FAMILY DWELLING WITH ROOF TOP DECK, MACHINE ROOM, UNOCCUPIED BASEMENT AND INTEGRAL GARAGE",NEW CONSTRUCTION,Residential,200000.0,2024-06-13,0025H00107000000,"314 HARMAR ST, Pittsburgh, PA 15219-",40.4579374299,-79.9682626986,7.0,Polish Hill,6.0,15219.0,Issued,42003060500,42003060500,42003060500,38300,"Pittsburgh, PA",3.56,4,42003060500
27750953,BP-2020-13655,BUILDING,UPMC,Turner Construction Company,REPAIR OF FAILED RETAINING WALL AT RAMP ACCESS TO 6 STORY PARKING STRUCTURE,NEW CONSTRUCTION,Commercial,300000.0,2021-05-04,0051J00238000000,"5111 BAUM BLVD, Pittsburgh, PA 15224-",40.456658606,-79.9450471647,7.0,Bloomfield,8.0,15224.0,Completed,42003080400,42003080400,42003080400,38300,"Pittsburgh, PA",2.98,3,42003080400
27751005,BP-2020-13972,BUILDING,LIGHT OF THE AGE MOSQUE,Medco Commercial Mgmt Group Inc,"BUILD ONE STORY STRCUTURE FOR RELIGIOUS ASSEMBLY (MOSQUE) WITH ONE SLEEPING ROOM, DINING AREA AND KITCHEN IN BASEMENT",NEW CONSTRUCTION,Commercial,1000000.0,2022-08-26,0022F00218000000,"1807 FULTON ST, Pittsburgh, PA 15233-",40.4581942993,-80.0262781848,6.0,Manchester,21.0,15233.0,Issued,42003565200,42003565200,42003565200,38300,"Pittsburgh, PA",4.0,4,42003565200
27751010,BP-2020-13991,BUILDING,COMMUNITY COLLEGE OF ALLEGHENY COUNTYBOARD OF TRUSTEES,"MBM Contracting, Inc",DEMOLISH EXISTING PEDESTRIAN BRIDGE AND REBUILD IN THE SAME LOCATION ON EXISTING FOUNDATIONS.,NEW CONSTRUCTION,Commercial,484400.0,2021-02-11,0008A00159000000,"808 RIDGE AVE, Pittsburgh, PA 15212-",40.4506632114,-80.0139533372,1.0,Allegheny West,22.0,15212.0,Completed,42003562700,42003562700,42003562700,38300,"Pittsburgh, PA",4.0,4,42003562700
27751043,BP-2020-14255,BUILDING,,RJ Steele Construction,CONSTRUCT A 3-STORY SINGLE-FAMILY DWELLING WITH 2ND FLOOR DECK & INTEGRAL GARAGE,NEW CONSTRUCTION,Residential,120000.0,2021-01-20,0004J00038000000,"496 GRACE ST, Pittsburgh, PA 15211-",40.4283459054,-80.0148695725,2.0,Mount Washington,19.0,15211.0,Completed,42003191400,42003191400,42003191400,38300,"Pittsburgh, PA",3.12,3,42003191400
27751085,BP-2020-14497,BUILDING,,Crews Contracting LLC,NEW 3 STORY SINGLE FAMILY DWELLING WITH INTEGRAL GARAGE & ROOFTOP DECK.,NEW CONSTRUCTION,Residential,200000.0,2020-12-15,0080D00045000000,"5226 DRESDEN Way, Pittsburgh, PA 15201-",40.4807501532,-79.9534047098,7.0,Upper Lawrenceville,10.0,15201.0,Completed,42003101100,42003101100,42003101100,38300,"Pittsburgh, PA",3.32,4,42003101100
27751115,BP-2020-14686,BUILDING,231 - 237 SPAHR STREET LLC,"Paramount Contract Services, LLC","PHASED CONSTRUCTION - FOUNDATION, SUPERSTRUCTURE AND CMU MASONRY BEARING WALLS & SHAFTS FOR NEW TWO STORY BUILDING",NEW CONSTRUCTION,Commercial,1900000.0,2020-09-29,0084F00324000000,"235 SPAHR ST, Pittsburgh, PA 15232-",40.45782655,-79.9271135515,8.0,Shadyside,7.0,15232.0,Issued,42003070500,42003070500,42003070500,38300,"Pittsburgh, PA",2.74,3,42003070500
27751183,BP-2020-15004,BUILDING,LORENZ MATTHEW V & JULIA (W),Shape Development Group LLC,"CONSTRUCTION OF NEW 3 STORY SINGLE FAMILY DWELLING WITH INTEGRAL GARAGE, TWO BALCONIES, ROOF DECK, AND 8 FT RETAINING WALL",NEW CONSTRUCTION,Residential,200000.0,2021-06-17,0080H00125000000,"5148 KEYSTONE ST, Pittsburgh, PA 15201-",40.4784265508,-79.9529893842,7.0,Upper Lawrenceville,10.0,15201.0,Completed,42003101100,42003101100,42003101100,38300,"Pittsburgh, PA",3.32,4,42003101100
27751193,BP-2020-15047,BUILDING,SOLARA VENTURES VII LLC,Franjo Construction ,PHASED CONSTRUCTION - CONSTRUCT FOUNDATION FOR 6 STORY STRUCTURE,NEW CONSTRUCTION,Commercial,350000.0,2020-09-23,0025K00162000000,"2635 PENN AVE #508, Pittsburgh, PA 15222-",40.455798496,-79.9776779877,1.0,Strip District,2.0,15222.0,Completed,42003020300,42003020300,42003020300,38300,"Pittsburgh, PA",4.0,4,42003020300
27751213,BP-2020-15235,BUILDING,,Crews Contracting LLC,USE OF 3 STORY STRUCTURE AS SINGLE UNIT (ATTACHED) DWELLING WITH INTEGRAL PARKING AND ROOFTOP DECK AT FRONT.,NEW CONSTRUCTION,Residential,200000.0,2020-12-15,0080D00045000100,"5228 DRESDEN Way, Pittsburgh, PA 15201-",40.4807961934,-79.953368126,7.0,Upper Lawrenceville,10.0,15201.0,Completed,42003101100,42003101100,42003101100,38300,"Pittsburgh, PA",3.32,4,42003101100
27751339,BP-2020-15996,BUILDING,SPORTS & EXHIBITION AUTH OF PITTSBURGH &ALLEGHENY COUNTY,Brubach Plumbing,CONSTRUCTION OF A SINGLE STORY STRUCTURE FOR COMMERCIAL KITCHEN,NEW CONSTRUCTION,Commercial,60000.0,2021-06-25,0008K00012000000,"419 NORTH SHORE DR, Pittsburgh, PA 15212-",40.4455234046,-80.0120249724,6.0,North Shore,22.0,15212.0,Completed,42003981200,42003981200,42003981200,38300,"Pittsburgh, PA",4.0,4,42003981200
27751388,BP-2020-16164,BUILDING,CITY OF PITTSBURGH,P.J. Dick Incorporated,Construction of new 4 story (with 2 stories below grade),NEW CONSTRUCTION,Commercial,25250000.0,2021-03-03,0053B00100000000,"4927 MARGARET MORRISON ST, Pittsburgh, PA 15213-",40.4417684612,-79.94390358,8.0,Squirrel Hill North,14.0,15213.0,Completed,42003140100,42003140100,42003140100,38300,"Pittsburgh, PA",1.09,1,42003140100
27751436,BP-2020-16398,BUILDING,M&M RE HOLDINGS LLC,RJ Steele Construction,CONSTRUCT A 3-STORY SINGLE-FAMILY DWELLING WITH 2ND FLOOR DECK & INTEGRAL GARAGE,NEW CONSTRUCTION,Residential,120000.0,2021-03-26,0004E00060000000,"492 GRACE ST, Pittsburgh, PA 15211-",40.428416795,-80.0148246955,2.0,Mount Washington,19.0,15211.0,Completed,42003191400,42003191400,42003191400,38300,"Pittsburgh, PA",3.12,3,42003191400
27751460,BP-2020-16590,BUILDING,SEJOUR HENSLEY,RJ Steele Construction,CONSTRUCT A 3-STORY SINGLE-FAMILY DWELLING WITH 2ND FLOOR DECK & INTEGRAL GARAGE,NEW CONSTRUCTION,Residential,120000.0,2021-04-23,0004E00061000000,"488 GRACE ST, Pittsburgh, PA 15211-",40.42848785,-80.0147808111,2.0,Mount Washington,19.0,15211.0,Completed,42003191400,42003191400,42003191400,38300,"Pittsburgh, PA",3.12,3,42003191400
27751461,BP-2020-16592,BUILDING,RJ STEELE GROUP LLC,RJ Steele Construction,CONSTRUCT HOUSE WITH REAR DECK & INTEGRAL PARKING,NEW CONSTRUCTION,Residential,120000.0,2021-04-15,0004E00062000000,"484 GRACE ST, Pittsburgh, PA 15211-",40.4285585216,-80.0147368862,2.0,Mount Washington,19.0,15211.0,Issued,42003191400,42003191400,42003191400,38300,"Pittsburgh, PA",3.12,3,42003191400
27751512,BP-2020-17065,BUILDING,MILLER BRIAN N,"Chiseled Homes, LLC",CONSTRUCTION OF PRE-ENGINEERED MANUFACTURED DWELLING UNIT ON SITE BUILT FOUNDATION SYSTEM.,NEW CONSTRUCTION,Residential,180000.0,2021-01-06,0050M00275000000,"220 N GRAHAM ST, Pittsburgh, PA 15206-",40.4660060655,-79.9341649212,9.0,Garfield,11.0,15206.0,Issued,42003111400,42003111400,42003111400,38300,"Pittsburgh, PA",2.66,3,42003111400
27751538,BP-2020-17218,BUILDING,CITY OF PITTSBURGH,"Kokosing Industrial, Inc",CONSTRUCTION OF NEW BUILDING AND RETAINING WALL FOR WATER TREATMENT,NEW CONSTRUCTION,Commercial,300000.0,2022-01-31,0026P00250000000,"3446 MILWAUKEE ST, Pittsburgh, PA 15219-",40.4547512417,-79.9588034513,6.0,Upper Hill,5.0,15219.0,Issued,42003050600,42003050600,42003050600,38300,"Pittsburgh, PA",3.01,3,42003050600
27751616,BP-2020-17592,BUILDING,,"AZA Builders, LLC",New Construction of a two-story modular structure on superior wall foundations.,NEW CONSTRUCTION,Residential,300000.0,2021-06-02,0083K00161000000,"420 N SAINT CLAIR ST, Pittsburgh, PA 15206-",40.4664423176,-79.9263195595,9.0,East Liberty,11.0,15206.0,Application Finalization,42003111500,42003111500,42003111500,38300,"Pittsburgh, PA",3.87,4,42003111500
27751667,BP-2020-17940,BUILDING,,"Steel Town Renovations, LLC","NEW CONSTRUCTION OF A THREE-STORY, SINGLE FAMILY, DETACHED, FRAMED CONSTRUCTION WITH AN EXISTING
REAR GARAGE THAT WILL BE REPAIRED/MODIFIED TO 1 CAR GARAGE WITH CARPORT.",NEW CONSTRUCTION,Residential,200000.0,2021-10-21,0080N00052000000,"125 43RD ST, Pittsburgh, PA 15201-",40.4723917944,-79.9622990197,7.0,Central Lawrenceville,9.0,15201.0,Completed,42003090100,42003090100,42003090100,38300,"Pittsburgh, PA",4.0,4,42003090100
27751668,BP-2020-17969,BUILDING,,J-D Services LLC,"CONSTRUCT 3-STORY MODULAR HOUSE WITH BASEMENT, INTEGRAL PARKING & ROOFTOP DECK",NEW CONSTRUCTION,Residential,215000.0,2021-10-14,0049C00204000000,"4604 DAVISON ST, Pittsburgh, PA 15201-",40.4712500237,-79.9561496111,7.0,Central Lawrenceville,9.0,15201.0,Completed,42003090200,42003090200,42003090200,38300,"Pittsburgh, PA",3.02,3,42003090200
27751669,BP-2020-17970,BUILDING,PENN 45 LP,J-D Services LLC,"CONSTRUCT 3-STORY MODULAR HOUSE WITH BASEMENT, INTEGRAL PARKING & ROOFTOP DECK",NEW CONSTRUCTION,Residential,215000.0,2021-10-14,0049C00202000000,"4606 DAVISON ST, Pittsburgh, PA 15201-",40.4712980904,-79.9560906736,7.0,Central Lawrenceville,9.0,15201.0,Completed,42003090200,42003090200,42003090200,38300,"Pittsburgh, PA",3.02,3,42003090200
27751677,BP-2020-17992,BUILDING,SMALLMAN HOLDINGS LLC,P.J. Dick Incorporated,PHASED CONSTRUCTION - INTERIOR AND EXTERIOR ALTERATIONS FOR TENANT FIT-OUT ON PARTIAL 1ST FLOOR OF A 5-STORY STRUCTURE INCLUDING NEW GARAGE DOORS,NEW CONSTRUCTION,Commercial,100000.0,2021-02-25,0009G00080000000,"1644 SMALLMAN ST, Pittsburgh, PA 15222-",40.4496848497,-79.9872587236,1.0,Strip District,2.0,15222.0,Completed,42003020300,42003020300,42003020300,38300,"Pittsburgh, PA",4.0,4,42003020300
27751734,BP-2020-18351,BUILDING,,Hofmann Construction,"CONSTRUCTION OF TWO STORY STRUCTURE AS SINGLE FAMILY RESIDENTIAL
(DETACHED) WITH ONE (1) CAR INTEGRAL GARAGE, 8' X 24'7.75""
DECK AT REAR, AND 6' X 16' FRONT PORCH
AMENDMENT 1 : CHANGE IN BUILDING SIZE AND LAYOUT
AMENDMENT 2 : Detail of new piers for Beams for garage floor
AMENDMENT 3:  Fire Rating detail of wall revised based on inspector findings",NEW CONSTRUCTION,Residential,300.0,2020-12-03,0026B00320000000,"3721 MELWOOD AVE, Pittsburgh, PA 15213-",40.4602185683,-79.9583000535,7.0,Polish Hill,6.0,15213.0,Completed,42003060500,42003060500,42003060500,38300,"Pittsburgh, PA",3.56,4,42003060500
27751742,BP-2020-18414,BUILDING,RUDOLPH WILLIAM C & LINDA F (W),"McKnight Construction Services, LLC",Construct a new one story with a basement single family dwelling that includes an attached two car garage and a rear porch,NEW CONSTRUCTION,Residential,750000.0,2021-10-11,0086B00038000000,"1452 WIGHTMAN ST, Pittsburgh, PA 15217-",40.4414133789,-79.9282551867,8.0,Squirrel Hill North,14.0,15217.0,Completed,42003140100,42003140100,42003140100,38300,"Pittsburgh, PA",1.09,1,42003140100
27751788,BP-2020-18718,BUILDING,3250 LIBERTY OWNER LLC,Residential Development & Construction Inc,CONSTRUCT FOUNDATION FOR A NEW 5 STORY STRUCTURE,NEW CONSTRUCTION,Commercial,1378486.0,2021-03-05,0025D00264000000,"3234 LIBERTY AVE #562, Pittsburgh, PA 15201-",40.4603506967,-79.9684280981,7.0,Polish Hill,6.0,15201.0,Completed,42003060500,42003060500,42003060500,38300,"Pittsburgh, PA",3.56,4,42003060500
27751810,BP-2020-18849,BUILDING,SM RET EI LLC,Innovative Construction Specialists LLC,INTERIOR RENOVATIONS TO 2332 SF OF BUILDING CORE AND SHELL TO CREATE TENANT SPACE FOR WELLNESS AND THERAPY OFFICE,NEW CONSTRUCTION,Commercial,200000.0,2021-04-19,0051L00262000000,"5259 LIBERTY AVE, Pittsburgh, PA 15224-",40.4573786627,-79.9401755564,7.0,Bloomfield,8.0,15224.0,Expired,42003080600,42003080600,42003080600,38300,"Pittsburgh, PA",3.0,3,42003080600
27751825,BP-2020-18940,BUILDING,,"Builld, Inc.","CONSTRUCTION OF MODULAR 3-STORY SINGLE FAMILY DWELLING WITH INTEGRAL GARAGE, PRE-CAST FOUNDATION",NEW CONSTRUCTION,Residential,150000.0,2021-03-15,0006K00365000000,"439 SHALER ST, Pittsburgh, PA 15211-",40.4362402975,-80.0260891186,2.0,Duquesne Heights,19.0,15211.0,Completed,42003191100,42003191100,42003191100,38300,"Pittsburgh, PA",3.42,4,42003191100
27751826,BP-2020-18941,BUILDING,LNL INC,"Builld, Inc.",TWO-STORY STRUCTURE AS SINGLE-UNIT (DETACHED) DWELLING WITH INTEGRAL PARKING ON FIRST FLOOR & ROOFTOP DECK.,NEW CONSTRUCTION,Residential,150000.0,2021-03-15,0006K00364000000,"449 SHALER ST, Pittsburgh, PA 15211-",40.4361474311,-80.0261649067,2.0,Duquesne Heights,19.0,15211.0,Amendment Applicant Revisions,42003191100,42003191100,42003191100,38300,"Pittsburgh, PA",3.42,4,42003191100
27751852,BP-2020-19135,BUILDING,PONS CHRISTIAN T,"Total Development Concepts, Inc",CONSTRUCTION OF NEW STEEL FRAME STRUCTURE AND PARKING LOT,NEW CONSTRUCTION,Commercial,125000.0,2022-06-06,0029S00004000000,"161 GREENFIELD AVE, Pittsburgh, 15207-",40.425851692,-79.9507493142,5.0,Greenfield,15.0,15207.0,Issued,42003151600,42003151600,42003151600,38300,"Pittsburgh, PA",3.68,4,42003151600
27751908,BP-2020-19521,BUILDING,OKOKO JERRY & BARBARA KAUFFMANN (W),FUNCTIONAL ART DEVELOPMENT LLC,CONSTRUCTION OF A 3-STORY 3-UNIT DWELLING WITH REAR EXTERIOR PARKING,NEW CONSTRUCTION,Commercial,400000.0,2021-05-18,0051C00145000000,No primary address specified,40.4605737664,-79.9388091087,7.0,Bloomfield,8.0,15224.0,Applicant Revisions,42003080600,42003080600,42003080600,38300,"Pittsburgh, PA",3.0,3,42003080600
27751939,BP-2020-19674,BUILDING,3250 LIBERTY OWNER LLC,Residential Development & Construction Inc,"PHASED CONSTRUCTION OF 6-STORY BUILDING APARTMENT BUILDING WITH INTEGRAL PARKING - SUPERSTRUCTURE, CORE, SHELL, & FIT-OUT",NEW CONSTRUCTION,Commercial,17955514.0,2021-05-24,0025D00264000000,"3234 LIBERTY AVE #562, Pittsburgh, PA 15201-",40.4603506967,-79.9684280981,7.0,Polish Hill,6.0,15201.0,Completed,42003060500,42003060500,42003060500,38300,"Pittsburgh, PA",3.56,4,42003060500
27751944,BP-2020-19701,BUILDING,BANERDT FAMILY TRUST,Westwind Construction Inc.,"CONSTRUCTION OF NEW 3 STORY SINGLE FAMILY DWELLING WITH REAR DECK AND ATTACHED GARAGE 
AMENDMENT TO UPDATE FOUNDATION AND DISTANCES FROM ADJACENT PROPERTY LINES",NEW CONSTRUCTION,Residential,240000.0,2021-10-22,0023B00124000000,"1854 CLAYTON AVE, Pittsburgh, PA 15214-",40.4605596246,-80.0111776957,6.0,Perry South,25.0,15214.0,Issued,42003261400,42003261400,42003261400,38300,"Pittsburgh, PA",2.5,3,42003261400
27752039,BP-2020-20502,BUILDING,HULLETT DEVELOPMENT PA,"MM Marra Construction, Inc",INITIAL TENANT BUILD-OUT OF 1ST FLOOR SPACE IN MIXED USE BUILDING AS OFFICE AND REST ROOM OFF COMMON AREA CORRIDOR.,NEW CONSTRUCTION,Commercial,15000.0,2021-09-16,0025N00101000000,"2552 SMALLMAN ST, Pittsburgh, PA 15222-",40.4549553695,-79.9796122559,1.0,Strip District,2.0,15222.0,Completed,42003020300,42003020300,42003020300,38300,"Pittsburgh, PA",4.0,4,42003020300
27752092,BP-2020-20746,BUILDING,GUPA PROPERTIES LLC,True North Contracting LLC,CONSTRUCTION OF NEW 3-STORY MIXED-USE BUILDING WITH COMMERCIAL TENANT (CORE & SHELL) SPACE AT THE FIRST FLOOR AND BASEMENT LEVEL WITH TWO RESIDENTIAL APARTMENT UNITS OCCUPYING THE SECOND AND THIRD FLOORS WITH PARTIAL PRIVATE ROOF DECKS,NEW CONSTRUCTION,Commercial,308700.0,2021-09-24,0080L00003000000,"4837 BUTLER ST #202, Pittsburgh, PA 15201-",40.47697243,-79.9572139554,7.0,Central Lawrenceville,9.0,15201.0,Completed,42003090100,42003090100,42003090100,38300,"Pittsburgh, PA",4.0,4,42003090100
27752095,BP-2020-20777,BUILDING,,Long Bow Development LLC,"CONSTRUCTION OF A 3-STORY MODULAR TOWNHOUSE INCLUDING SITE BUILT 2-CAR GARAGE ON THE BASEMENT LEVEL AND SITE BUILT DECKS ON FIRST FLOOR AND ROOF
Amendment: Add Electrical, Mechanical and Plumbing Permits",NEW CONSTRUCTION,Residential,200000.0,2021-06-25,0023F00107000000,"240 E JEFFERSON ST, Pittsburgh, PA 15212-",40.4592674808,-80.0114454298,1.0,Central Northside,25.0,15212.0,Completed,42003565100,42003565100,42003565100,38300,"Pittsburgh, PA",3.98,4,42003565100
27752096,BP-2020-20778,BUILDING,,Long Bow Development LLC,CONSTRUCTION OF NEW MODULAR HOUSE,NEW CONSTRUCTION,Residential,200000.0,2021-06-25,0023F00106000000,"238 E JEFFERSON ST, Pittsburgh, PA 15212-",40.4592855101,-80.0113452731,1.0,Central Northside,25.0,15212.0,Completed,42003565100,42003565100,42003565100,38300,"Pittsburgh, PA",3.98,4,42003565100
27752097,BP-2020-20779,BUILDING,ULTRAVIOLET SOLUTIONS LLC,"City of Pittsburgh Permits, Licenses and Inspections",CONSTRUCT MODULAR TOWNHOUSE,NEW CONSTRUCTION,Residential,200000.0,2021-06-25,0023F00108000000,"242 E JEFFERSON ST, Pittsburgh, PA 15212-",40.4592507718,-80.0115270624,1.0,Central Northside,25.0,15212.0,Completed,42003565100,42003565100,42003565100,38300,"Pittsburgh, PA",3.98,4,42003565100
27752195,BP-2021-00445,BUILDING,CITY OF PITTSBURGH,"TP Electric, Inc.",CONSTRUCTION OF 30' HIGH MONOPOLE AT GRADE. ASSOCIATED ELECTRICAL WORK UNDER EP-2019-03367. APPROVED BY ZBA 203 OF 2010.,NEW CONSTRUCTION,Commercial,25000.0,2021-01-28,0053B00100000000,"4927 MARGARET MORRISON ST, Pittsburgh, PA 15213-",40.4417684612,-79.94390358,8.0,Squirrel Hill North,14.0,15213.0,Expired,42003140100,42003140100,42003140100,38300,"Pittsburgh, PA",1.09,1,42003140100
27752208,BP-2021-00532,BUILDING,BOSS LINDA,"Caliber Contracting Services, Inc.",INSTALLATION OF STORAGE CONTAINER FOR USE AS ACCESSORY STORAGE,NEW CONSTRUCTION,Commercial,4000.0,2022-11-07,0097D00079000000,"940 BROOKLINE BLVD, Pittsburgh, PA 15226-",40.3920328598,-80.0181507671,4.0,Brookline,19.0,15226.0,Completed,42003191800,42003191800,42003191800,38300,"Pittsburgh, PA",2.07,2,42003191800
27752219,BP-2021-00653,BUILDING,GRACE STREET DEVELOPMENT LLC,RJ Steele Construction,NEW 2 STORY SINGLE FAMILY DWELLING WITH A DECK AT REAR AND INTEGRAL GARAGE,NEW CONSTRUCTION,Residential,150000.0,2021-08-04,0004E00063000000,"480 GRACE ST, Pittsburgh, PA 15211-",40.4286292679,-80.0146926323,2.0,Mount Washington,19.0,15211.0,Issued,42003191400,42003191400,42003191400,38300,"Pittsburgh, PA",3.12,3,42003191400
27752241,BP-2021-00770,BUILDING,3250 LIBERTY OWNER LLC,Residential Development & Construction Inc,CONSTRUCTION OF NEW 6 STORY APARTMENT BUILDING WITH INTEGRAL GARAGE AND 1 LEVEL OF UNDERGROUND PARKING,NEW CONSTRUCTION,Commercial,9793642.0,2021-06-17,0025H00062000000,"3220 SASSAFRAS Way #414, Pittsburgh, PA 15201-",40.4600244522,-79.9678780585,7.0,Polish Hill,6.0,15201.0,Completed,42003060500,42003060500,42003060500,38300,"Pittsburgh, PA",3.56,4,42003060500
27752280,BP-2021-00981,BUILDING,CONNECTION TWG LLC,Gilliana Pools Inc,CONSTRUCT POOL ALONG SIDNEY STREET FRONTAGE OF FIRST FLOOR ROOF OF SIX-STORY MULTI-UNIT DWELLING,NEW CONSTRUCTION,Commercial,179187.0,2021-05-13,0029N00316000000,"2984 SIDNEY ST, Pittsburgh, PA 15203-",40.4250979403,-79.9623431987,3.0,South Side Flats,16.0,15203.0,Completed,42003160900,42003160900,42003160900,38300,"Pittsburgh, PA",4.0,4,42003160900
27752309,BP-2021-01137,BUILDING,,"City of Pittsburgh Permits, Licenses and Inspections","Construction of a new 3-story, single-family, residential dwelling with masonry block foundation walls and a proposed rooftop deck structure.",NEW CONSTRUCTION,Residential,150000.0,2021-09-14,0006M00314000000,"117 MERIDAN ST, Pittsburgh, PA 15211-",40.4368961327,-80.0178080469,2.0,Mount Washington,19.0,15211.0,Completed,42003190300,42003190300,42003190300,38300,"Pittsburgh, PA",3.14,3,42003190300
27752336,BP-2021-01259,BUILDING,GRACE STREET DEVELOPMENT LLC,RJ Steele Construction,NEW 2 STORY SINGLE FAMILY DWELLING WITH A DECK AT REAR & AN INTEGRAL GARAGE.,NEW CONSTRUCTION,Residential,150000.0,2021-06-01,0004E00064000000,"476 GRACE ST, Pittsburgh, PA 15211-",40.4287004862,-80.0146491102,2.0,Mount Washington,19.0,15211.0,Issued,42003191400,42003191400,42003191400,38300,"Pittsburgh, PA",3.12,3,42003191400
27752392,BP-2021-01619,BUILDING,ARC CBPBGPA010 LLC,"Flynn Construction Management General Contracting, Inc.","PHASED CONSTRUCTION, SITE WORK, FOUNDATION, SUPER-STRUCTURE AND BUILDING SHELL",NEW CONSTRUCTION,Commercial,1625000.0,2024-05-23,0084C00051000000,"6112 PENN AVE, Pittsburgh, PA 15206",40.4606134279,-79.9234762771,9.0,East Liberty,8.0,15206.0,Completed,42003111500,42003111500,42003111500,38300,"Pittsburgh, PA",3.87,4,42003111500
27752400,BP-2021-01664,BUILDING,ALLEGHENY COUNTY SANITARY AUTHORITY,P.J. Dick Incorporated,"CONSTRUCT NEW 32,635 SF TWO STORY STRUCTURE FOR WATER TREATMENT FACILITY AND ASSOCIATED SITE WORK WITH PAVING; EXTERIOR AND INTERIOR ALTERATIONS TO PORTIONS OF EXISTING WATER TREATMENT FACILITY STRUCTURES",NEW CONSTRUCTION,Commercial,40302845.0,2021-07-28,0075K00060000000,"3300 PREBLE AVE #420, Pittsburgh, PA 15233-",40.4748309616,-80.0430510996,2.0,Marshall-Shadeland,27.0,15233.0,Issued,42003980900,42003980900,42003980900,38300,"Pittsburgh, PA",3.93,4,42003980900
27752432,BP-2021-01854,BUILDING,,IDR LLC,"NEW CONSTRUCTION OF 3 STORY SINGLE FAMILY DWELLING WITH A TWO CAR INTEGRAL GARAGE, FIRST FLOOR DECK, ROOFTOP DECK, AND 6' FENCE ALONG SIDES AND REAR",NEW CONSTRUCTION,Residential,300000.0,2021-03-24,0049P00306000000,"351 MANION Way, Pittsburgh, PA 15201-",40.462909095,-79.9598480034,7.0,Lower Lawrenceville,6.0,15201.0,Completed,42003060300,42003060300,42003060300,38300,"Pittsburgh, PA",3.37,4,42003060300
27752436,BP-2021-01901,BUILDING,ALLEGHENY COUNTY SANITARY AUTHORITY,"Mike Coates Construction Co., Inc.",New 6 level precast concrete open parking garage structure on a deep foundation system.,NEW CONSTRUCTION,Commercial,12750000.0,2021-06-17,0075K00060000000,"3300 PREBLE AVE #420, Pittsburgh, PA 15233-",40.4748309616,-80.0430510996,2.0,Marshall-Shadeland,27.0,15233.0,Completed,42003980900,42003980900,42003980900,38300,"Pittsburgh, PA",3.93,4,42003980900
27752464,BP-2021-02095,BUILDING,,P2 Contracting LLC,"NEW  CONSTRUCTION OF SINGLE UNIT DWELLING WITH INTERNAL GARAGE, FIRST FLOOR BALCONY, SECOND FLOOR BALCONY, THIRD FLOOR BALCONY, FIRST FLOOR DECK, SECOND FLOOR DECK, THIRD FLOOR DECK, AND ROOFTOP DECK. STEPS AND FENCE LOCATED AT THE REAR OF DWELLING

AMENDMENT TO ADD MISSING STRUCTURAL DRAWINGS",NEW CONSTRUCTION,Residential,0.0,2021-06-24,0023E00072000000,"418 W JEFFERSON ST, Pittsburgh, PA 15212-",40.4592665608,-80.0128618474,1.0,Central Northside,25.0,15212.0,Issued,42003565100,42003565100,42003565100,38300,"Pittsburgh, PA",3.98,4,42003565100
27752475,BP-2021-02130,BUILDING,ARSENAL 201-PHASE I LLC,P2 Contracting LLC,"Interior/exterior renovations new 1hr demising walls, toilet room walls and storefront",NEW CONSTRUCTION,Commercial,61500.0,2021-03-17,0049E00128000000,"3913 BUTLER ST, Pittsburgh, PA 15201-",40.4685327573,-79.9639972173,7.0,Lower Lawrenceville,6.0,15201.0,Completed,42003060300,42003060300,42003060300,38300,"Pittsburgh, PA",3.37,4,42003060300
27752543,BP-2021-02686,BUILDING,,RJ Steele Construction,"Construction of a new 3-story, single-family, residential dwelling with masonry block foundation walls and a proposed rooftop deck structure.",NEW CONSTRUCTION,Residential,150000.0,2021-09-14,0006M00316000000,"121 MERIDAN ST, Pittsburgh, PA 15211-",40.4368014683,-80.0178487406,2.0,Mount Washington,19.0,15211.0,Issued,42003190300,42003190300,42003190300,38300,"Pittsburgh, PA",3.14,3,42003190300
27752544,BP-2021-02687,BUILDING,,RJ Steele Construction,"CONSTRUCT NEW 3-STORY HOUSE WITH BASEMENT, 4TH FLR STAIR PENTHOUSE & ROOFTOP DECK",NEW CONSTRUCTION,Residential,150000.0,2021-09-14,0006M00318000000,"125 MERIDAN ST, Pittsburgh, PA 15211-",40.436707179,-80.0178890319,2.0,Mount Washington,19.0,15211.0,Completed,42003190300,42003190300,42003190300,38300,"Pittsburgh, PA",3.14,3,42003190300
27752545,BP-2021-02688,BUILDING,,RJ Steele Construction,"Construction of a new 3-story, single-family, residential dwelling with masonry block foundation walls and a proposed rooftop deck structure.",NEW CONSTRUCTION,Residential,150000.0,2021-09-14,0006M00320000000,"129 MERIDAN ST, Pittsburgh, PA 15211-",40.436610456,-80.0179227059,2.0,Mount Washington,19.0,15211.0,Issued,42003190300,42003190300,42003190300,38300,"Pittsburgh, PA",3.14,3,42003190300
27752552,BP-2021-02742,BUILDING,NORTHSIDE PROPERTIES RESIDENCES IV LLC,Mistick Construction Company,"CONSTRUCTION OF A 4-STORY 30 UNIT APARTMENT BUILDING AND 20 SPACE PARKING LOT INCLUDING 2 ACCESSIBLE SPACES.  STRUCTURE TO INCLUDE 4 ACCESSIBLE UNITS, 26 TYPE B UNITS, AND FIRST FLOOR AMENITY SPACES",NEW CONSTRUCTION,Commercial,3800000.0,2021-07-09,0022G00127000000,"1144 KIRKBRIDE ST #411, Pittsburgh, PA 15212-",40.4594777166,-80.0234379644,6.0,California-Kirkbride,21.0,15212.0,Completed,42003565200,42003565200,42003565200,38300,"Pittsburgh, PA",4.0,4,42003565200
27752568,BP-2021-02846,BUILDING,,"Better Protect, LLC",CONSTRUCT 3-STORY HOUSE WITH BASEMENT & REAR RETAINING WALL,NEW CONSTRUCTION,Residential,200000.0,2021-12-06,0081A00147000000,"513 54TH ST, Pittsburgh, PA 15201-",40.481566796,-79.9491438561,7.0,Upper Lawrenceville,10.0,15201.0,Completed,42003101100,42003101100,42003101100,38300,"Pittsburgh, PA",3.32,4,42003101100
27752600,BP-2021-03058,BUILDING,RIDC LTC 48,"Rycon Construction, Inc",New tenant fit-out of new core and shell space (phased construction). Layout reconfiguration with new partition and dividing walls. An additional egress walkway structure being added in the rear portion of space for rear egress from the partial second floor area.,NEW CONSTRUCTION,Commercial,1247125.0,2021-05-11,0080K00090000000,"113 47TH ST, Pittsburgh, PA 15201-",40.4767268012,-79.9603895986,7.0,Central Lawrenceville,9.0,15201.0,Completed,42003090100,42003090100,42003090100,38300,"Pittsburgh, PA",4.0,4,42003090100
27752608,BP-2021-03154,BUILDING,,"AZA Builders, LLC",MODULAR CONSTRUCTION OF A 2-STORY SINGLE FAMILY DWELLING,NEW CONSTRUCTION,Residential,180000.0,2022-03-08,0083K00221000000,"420 N EUCLID AVE, Pittsburgh, PA 15206-",40.4661876613,-79.9254269921,9.0,East Liberty,11.0,15206.0,Completed,42003111500,42003111500,42003111500,38300,"Pittsburgh, PA",3.87,4,42003111500
27752616,BP-2021-03194,BUILDING,ALMONO LP,"MM Marra Construction, Inc",CONSTRUCT A ONE-STORY PRE-ENGINEERED STRUCTURE AND FOUNDATION AND CONCRETE WALKWAY WITH RELOCATED STEEL GANGWAY TO EXISTING PIER WITH NEW BOAT DOCK WITH SITE GRADING TO SUPPORT RAMP INSTALLATION.,NEW CONSTRUCTION,Commercial,51400.0,2021-07-28,0030M00070000000,"4220 BLAIR ST, Pittsburgh, PA 15207-",40.4157890772,-79.9514871635,5.0,Hazelwood,15.0,15207.0,Completed,42003562901,42003562901,42003562901,38300,"Pittsburgh, PA",3.75,4,42003562901
27752648,BP-2021-03292,BUILDING,ALLEGHENY CENTER CHRISTIAN & MISSIONARYALLIANCE CHURCH,Franjo Construction ,CONSTRUCTION OF FOUNDATION FOR NEW PHASED CONSTRUCTION OF NEW ADDITION TO RELIGIOUS FACILITY,NEW CONSTRUCTION,Commercial,500000.0,2021-09-14,0023S00034000000,"745 UNION PL, Pittsburgh, PA 15212-",40.4537750878,-80.0033887722,1.0,Allegheny Center,22.0,15212.0,Completed,42003562700,42003562700,42003562700,38300,"Pittsburgh, PA",4.0,4,42003562700
27752665,BP-2021-03389,BUILDING,,TI Services Inc,CONSTRUCT NEW 2-STORY HOUSE & DETACHED GARAGE IN REAR YARD,NEW CONSTRUCTION,Residential,249947.0,2021-05-18,0055S00230000000,"540 BLACKSTONE ST, Pittsburgh, PA 15207-",40.4158708714,-79.9349123813,5.0,Hazelwood,15.0,15207.0,Completed,42003562300,42003562300,42003562300,38300,"Pittsburgh, PA",3.44,4,42003562300
27752673,BP-2021-03435,BUILDING,,"Holland Enterprises, LLC",CONSTRUCT NEW TWO-STORY HOUSE WITH BASEMENT AND FIRST FLOOR DECK,NEW CONSTRUCTION,Residential,400000.0,2021-05-06,0023C00172000000,"1612 MEADVILLE ST, Pittsburgh, PA 15214-",40.4607625302,-80.0046889086,1.0,Fineview,25.0,15214.0,Completed,42003250900,42003250900,42003250900,38300,"Pittsburgh, PA",2.85,3,42003250900
27752677,BP-2021-03450,BUILDING,PITTSBURGH-SSW PUBLIC SPACES LLC,Marous Brothers Construction,"SITE WORK AND GRADING, INSTALLATION AND ON-SITE MODIFICATIONS OF 2 PREFABRICATED MODULAR STRUCTURES FOR USE AS FOOD KIOSKS WITH TRELLIS-COVERED OUTDOOR DINING",NEW CONSTRUCTION,Commercial,2000000.0,2022-01-21,0029J00070000000,"440 CINEMA DR, Pittsburgh, PA 15203-",40.4279562921,-79.9655922462,3.0,South Side Flats,16.0,15203.0,Completed,42003160900,42003160900,42003160900,38300,"Pittsburgh, PA",4.0,4,42003160900
27752746,BP-2021-03981,BUILDING,,"Better Protect, LLC",CONSTRUCT 3-STORY HOUSE WITH BASEMENT & REAR RETAINING WALL,NEW CONSTRUCTION,Residential,200000.0,2021-12-06,0081A00145000000,"519 54TH ST, Pittsburgh, 15201-",40.4815042604,-79.9490430905,7.0,Upper Lawrenceville,10.0,15201.0,Completed,42003101100,42003101100,42003101100,38300,"Pittsburgh, PA",3.32,4,42003101100
27752785,BP-2021-04310,BUILDING,HARVARD BEATTY HOUSING LLC,Mistick Construction Company,"Construct new four stories residential apartment houses building containing 42 residential units
Amendment: to include the parking lot in the certificate of occupancy",NEW CONSTRUCTION,Commercial,4550689.0,2021-06-29,0083P00225000000,"205 N BEATTY ST #417, Pittsburgh, PA 15206-",40.4635242262,-79.9263157894,9.0,East Liberty,11.0,15206.0,Completed,42003111500,42003111500,42003111500,38300,"Pittsburgh, PA",3.87,4,42003111500
27752802,BP-2021-04387,BUILDING,BLYSTONE ALEXANDRA,2B Home Remodeling and Painting,"CONSTRUCT ACCESSORY OPEN 22' X 24' ROAD SALT STORAGE SHED, DETACHED, 1 STORY, WITH MASONRY UP TO 6'-0"" AND WOOD FRAMING ABOVE AND ASSOCIATED 6'-0"" EXTERIOR WALL",NEW CONSTRUCTION,Commercial,2500.0,2021-10-29,0040M00102000000,"31 CLEARVIEW AVE, Pittsburgh, PA 15205-",40.4372199399,-80.0522835226,2.0,Westwood,28.0,15205.0,Completed,42003563100,42003563100,42003563100,38300,"Pittsburgh, PA",3.03,3,42003563100
27752806,BP-2021-04424,BUILDING,SCHUETZ SCOTT WILEY,JSK Construction,CONSTRUCTION OF A 4-STORY SINGLE FAMILY DWELLING WITH ROOFTOP DECKS AT FRONT AND REAR,NEW CONSTRUCTION,Commercial,125000.0,2021-08-04,0080K00176000000,"4728 HATFIELD ST, Pittsburgh, PA 15201-",40.47607814,-79.959154267,7.0,Central Lawrenceville,9.0,15201.0,Issued,42003090100,42003090100,42003090100,38300,"Pittsburgh, PA",4.0,4,42003090100
27752835,BP-2021-04647,BUILDING,,"Milestone Residential, LLC",CONSTRUCT 3-STORY SINGLE-FAMILY DWELLING AND DETACHED GARAGE,NEW CONSTRUCTION,Residential,5000.0,2021-04-15,0048M00025000000,"3600 SMALLMAN ST, Pittsburgh, PA 15201-",40.4660724388,-79.9667001092,7.0,Lower Lawrenceville,6.0,15201.0,Issued,42003060300,42003060300,42003060300,38300,"Pittsburgh, PA",3.37,4,42003060300
27752849,BP-2021-04722,BUILDING,KONZIER JOSEPH,JSK Construction,CONSTRUCTION OF A 4-STORY SINGLE FAMILY DWELLING WITH ROOFTOP DECKS AT FRONT AND REAR,NEW CONSTRUCTION,Commercial,125000.0,2021-08-04,0080K00174000000,"4726 HATFIELD ST, Pittsburgh, PA 15201-",40.4760396322,-79.959204753,7.0,Central Lawrenceville,9.0,15201.0,Issued,42003090100,42003090100,42003090100,38300,"Pittsburgh, PA",4.0,4,42003090100
27752860,BP-2021-04796,BUILDING,3213 PENN LLC,"Rycon Construction, Inc",CONSTRUCT NEW SIX STORY APARTMENT BUILDING WITH PARKING AND AMENITY SPACES AT FIRST AND SIXTH STORY WITH 115 DWELLING UNITS ON STORIES TWO THROUGH SIX,NEW CONSTRUCTION,Commercial,13152849.0,2021-09-03,0025D00061000000,"3205 PENN AVE #634, Pittsburgh, PA 15201-",40.4611691528,-79.9698760428,1.0,Strip District,6.0,15201.0,Completed,42003020300,42003020300,42003020300,38300,"Pittsburgh, PA",4.0,4,42003020300
27752939,BP-2021-05282,BUILDING,SOLARA VENTURES VII LLC,Franjo Construction Corporation,"FIT-OUT OF FLRS 2-6 AS APARTMENTS, EXCLUDES UNIT 508",NEW CONSTRUCTION,Commercial,1000000.0,2022-01-06,0025K00162000000,"2635 PENN AVE #508, Pittsburgh, PA 15222-",40.455798496,-79.9776779877,1.0,Strip District,2.0,15222.0,Completed,42003020300,42003020300,42003020300,38300,"Pittsburgh, PA",4.0,4,42003020300
27752976,BP-2021-05516,BUILDING,GRACE STREET DEVELOPMENT LLC,RJ Steele Construction,NEW 2 STORY SINGLE FAMILY DWELLING WITH DECK OF 1ST FLOOR & INTEGRAL GARAGE,NEW CONSTRUCTION,Residential,120000.0,2021-05-27,0004E00065000000,"472 GRACE ST, Pittsburgh, PA 15211-",40.4287711473,-80.0146042466,2.0,Mount Washington,19.0,15211.0,Issued,42003191400,42003191400,42003191400,38300,"Pittsburgh, PA",3.12,3,42003191400
27752977,BP-2021-05518,BUILDING,GRACE STREET DEVELOPMENT LLC,RJ Steele Construction,NEW 2 STORY SINGLE FAMILY DWELLING WITH DECK OF 1ST FLOOR & INTEGRAL GARAGE,NEW CONSTRUCTION,Residential,120000.0,2022-01-10,0004E00067000000,"468 GRACE ST, Pittsburgh, PA 15211-",40.4288392008,-80.0145516009,2.0,Mount Washington,19.0,15211.0,Issued,42003191400,42003191400,42003191400,38300,"Pittsburgh, PA",3.12,3,42003191400
27753107,BP-2021-06257,BUILDING,SM RET EI LLC,Sachse Construction and Development Company LLC ,"NEW TENANT FIT-OUT IN 3,600 SQ FT OF EXISTING CORE AND SHELL SPACE (203) AS RETAIL SALES AND SERVICES FOR PHARMACY IN ONE-STORY STRUCTURE.",NEW CONSTRUCTION,Commercial,190000.0,2021-07-08,0051L00262000000,"5259 LIBERTY AVE, Pittsburgh, PA 15224-",40.4573786627,-79.9401755564,7.0,Bloomfield,8.0,15224.0,Completed,42003080600,42003080600,42003080600,38300,"Pittsburgh, PA",3.0,3,42003080600
27753121,BP-2021-06358,BUILDING,GARDEN THEATER BLOCK LLC,Mistick Construction Company,CONSTRUCTION OF NEW 5 STORY MIXED-USE STRUCTURE,NEW CONSTRUCTION,Commercial,6257703.0,2021-07-21,0023L00083000000,"6 W NORTH AVE #212, Pittsburgh, PA 15212-",40.4556645012,-80.0071609396,1.0,Central Northside,22.0,15212.0,Completed,42003565100,42003565100,42003565100,38300,"Pittsburgh, PA",3.98,4,42003565100
27753128,BP-2021-06395,BUILDING,A&B FINE PROPERTIES LIMITED LIABILITYCOMPNAY,Shannon Staley and Sons ,CONSTRUCT NEW THREE STORY SINGLE FAMILY DWELLING WITH ROOFTOP DECK AND INTEGRAL GARAGE,NEW CONSTRUCTION,Residential,210000.0,2021-10-14,0081A00034000A00,"5312 LOTUS Way, Pittsburgh, PA 15201-",40.4804674016,-79.9493358025,7.0,Upper Lawrenceville,10.0,15201.0,Revoked,42003101100,42003101100,42003101100,38300,"Pittsburgh, PA",3.32,4,42003101100
27753342,BP-2021-07400,BUILDING,HOUSING AUTHORITY CITY OF PITTSBURGH,Mistick Construction Company,CONSTRUCT NEW 2-STORY HOUSE,NEW CONSTRUCTION,Residential,89218.0,2021-07-19,0124J00266000000,"116 WINSLOW ST, Pittsburgh, PA 15206-",40.4652844329,-79.9133217409,9.0,Larimer,12.0,15206.0,Completed,42003120900,42003120900,42003120900,38300,"Pittsburgh, PA",3.84,4,42003120900
27753344,BP-2021-07407,BUILDING,HOUSING AUTHORITY CITY OF PITTSBURGH,Mistick Construction Company,CONSTRUCT NEW 2-1/2 STORY HOUSE,NEW CONSTRUCTION,Residential,89218.0,2021-07-19,0124J00266000000,"116 WINSLOW ST, Pittsburgh, PA 15206-",40.4652844329,-79.9133217409,9.0,Larimer,12.0,15206.0,Completed,42003120900,42003120900,42003120900,38300,"Pittsburgh, PA",3.84,4,42003120900
27753345,BP-2021-07417,BUILDING,HOUSING AUTHORITY CITY OF PITTSBURGH,Mistick Construction Company,CONSTRUCT NEW 2-1/2 STORY HOUSE,NEW CONSTRUCTION,Residential,89218.0,2021-07-19,0124J00266000000,"116 WINSLOW ST, Pittsburgh, PA 15206-",40.4652844329,-79.9133217409,9.0,Larimer,12.0,15206.0,Completed,42003120900,42003120900,42003120900,38300,"Pittsburgh, PA",3.84,4,42003120900
27753346,BP-2021-07422,BUILDING,HOUSING AUTHORITY CITY OF PITTSBURGH,Mistick Construction Company,CONSTRUCT NEW 2-1/2 STORY HOUSE,NEW CONSTRUCTION,Residential,89218.0,2021-07-19,0124J00266000000,"116 WINSLOW ST, Pittsburgh, PA 15206-",40.4652844329,-79.9133217409,9.0,Larimer,12.0,15206.0,Completed,42003120900,42003120900,42003120900,38300,"Pittsburgh, PA",3.84,4,42003120900
27753347,BP-2021-07425,BUILDING,HOUSING AUTHORITY CITY OF PITTSBURGH,Mistick Construction Company,CONSTRUCT NEW 2-STORY HOUSE,NEW CONSTRUCTION,Residential,89218.0,2021-07-19,0124J00266000000,"116 WINSLOW ST, Pittsburgh, PA 15206-",40.4652844329,-79.9133217409,9.0,Larimer,12.0,15206.0,Completed,42003120900,42003120900,42003120900,38300,"Pittsburgh, PA",3.84,4,42003120900
27753349,BP-2021-07429,BUILDING,HOUSING AUTHORITY CITY OF PITTSBURGH,Mistick Construction Company,CONSTRUCT 3-STORY APARTMENT BUILDING,NEW CONSTRUCTION,Commercial,5204019.0,2021-07-21,0124J00266000000,"116 WINSLOW ST, Pittsburgh, PA 15206-",40.4652844329,-79.9133217409,9.0,Larimer,12.0,15206.0,Completed,42003120900,42003120900,42003120900,38300,"Pittsburgh, PA",3.84,4,42003120900
27753368,BP-2021-07495,BUILDING,OFFICE PARTNERS XXIII BLOCK G1 LLC,P.J. Dick Incorporated,CONSTRUCT NEW 26 STORY BUILDING TO INCLUDE CORE AND SHELL SPACES FOR FUTURE RETAIL AND OFFICE WITH INTEGRAL PARKING GARAGE,NEW CONSTRUCTION,Commercial,70072262.0,2022-02-24,0002C00450000000,"626 WASHINGTON PL #2501, Pittsburgh, PA 15219-",40.441712114,-79.9912748545,6.0,Crawford-Roberts,3.0,15219.0,Completed,42003030500,42003030500,42003030500,38300,"Pittsburgh, PA",4.0,4,42003030500
27753380,BP-2021-07530,BUILDING,,"EKO2 Development, LLC","CONSTRUCTION OF NEW SINGLE FAMILY DWELLING WITH FIRST FLOOR INTEGRAL ONE CAR GARAGE, SECOND AND THIRD FLOOR BALCONY AT FRONT AND ROOFTOP DECK",NEW CONSTRUCTION,Residential,50000.0,2022-03-31,0080D00327000000,"5315 HOLMES ST, Pittsburgh, PA 15201-",40.480949448,-79.9498193051,7.0,Upper Lawrenceville,10.0,15201.0,Completed,42003101100,42003101100,42003101100,38300,"Pittsburgh, PA",3.32,4,42003101100
27753408,BP-2021-07677,BUILDING,,Symphony of Construction ,"NEW CONSTRUCTION OF INDUSTRIALIZED 3-STORY SINGLE-FAMILY DWELLING WITH DECK OFF REAR 2ND-STORY AND TWO-CAR INTEGRAL GARAGE
AMENDMENT: Structural detail for rear deck, 2nd level",NEW CONSTRUCTION,Residential,5000.0,2021-06-25,0083K00201000000,"517 N EUCLID AVE, Pittsburgh, PA 15206-",40.4673069867,-79.9252631451,9.0,East Liberty,11.0,15206.0,Issued,42003111300,42003111300,42003111300,38300,"Pittsburgh, PA",2.51,3,42003111300
27753413,BP-2021-07695,BUILDING,KLUEBER RONALD W,P2 Contracting LLC,CONSTRUCTION OF NEW SINGLE FAMILY HOME WITH ADDITIONAL SUITE WITH 2 GUEST LODGING ROOMS AND ASSOCIATED SITEWORK,NEW CONSTRUCTION,Commercial,550000.0,2022-03-29,0024L00025000000,"1201 TROY HILL RD, Pittsburgh, PA 15212-",40.4572949657,-79.9895379706,1.0,Troy Hill,23.0,15212.0,Issued,42003241300,42003241300,42003241300,38300,"Pittsburgh, PA",3.39,4,42003241300
27753418,BP-2021-07747,BUILDING,CITY OF PITTSBURGH,Mosites Construction Company,NEW BRIDGE SUPPORTING REPLACED STEAM LINES FROM BELLEFIELD BOILER PLANT TO A STEAM TUNNEL UNDER CARNEGIE MUSEUM...WORK INCLUDES NEW EXTERIOR CONCRETE STAIRS AT END OF BRIDGE.,NEW CONSTRUCTION,Commercial,255000.0,2021-11-19,0027S00150000003,"261 SCHENLEY DR, Pittsburgh, PA 15213-",40.4413602585,-79.9512931072,3.0,Central Oakland,4.0,15213.0,Completed,42003040500,42003040500,42003040500,38300,"Pittsburgh, PA",3.0,3,42003040500
27753433,BP-2021-07830,BUILDING,BROWN RYAN M,Jerry M. Casale Jr,"New construction of a four-story, attached, single family dwelling unit. Structure will be sprinklered and fire separated from the neighboring attached unit with a 2 hr party wall.",NEW CONSTRUCTION,Commercial,125000.0,2021-06-16,0023E00388000000,"508 W JEFFERSON ST, Pittsburgh, PA 15212-",40.4593042018,-80.0132119162,1.0,Central Northside,25.0,15212.0,Completed,42003565100,42003565100,42003565100,38300,"Pittsburgh, PA",3.98,4,42003565100
27753480,BP-2021-08002,BUILDING,OFFICE PARTNERS XXIII BLOCK G1 LLC,P.J. Dick Incorporated,CONSTRUCT FOUNDATION AND SITE WORK FOR NEW 26 STORY COMMERCIAL STRUCTURE,NEW CONSTRUCTION,Commercial,6853370.0,2021-09-30,0002C00450000000,"626 WASHINGTON PL #2501, Pittsburgh, PA 15219-",40.441712114,-79.9912748545,6.0,Crawford-Roberts,3.0,15219.0,Completed,42003030500,42003030500,42003030500,38300,"Pittsburgh, PA",4.0,4,42003030500
27753494,BP-2021-08132,BUILDING,COMHDAN REALTY LP,CA Design Build LLC,SITE WORK AND FOUNDATION FOR FUTURE 10-STORY MULTI-USE STRUCTURE,NEW CONSTRUCTION,Commercial,6550000.0,2021-08-25,0028F00322000000,"3510 FORBES AVE, Pittsburgh, PA 15213-",40.4396582241,-79.9586741342,3.0,Central Oakland,4.0,15213.0,Completed,42003040500,42003040500,42003040500,38300,"Pittsburgh, PA",3.0,3,42003040500
27753579,BP-2021-08546,BUILDING,COMHDAN REALTY LP,CA Design Build LLC,"CONSTRUCTION OF SUPERSTRUCTURE (COLUMNS, FLOOR/CEILING SLABS, AND SHEAR WALLS) FOR PORTION OF NEW TEN STORY HIGHRISE APARTMENT BUILDING WITH ENCLOSED PARKING GARAGE AND CORE AND SHELL SPACE FOR FUTURE TENANT(S)",NEW CONSTRUCTION,Commercial,6550000.0,2021-11-16,0028F00322000000,"3510 FORBES AVE, Pittsburgh, PA 15213-",40.4396582241,-79.9586741342,3.0,Central Oakland,4.0,15213.0,Completed,42003040500,42003040500,42003040500,38300,"Pittsburgh, PA",3.0,3,42003040500
27753580,BP-2021-08547,BUILDING,COMHDAN REALTY LP,CA Design Build LLC,"CONSTRUCTION OF NEW HIGHRISE APARTMENT BUILDING WITH ENCLOSED PARKING GARAGE, TENANT AMENITY SPACES, COURTYARD, AND CORE AND SHELL SPACE FOR FUTURE TENANT(S)",NEW CONSTRUCTION,Commercial,34186995.0,2022-01-11,0028F00322000000,"3510 FORBES AVE, Pittsburgh, PA 15213-",40.4396582241,-79.9586741342,3.0,Central Oakland,4.0,15213.0,Completed,42003040500,42003040500,42003040500,38300,"Pittsburgh, PA",3.0,3,42003040500
27753583,BP-2021-08568,BUILDING,,Costello Management LLC,"CONSTRUCT 3-1/2 STORY SINGLE-FAMILY DWELLING WITH INTEGRAL GARAGE, FRONT PORCH & 2ND & 4TH FLR REAR DECKS",NEW CONSTRUCTION,Residential,100000.0,2021-09-01,0083K00807000000,"300 N SAINT CLAIR ST, Pittsburgh, PA 15206-",40.4649651114,-79.9272692725,9.0,East Liberty,11.0,15206.0,Issued,42003111500,42003111500,42003111500,38300,"Pittsburgh, PA",3.87,4,42003111500
27753584,BP-2021-08570,BUILDING,,Costello Management LLC,"CONSTRUCT 3-1/2 STORY SINGLE-FAMILY DWELLING WITH INTEGRAL GARAGE, FRONT PORCH & 2ND & 4TH FLR REAR DECKS",NEW CONSTRUCTION,Residential,100000.0,2021-09-01,0083K00808000000,"302 N SAINT CLAIR ST, Pittsburgh, PA 15206-",40.4650269766,-79.9272326957,9.0,East Liberty,11.0,15206.0,Completed,42003111500,42003111500,42003111500,38300,"Pittsburgh, PA",3.87,4,42003111500
27753616,BP-2021-08682,BUILDING,NORTHSIDE PROPERTIES RESIDENSIES IV LLC,Mistick Construction Company,The new construction of an attached single-family dwelling (Unit 3A). New slab-on-grade two-story unit with wood-framed walls and floor/roofs.,NEW CONSTRUCTION,Residential,158000.0,2021-07-01,0022B00290000000,"1232 KUNKLE AVE, Pittsburgh, PA 15212-",40.4603007292,-80.0248377594,6.0,California-Kirkbride,21.0,15212.0,Completed,42003565200,42003565200,42003565200,38300,"Pittsburgh, PA",4.0,4,42003565200
27753618,BP-2021-08684,BUILDING,NORTHSIDE PROPERTIES RESIDENCES IV LLC,Mistick Construction Company,The new construction of an attached single-family dwelling (Unit 3B). New slab-on-grade two-story unit with wood-framed walls and floor/roofs.,NEW CONSTRUCTION,Residential,158000.0,2021-07-09,0022B00289000000,"1236 KUNKLE AVE, Pittsburgh, PA 15212-",40.4602721806,-80.024996781,6.0,California-Kirkbride,21.0,15212.0,Completed,42003565200,42003565200,42003565200,38300,"Pittsburgh, PA",4.0,4,42003565200
27753619,BP-2021-08685,BUILDING,NORTHSIDE PROPERTIES RESIDENCES IV LLC,Mistick Construction Company,The new construction of an attached single-family dwelling (Unit 2A). New slab-on-grade two-story unit with wood-framed walls and floor/roofs.,NEW CONSTRUCTION,Residential,158000.0,2021-07-09,0022B00286000000,"1246 KUNKLE AVE, Pittsburgh, PA 15212-",40.4602459896,-80.0251424345,6.0,California-Kirkbride,21.0,15212.0,Completed,42003565200,42003565200,42003565200,38300,"Pittsburgh, PA",4.0,4,42003565200
27753620,BP-2021-08686,BUILDING,NORTHSIDE PROPERTIES RESIDENCES IV LLC,Mistick Construction Company,The new construction of an attached single-family dwelling (Unit 2B). New slab-on-grade two-story unit with wood-framed walls and floor/roofs.,NEW CONSTRUCTION,Residential,158000.0,2021-07-01,0022B00285000000,"1252 KUNKLE AVE, Pittsburgh, PA 15212-",40.4602214928,-80.0252811063,6.0,California-Kirkbride,21.0,15212.0,Completed,42003565200,42003565200,42003565200,38300,"Pittsburgh, PA",4.0,4,42003565200
27753621,BP-2021-08687,BUILDING,NORTHSIDE PROPERTIES RESIDENSIES IV LLC,Mistick Construction Company,The new construction of an attached single-family dwelling (Unit 1A). New slab-on-grade two-story unit with wood-framed walls and floor/roofs.,NEW CONSTRUCTION,Residential,158000.0,2021-07-09,0022B00283000000,"1262 KUNKLE AVE, Pittsburgh, PA 15212-",40.4601968701,-80.025420954,6.0,California-Kirkbride,21.0,15212.0,Completed,42003565200,42003565200,42003565200,38300,"Pittsburgh, PA",4.0,4,42003565200
27753622,BP-2021-08689,BUILDING,NORTHSIDE PROPERTIES RESIDENCES IV LLC,Mistick Construction Company,The new construction of an attached single-family dwelling (Unit 1B). New slab-on-grade two-story unit with wood-framed walls and floor/roofs.,NEW CONSTRUCTION,Residential,158000.0,2021-07-01,0022B00281000000,"1266 KUNKLE AVE, Pittsburgh, PA 15212-",40.4601753468,-80.0256426065,6.0,California-Kirkbride,21.0,15212.0,Completed,42003565200,42003565200,42003565200,38300,"Pittsburgh, PA",4.0,4,42003565200
27753656,BP-2021-08816,BUILDING,,Incline Homes LLC,CONSTRUCTION OF THREE STORY WOOD FRAMED DWELLING UNIT WITH INTEGRAL GARAGE AND ROOF DECK,NEW CONSTRUCTION,Residential,200000.0,2021-08-27,0025M00345000000,"3011 PAULOWNA ST, Pittsburgh, PA 15219-",40.4559704982,-79.9685929412,7.0,Polish Hill,6.0,15219.0,Issued,42003060500,42003060500,42003060500,38300,"Pittsburgh, PA",3.56,4,42003060500
27753691,BP-2021-09044,BUILDING,LNL INC,"ABS Building Systems Integrators, LLC","Construction of a new 3-story, single-family, residential dwelling with masonry block foundation walls and a proposed rooftop deck structure.",NEW CONSTRUCTION,Residential,150000.0,2021-08-06,0006M00114000000,"114 HALLOCK ST, Pittsburgh, PA 15211-",40.4368279289,-80.0175758223,2.0,Mount Washington,19.0,15211.0,Issued,42003190300,42003190300,42003190300,38300,"Pittsburgh, PA",3.14,3,42003190300
27753695,BP-2021-09076,BUILDING,LITZINGER MATTHEW J,"Parry Custom Homes, Inc",CONSTRUCT 3-STORY HOUSE WITH ROOFTOP DECK,NEW CONSTRUCTION,Residential,150000.0,2021-08-06,0006M00116000000,"118 HALLOCK ST, Pittsburgh, PA 15211-",40.4367312169,-80.0176087791,2.0,Mount Washington,19.0,15211.0,Completed,42003190300,42003190300,42003190300,38300,"Pittsburgh, PA",3.14,3,42003190300
27753696,BP-2021-09077,BUILDING,KHILJI NAZISH HABIB & ZIRGHAM KHALID (W),RJ Steele Construction,"Construction of a new 3-story, single-family, residential dwelling with masonry block foundation walls and a proposed rooftop deck structure.",NEW CONSTRUCTION,Residential,150000.0,2021-08-06,0006M00118000000,"122 HALLOCK ST, Pittsburgh, PA 15211-",40.4366356193,-80.0176417765,2.0,Mount Washington,19.0,15211.0,Issued,42003190300,42003190300,42003190300,38300,"Pittsburgh, PA",3.14,3,42003190300
27753697,BP-2021-09079,BUILDING,,"City of Pittsburgh Permits, Licenses and Inspections","Construction of a new 3-story, single-family, residential dwelling with masonry block foundation walls and a proposed rooftop deck structure.",NEW CONSTRUCTION,Residential,150000.0,2021-08-06,0006M00120000000,"126 HALLOCK ST, Pittsburgh, PA 15211-",40.436537543,-80.0176679943,2.0,Mount Washington,19.0,15211.0,Completed,42003190300,42003190300,42003190300,38300,"Pittsburgh, PA",3.14,3,42003190300
27753705,BP-2021-09113,BUILDING,RANKIN DEVIN M,"Castelucci Construction, Inc",NEW CONSTRUCTION OF A SINGLE FAMILY DWELLING...EXTERIOR RENOVATION TO AN EXISTING DETACHED GARAGE...NEW RETAING WALLS IN REAR YARD.,NEW CONSTRUCTION,Residential,450000.0,2021-11-30,0006L00053000000,"319 EDITH ST, Pittsburgh, PA 15211-",40.4371468758,-80.0238093419,2.0,Duquesne Heights,19.0,15211.0,Issued,42003191100,42003191100,42003191100,38300,"Pittsburgh, PA",3.42,4,42003191100
27753726,BP-2021-09242,BUILDING,,Key to the City Contracting Co.,NEW CONSTRUCTION OF DETACHED TWO STORY SINGLE FAMILY DWELLING WITH INTEGRAL ONE CAR GARAGE AND DECK AT REAR,NEW CONSTRUCTION,Residential,200000.0,2021-07-27,0050M00240000000,"5438 ROSETTA ST, Pittsburgh, PA 15206-",40.4665608265,-79.9335405296,9.0,Garfield,11.0,15206.0,Completed,42003111400,42003111400,42003111400,38300,"Pittsburgh, PA",2.66,3,42003111400
27753751,BP-2021-09362,BUILDING,,"AZA Builders, LLC","CONSTRUCT NEW THREE STORY, MODULAR HOME WITH SITE-BUILT BASEMENT, REAR DECK, AND DETACHED ONE STORY GARAGE",NEW CONSTRUCTION,Residential,177235.0,2021-08-02,0083L00269000000,"500 N SHERIDAN AVE, Pittsburgh, PA 15206-",40.4655054595,-79.9205681539,9.0,East Liberty,11.0,15206.0,Issued,42003111300,42003111300,42003111300,38300,"Pittsburgh, PA",2.51,3,42003111300
27753844,BP-2021-09836,BUILDING,PEMBROKE PROPERTIES LLC,Franjo Construction Corporation,INTERIOR ALTERATIONS TO FLOORS 2 THROUGH 8 TO CREATE 19 DWELLING UNTIS AT EXISTING CORE AND SHELL HIGHRISE STRUCTURE,NEW CONSTRUCTION,Commercial,2200000.0,2022-05-23,0025N00270000000,"2330 PENN AVE #801, Pittsburgh, PA 15222-",40.4531028523,-79.980643832,1.0,Strip District,2.0,15222.0,Completed,42003020300,42003020300,42003020300,38300,"Pittsburgh, PA",4.0,4,42003020300
27753880,BP-2021-10088,BUILDING,,Costello Management LLC,"CONSTRUCT 3-1/2 STORY SINGLE-FAMILY DWELLING WITH INTEGRAL GARAGE, FRONT PORCH & 2ND & 4TH FLR REAR DECKS",NEW CONSTRUCTION,Residential,120000.0,2021-09-02,0083K00809000000,"306 N SAINT CLAIR ST, Pittsburgh, PA 15206-",40.4650881567,-79.9271950041,9.0,East Liberty,11.0,15206.0,Completed,42003111500,42003111500,42003111500,38300,"Pittsburgh, PA",3.87,4,42003111500
27753881,BP-2021-10089,BUILDING,,Costello Management LLC,"CONSTRUCT 3-1/2 STORY SINGLE-FAMILY DWELLING WITH INTEGRAL GARAGE, FRONT PORCH & 2ND & 4TH FLR REAR DECKS",NEW CONSTRUCTION,Residential,120000.0,2021-09-01,0083K00810000000,"308 N SAINT CLAIR ST, Pittsburgh, PA 15206-",40.4651503388,-79.9271587097,9.0,East Liberty,11.0,15206.0,Completed,42003111500,42003111500,42003111500,38300,"Pittsburgh, PA",3.87,4,42003111500
27753882,BP-2021-10090,BUILDING,,Costello Management LLC,"CONSTRUCT 3-1/2 STORY SINGLE-FAMILY DWELLING WITH INTEGRAL GARAGE, FRONT PORCH & 2ND & 4TH FLR REAR DECKS",NEW CONSTRUCTION,Residential,120000.0,2021-08-17,0083K00811000000,"312 N SAINT CLAIR ST, Pittsburgh, PA 15206-",40.4651991175,-79.9270724042,9.0,East Liberty,11.0,15206.0,Completed,42003111500,42003111500,42003111500,38300,"Pittsburgh, PA",3.87,4,42003111500
27753883,BP-2021-10091,BUILDING,,Costello Management LLC,"CONSTRUCT 3-1/2 STORY SINGLE-FAMILY DWELLING WITH INTEGRAL GARAGE, FRONT PORCH & 2ND & 4TH FLR REAR DECKS",NEW CONSTRUCTION,Residential,120000.0,2021-08-17,0083K00812000000,"314 N SAINT CLAIR ST, Pittsburgh, PA 15206-",40.4652513791,-79.9270159573,9.0,East Liberty,11.0,15206.0,Completed,42003111500,42003111500,42003111500,38300,"Pittsburgh, PA",3.87,4,42003111500
27753884,BP-2021-10092,BUILDING,,Costello Management LLC,"CONSTRUCT 3-1/2 STORY SINGLE-FAMILY DWELLING WITH INTEGRAL GARAGE, FRONT PORCH & 2ND & 4TH FLR REAR DECKS",NEW CONSTRUCTION,Residential,120000.0,2021-08-17,0083K00813000000,"318 N SAINT CLAIR ST, Pittsburgh, PA 15206-",40.4653155721,-79.9269911855,9.0,East Liberty,11.0,15206.0,Completed,42003111500,42003111500,42003111500,38300,"Pittsburgh, PA",3.87,4,42003111500
27753885,BP-2021-10093,BUILDING,,Costello Management LLC,CONSTRUCT A 3-STORY HOUSE WITH 4TH FLR ROOF DECK & STAIR PENTHOUSE/STORAGE,NEW CONSTRUCTION,Residential,120000.0,2021-08-16,0083K00814000000,"320 N SAINT CLAIR ST, Pittsburgh, PA 15206-",40.4654063434,-79.9270270784,9.0,East Liberty,11.0,15206.0,Completed,42003111500,42003111500,42003111500,38300,"Pittsburgh, PA",3.87,4,42003111500
27753925,BP-2021-10295,BUILDING,1202 GRANDVIEW ASSOCIATES LLC,"Matcon Diamond, Inc.",NEW FOUNDATION FOR FUTURE 3 STORY SINGLE-FAMILY DETACHED RESIDENCE. THIS PERMIT IS ONLY FOR FOUNDATIONS COMPOSED OF MICROPILES. THE APPLICANT HAS CHANGED FROM DRILLED CAISSONS TO MICROPILES ON 20210420.,NEW CONSTRUCTION,Residential,250000.0,2021-07-27,0006M00008000000,"1204 GRANDVIEW AVE, Pittsburgh, PA 15211-",40.4380203797,-80.0182329518,2.0,Mount Washington,19.0,15219.0,Completed,42003190300,42003190300,42003190300,38300,"Pittsburgh, PA",3.14,3,42003190300
27753936,BP-2021-10373,BUILDING,ARSENAL 201-PHASE I LLC,X-Tile llc,INTERIOR RENOVATION OF A VACANT TENANT SPACE FOR A NEW TENANT,NEW CONSTRUCTION,Commercial,75000.0,2021-10-04,0049E00128000000,"3913 BUTLER ST, Pittsburgh, PA 15201-",40.4685327573,-79.9639972173,7.0,Lower Lawrenceville,6.0,15201.0,Issued,42003060300,42003060300,42003060300,38300,"Pittsburgh, PA",3.37,4,42003060300
27754129,BP-2021-11417,BUILDING,,Shape Development Group LLC,NEW TWO-STORY STRUCTURE WITH MAIN LEVEL ROOF DECK & UPPER LEVEL ROOF DECK AS SINGLE FAMILY DWELLING WITH TWO-CAR INTEGRAL GARAGE.,NEW CONSTRUCTION,Residential,300000.0,2021-08-23,0009M00178000000,"1870 CLIFF ST, Pittsburgh, PA 15219-",40.4468419873,-79.9835428455,6.0,Crawford-Roberts,3.0,15219.0,Completed,42003030500,42003030500,42003030500,38300,"Pittsburgh, PA",4.0,4,42003030500
27754133,BP-2021-11434,BUILDING,KAMIN PENN AVE RESTAURANT LLC,"Rycon Construction, Inc",CONSTRUCT A NEW ONE STORY BUILDING TO BE USED AS A BANK WITH A DRIVE THROUGH PORCH AND AN ACCESSORY TRASH ENCLOSURE,NEW CONSTRUCTION,Commercial,1500000.0,2024-07-09,0009H00038000000,"1636 PENN AVE, Pittsburgh, PA 15222-",40.4492489145,-79.9863619454,1.0,Strip District,2.0,15222.0,Completed,42003020300,42003020300,42003020300,38300,"Pittsburgh, PA",4.0,4,42003020300
27754167,BP-2021-11632,BUILDING,RIDC SOUTHWESTERN PA GROWTH FUND,P.J. Dick Incorporated,FOUNDATION AND SUPERSTRUCTURE FOR A NEW 3-STORY STRUCTURE,NEW CONSTRUCTION,Commercial,3950000.0,2021-09-27,0055J00114000C00,"4339 LYTLE ST, Pittsburgh, PA 15207-",40.4171431368,-79.9491343074,5.0,Hazelwood,15.0,15207.0,Completed,42003562901,42003562901,42003562901,38300,"Pittsburgh, PA",3.75,4,42003562901
27754168,BP-2021-11634,BUILDING,RIDC SOUTHWESTERN PA GROWTH FUND,Jendoco Construction Corporation,EXPANSION OF EXISTING OFFICE SPACE & CONSTUCT NEW DECK,NEW CONSTRUCTION,Commercial,350000.0,2022-01-14,0055J00114000000,"4339 LYTLE ST, Pittsburgh, PA 15207-",40.4159064666,-79.9484456346,5.0,Hazelwood,15.0,15207.0,Completed,42003562901,42003562901,42003562901,38300,"Pittsburgh, PA",3.75,4,42003562901
27754169,BP-2021-11641,BUILDING,THREE CROSSINGS 2.0-G LP,"Rycon Construction, Inc",TENANT FIT OUT OF FLOORS 4-6 IN 6-STORY STRUCTURE,NEW CONSTRUCTION,Commercial,2539600.0,2021-10-04,0025F00288000000,"75 HOPPER PL #301, Pittsburgh, PA 15222-",40.458771362,-79.9772398962,1.0,Strip District,6.0,15222.0,Completed,42003020300,42003020300,42003020300,38300,"Pittsburgh, PA",4.0,4,42003020300
27754237,BP-2021-12047,BUILDING,,"AZA Builders, LLC",CONSTRUCTION OF MODULAR 3-STORY SINGLE FAMILY DWELLING WITH SITE BUILT FOUNDATION AND DETACHED GARAGE,NEW CONSTRUCTION,Residential,192000.0,2021-10-06,0082R00059000000,"932 MELLON ST, Pittsburgh, 15206-",40.473127136,-79.9233756724,7.0,Highland Park,11.0,15206.0,Completed,42003110200,42003110200,42003110200,38300,"Pittsburgh, PA",1.63,1,42003110200
27754238,BP-2021-12051,BUILDING,,"AZA Builders, LLC",CONSTRUCTION OF MODULAR 3-STORY SINGLE FAMILY DWELLING WITH SITE BUILT FOUNDATION AND DETACHED GARAGE,NEW CONSTRUCTION,Residential,192000.0,2021-10-06,0082R00060000000,"934 MELLON ST, Pittsburgh, 15206-",40.4731885664,-79.9233372929,7.0,Highland Park,11.0,15206.0,Completed,42003110200,42003110200,42003110200,38300,"Pittsburgh, PA",1.63,1,42003110200
27754245,BP-2021-12086,BUILDING,PENNLEY PARK SOUTH INC,"MBM Contracting, Inc",INITIAL TENANT FITOUT OF GROCERY STORE ON FIRST FLOOR AND MEZZANINE,NEW CONSTRUCTION,Commercial,2200000.0,2021-10-26,0083N00125000000,"141 S SAINT CLAIR ST #601, Pittsburgh, PA 15206-",40.4623681682,-79.9296214621,9.0,East Liberty,8.0,15206.0,Completed,42003111500,42003111500,42003111500,38300,"Pittsburgh, PA",3.87,4,42003111500
27754327,BP-2021-12464,BUILDING,,Daniel Bill ,CONSTRUCT NEW 3-STORY HOUSE WITH BASEMENT,NEW CONSTRUCTION,Residential,25000.0,2021-09-10,0049E00029000000,"180 38TH ST, Pittsburgh, 15201-",40.4673510102,-79.9651530856,7.0,Lower Lawrenceville,6.0,15201.0,Completed,42003060300,42003060300,42003060300,38300,"Pittsburgh, PA",3.37,4,42003060300
27754389,BP-2021-12774,BUILDING,,IDR LLC,CONSTRUCTION OF NEW SINGLE FAMILY DWELLING WITH TWO CAR GARAGE AND DECK AT TOP OF GARAGE,NEW CONSTRUCTION,Residential,200000.0,2021-10-11,0023F00062000000,"17 LANE Way, Pittsburgh, PA 15212-",40.4598298294,-80.0088601912,1.0,Central Northside,25.0,15212.0,Issued,42003565100,42003565100,42003565100,38300,"Pittsburgh, PA",3.98,4,42003565100
27754506,BP-2021-13370,BUILDING,ARSENAL 201-PHASE II LLC,Franjo Construction ,EXTERIOR ALTERATIONS AND SITE WORK TO CONSTRUCT COURTYARD WITH SWIMMING POOL AT NEW 5 STORY APARTMENT BUILDING,NEW CONSTRUCTION,Commercial,176000.0,2022-03-18,0049E00132000000,"129 39TH ST, Pittsburgh, PA 15201-",40.4695679428,-79.9653329962,7.0,Lower Lawrenceville,6.0,15201.0,Completed,42003060300,42003060300,42003060300,38300,"Pittsburgh, PA",3.37,4,42003060300
27754535,BP-2021-13523,BUILDING,,WH Midwest LLC,CONSTRUCTION OF COMPLETE 2 STORY DWELLING WITH WALKOUT BASEMENT,NEW CONSTRUCTION,Residential,281485.0,2021-09-29,0090M00114000000,"4340 ARMORHILL AVE, Pittsburgh, PA 15120-",40.3981938446,-79.9185974509,5.0,New Homestead,31.0,15207.0,Completed,42003565300,42003565300,42003565300,38300,"Pittsburgh, PA",4.0,4,42003565300
27754545,BP-2021-13567,BUILDING,CITY OF PITTSBURGH,Mosites Construction Company,FOUNDATION WORK ONLY ASSOCIATED WITH A STEAM LINE BRIDGE REPLACEMENT.,NEW CONSTRUCTION,Commercial,50000.0,2021-08-31,0027S00150000003,"261 SCHENLEY DR, Pittsburgh, PA 15213-",40.4413602585,-79.9512931072,3.0,Central Oakland,4.0,15213.0,Completed,42003040500,42003040500,42003040500,38300,"Pittsburgh, PA",3.0,3,42003040500
27754547,BP-2021-13583,BUILDING,1202 GRANDVIEW ASSOCIATES LLC,"Matcon Diamond, Inc.","NEW 3 STORY, DETACHED, MASONRY AND CONCRETE, CORE + SHELL FOR SINGLE FAMILY DWELLING PHASED CONSTRUCTION WITH REAR DECKS AT BASEMENT, 1ST, 2ND, AND 3RD FLOORS. LOCATION FOR TWO SEPARATE ONE CAR GARAGES ON 1ST FLOOR. THE FOUNDATION WAS BUILT UNDER BP-2021-10295.",NEW CONSTRUCTION,Residential,400000.0,2021-11-30,0006M00008000000,"1204 GRANDVIEW AVE, Pittsburgh, PA 15211-",40.4380203797,-80.0182329518,2.0,Mount Washington,19.0,15219.0,Completed,42003190300,42003190300,42003190300,38300,"Pittsburgh, PA",3.14,3,42003190300
27754620,BP-2021-13829,BUILDING,LNR DEVELOPMENT LLC,Burch Home Improvement LLC,CONSTRUCTION OF NEW 3-STORY SINGLE FAMILY ATTACHED DWELLING WITH BALCONY GARAGE AND ROOFTOP DECK,NEW CONSTRUCTION,Residential,175500.0,2022-07-26,0012F00261000000,"2137 WHARTON ST, Pittsburgh, PA 15203-",40.430395525,-79.9745739128,3.0,South Side Flats,16.0,15203.0,Issued,42003160900,42003160900,42003160900,38300,"Pittsburgh, PA",4.0,4,42003160900
27754629,BP-2021-13881,BUILDING,,Incline Homes LLC,"CONSTRUCT 3-STORY HOUSE WITH BASEMENT, 1ST FLR & 3RD FLR DECKS",NEW CONSTRUCTION,Residential,200000.0,2021-09-16,0025M00346000000,"3011 1/2 PAULOWNA ST, Pittsburgh, PA 15219-",40.4559743865,-79.9685218403,7.0,Polish Hill,6.0,15219.0,Completed,42003060500,42003060500,42003060500,38300,"Pittsburgh, PA",3.56,4,42003060500
27754653,BP-2021-14012,BUILDING,CARNEGIE MELLON UNIVERSITY,Mascaro Construction Co LP,Construct a new four story building with second and third floor roof garden,NEW CONSTRUCTION,Commercial,27481000.0,2022-02-25,0053B00050000000,"5135 MARGARET MORRISON ST, Pittsburgh, PA 15213-",40.4437333149,-79.9424354286,8.0,Squirrel Hill North,14.0,15213.0,Completed,42003140100,42003140100,42003140100,38300,"Pittsburgh, PA",1.09,1,42003140100
27754708,BP-2021-14239,BUILDING,RIDC SOUTHWESTERN PA GROWTH FUND,P.J. Dick Incorporated,CONSTRUCT NEW THREE STORY BUILDING WITHIN THE EXISTING STEEL FRAME OF FORMER MILL,NEW CONSTRUCTION,Commercial,12954000.0,2021-12-13,0055J00114000C00,"4339 LYTLE ST, Pittsburgh, PA 15207-",40.4171431368,-79.9491343074,5.0,Hazelwood,15.0,15207.0,Completed,42003562901,42003562901,42003562901,38300,"Pittsburgh, PA",3.75,4,42003562901
27754756,BP-2021-14515,BUILDING,GARFIELD HIGHLANDS LP,Mistick Construction Company,"NEW CONSTRUCTION OF A SINGLE-STORY, SINGLE FAMILY DETACHED DWELLING. WOOD FRAMED w/ SUPERIOR WALL FOUNDATION.",NEW CONSTRUCTION,Residential,115000.0,2023-03-06,0050H00020000000,"5322 HILLCREST ST, Pittsburgh, PA 15224-",40.4677857498,-79.9367170648,9.0,Garfield,10.0,15224.0,Completed,42003101900,42003101900,42003101900,38300,"Pittsburgh, PA",3.97,4,42003101900
27754757,BP-2021-14516,BUILDING,TARGET CORPORATION,Estructure Solutions LLC,SITE WORK INCLUDING PARKING LOT MODIFICATIONS TO SUPPORT EV CHARGING AT PARKING LOT OF A 2 STORY RETAIL STRUCTURE,NEW CONSTRUCTION,Commercial,84000.0,2022-01-25,0084C00100000000,"6231 PENN AVE, Pittsburgh, PA 15206-",40.46075395,-79.9210860992,9.0,East Liberty,11.0,15206.0,Completed,42003111500,42003111500,42003111500,38300,"Pittsburgh, PA",3.87,4,42003111500
27754773,BP-2021-14605,BUILDING,GARFIELD HIGHLANDS LP,Mistick Construction Company,"NEW CONSTRUCTION OF A SINGLE-STORY, SINGLE FAMILY DETACHED DWELLING. WOOD FRAMED w/ SUPERIOR WALL FOUNDATION.",NEW CONSTRUCTION,Residential,115000.0,2023-03-09,0050L00124000000,"5316 KINCAID ST, Pittsburgh, PA 15224-",40.4663225334,-79.9373990739,9.0,Garfield,10.0,15224.0,Completed,42003101900,42003101900,42003101900,38300,"Pittsburgh, PA",3.97,4,42003101900
27754778,BP-2021-14629,BUILDING,GARFIELD HIGHLANDS LP,Mistick Construction Company,"NEW CONSTRUCTION OF A SINGLE-STORY, SINGLE FAMILY DETACHED DWELLING. WOOD FRAMED w/ SUPERIOR WALL FOUNDATION.",NEW CONSTRUCTION,Residential,115000.0,2023-03-03,0050M00022000000,"5360 ROSETTA ST, Pittsburgh, PA 15224-",40.4669297008,-79.9360871928,9.0,Garfield,10.0,15224.0,Completed,42003101900,42003101900,42003101900,38300,"Pittsburgh, PA",3.97,4,42003101900
27754780,BP-2021-14633,BUILDING,GARFIELD HIGHLANDS LP,Mistick Construction Company,"NEW CONSTRUCTION OF A SINGLE-STORY, SINGLE-FAMILY DETACHED DWELLING.",NEW CONSTRUCTION,Residential,115000.0,2023-03-06,0050M00180000000,"5410 ROSETTA ST, Pittsburgh, PA 15206-",40.4667583522,-79.9346354016,9.0,Garfield,11.0,15206.0,Completed,42003111400,42003111400,42003111400,38300,"Pittsburgh, PA",2.66,3,42003111400
27754781,BP-2021-14634,BUILDING,GARFIELD HIGHLANDS LP,Mistick Construction Company,CONSTRUCT 2-STORY HOUSE WITH BASEMENT & FRONT PORCH,NEW CONSTRUCTION,Residential,175000.0,2023-03-09,0050M00044000000,"5347 KINCAID ST, Pittsburgh, 15224-",40.4665608842,-79.9360459491,9.0,Garfield,10.0,15224.0,Completed,42003101900,42003101900,42003101900,38300,"Pittsburgh, PA",3.97,4,42003101900
27754782,BP-2021-14635,BUILDING,GARFIELD HIGHLANDS LP,Mistick Construction Company,"NEW CONSTRUCTION OF A TWO-STORY, SINGLE FAMILY DETACHED DWELLING. WOOD FRAMED w/ SUPERIOR WALL FOUNDATION.",NEW CONSTRUCTION,Residential,175000.0,2023-03-06,0050M00001000000,"5361 ROSETTA ST, Pittsburgh, 15224-",40.4673337211,-79.9358486233,9.0,Garfield,10.0,15224.0,Completed,42003101900,42003101900,42003101900,38300,"Pittsburgh, PA",3.97,4,42003101900
27754783,BP-2021-14637,BUILDING,GARFIELD HIGHLANDS LP,Mistick Construction Company,CONSTRUCT A 2-STORY HOUSE WITH FRONT PORCH,NEW CONSTRUCTION,Residential,175000.0,2023-03-10,0050M00071000000,"213 N AIKEN AVE, Pittsburgh, 15206-",40.4660279676,-79.9359349963,9.0,Garfield,10.0,15224.0,Completed,42003101900,42003101900,42003101900,38300,"Pittsburgh, PA",3.97,4,42003101900
27754784,BP-2021-14638,BUILDING,GARFIELD HIGHLANDS LP,Mistick Construction Company,CONSTRUCT A 2-STORY HOUSE WITH FRONT PORCH,NEW CONSTRUCTION,Residential,175000.0,2023-03-06,0050M00070000000,"215 N AIKEN AVE, Pittsburgh, 15206-",40.4660957477,-79.9358706306,9.0,Garfield,10.0,15224.0,Completed,42003101900,42003101900,42003101900,38300,"Pittsburgh, PA",3.97,4,42003101900
27754785,BP-2021-14640,BUILDING,GARFIELD HIGHLANDS LP,Mistick Construction Company,"CONSTRUCT A 2-STORY HOUSE WITH A BASEMENT, FRONT PORCH & REAR DECK",NEW CONSTRUCTION,Residential,175000.0,2023-03-06,0050M00026000000,"5368 ROSETTA ST, Pittsburgh, 15224-",40.4668914917,-79.9358350233,9.0,Garfield,10.0,15224.0,Completed,42003101900,42003101900,42003101900,38300,"Pittsburgh, PA",3.97,4,42003101900
27754786,BP-2021-14641,BUILDING,GARFIELD HIGHLANDS LP,Mistick Construction Company,"CONSTRUCT A 2-STORY HOUSE WITH A BASEMENT, FRONT PORCH & REAR DECK",NEW CONSTRUCTION,Residential,175000.0,2023-03-06,0050M00027000000,"5370 ROSETTA ST, Pittsburgh, PA 15224-",40.466879813,-79.9357625287,9.0,Garfield,10.0,15224.0,Completed,42003101900,42003101900,42003101900,38300,"Pittsburgh, PA",3.97,4,42003101900
27754787,BP-2021-14643,BUILDING,GARFIELD HIGHLANDS LP,Mistick Construction Company,CONSTRUCT 2-STORY HOUSE,NEW CONSTRUCTION,Residential,200000.0,2023-03-06,0050H00161000000,"425 N AIKEN AVE, Pittsburgh, PA 15206-",40.4681649562,-79.9346183118,9.0,Garfield,10.0,15224.0,Completed,42003101900,42003101900,42003101900,38300,"Pittsburgh, PA",3.97,4,42003101900
27754788,BP-2021-14644,BUILDING,GARFIELD HIGHLANDS LP,Mistick Construction Company,CONSTRUCT 2-STORY HOUSE,NEW CONSTRUCTION,Residential,200000.0,2023-06-12,0050H00162000000,"429 N AIKEN AVE, Pittsburgh, PA 15206-",40.4682224942,-79.9345821032,9.0,Garfield,10.0,15224.0,Completed,42003101900,42003101900,42003101900,38300,"Pittsburgh, PA",3.97,4,42003101900
27754789,BP-2021-14646,BUILDING,GARFIELD HIGHLANDS LP,Mistick Construction Company,CONSTRUCT 2-STORY HOUSE,NEW CONSTRUCTION,Residential,200000.0,2023-03-06,0050H00164000000,"433 N AIKEN AVE, Pittsburgh, PA 15206-",40.4683048775,-79.9345333647,9.0,Garfield,10.0,15224.0,Completed,42003101900,42003101900,42003101900,38300,"Pittsburgh, PA",3.97,4,42003101900
27754790,BP-2021-14651,BUILDING,GARFIELD HIGHLANDS LP,Mistick Construction Company,"NEW CONSTRUCTION OF A 2-STORY, SINGLE FAMILY ATTACHED DWELLING. WOOD FRAMED w/ SUPERIOR WALL FOUNDATION.",NEW CONSTRUCTION,Residential,200000.0,2023-03-06,0050M00004000000,"5375 ROSETTA ST, Pittsburgh, 15224-",40.4672985628,-79.935616674,9.0,Garfield,10.0,15224.0,Completed,42003101900,42003101900,42003101900,38300,"Pittsburgh, PA",3.97,4,42003101900
27754791,BP-2021-14652,BUILDING,GARFIELD HIGHLANDS LP,Mistick Construction Company,CONSTRUCT  A 2-STORY HOUSE WITH PORCH,NEW CONSTRUCTION,Residential,200000.0,2023-03-06,0050M00005000000,"5377 ROSETTA ST, Pittsburgh, 15224-",40.4672967128,-79.9354974238,9.0,Garfield,10.0,15224.0,Completed,42003101900,42003101900,42003101900,38300,"Pittsburgh, PA",3.97,4,42003101900
27754792,BP-2021-14660,BUILDING,GARFIELD HIGHLANDS LP,Mistick Construction Company,CONSTRUCT 2-STORY HOUSE WITH PORCH & DECK,NEW CONSTRUCTION,Residential,200000.0,2023-03-10,0050M00008000000,"305 N AIKEN AVE, Pittsburgh, PA 15206-",40.4671814261,-79.9352318031,9.0,Garfield,10.0,15224.0,Completed,42003101900,42003101900,42003101900,38300,"Pittsburgh, PA",3.97,4,42003101900
27754794,BP-2021-14662,BUILDING,GARFIELD HIGLANDS LP,Mistick Construction Company,"CONSTRUCTION OF A 2-STORY HOUSE WITH A BASEMENT, FRONT PORCH & REAR DECK",NEW CONSTRUCTION,Residential,200000.0,2023-03-06,0050L00019000A00,"5302 ROSETTA ST, Pittsburgh, 15224-",40.4671127484,-79.9375447912,9.0,Garfield,10.0,15224.0,Completed,42003101900,42003101900,42003101900,38300,"Pittsburgh, PA",3.97,4,42003101900
27754795,BP-2021-14663,BUILDING,GARFIELD HIGHLANDS LP,Mistick Construction Company,"NEW CONSTRUCTION OF A 2-STORY, SINGLE-FAMILY DETACHED DWELLING",NEW CONSTRUCTION,Residential,200000.0,2023-03-09,0050M00186000000,"234 N AIKEN AVE, Pittsburgh, 15206-",40.4665592327,-79.9350314977,9.0,Garfield,11.0,15206.0,Completed,42003111400,42003111400,42003111400,38300,"Pittsburgh, PA",2.66,3,42003111400
27754796,BP-2021-14664,BUILDING,GARFIELD HIGHLANDS LP,Mistick Construction Company,"NEW CONSTRUCTION OF A 2-STORY, SINGLE FAMILY DETACHED DWELLING. WOOD FRAMED w/ SUPERIOR WALL FOUNDATION.",NEW CONSTRUCTION,Residential,200000.0,2023-03-06,0050M00063000000,"5348 KINCAID ST, Pittsburgh, PA 15224-",40.4661857335,-79.9364340275,9.0,Garfield,10.0,15224.0,Completed,42003101900,42003101900,42003101900,38300,"Pittsburgh, PA",3.97,4,42003101900
27754825,BP-2021-14848,BUILDING,,Fleming Contracting,CONSTRUCTION OF NEW INDUSTRIALIZED SINGLE FAMILY HOUSING WITH GARAGE,NEW CONSTRUCTION,Residential,200000.0,2021-12-13,0083M00044000000,"611 COLLINS AVE, Pittsburgh, PA 15206-",40.4666621746,-79.9192907696,9.0,East Liberty,11.0,15206.0,Completed,42003111300,42003111300,42003111300,38300,"Pittsburgh, PA",2.51,3,42003111300
27754874,BP-2021-15087,BUILDING,ALLEGHENY COUNTY SANITARY AUTHORITY,Hudson Group Inc,CONSTRUCTION OF 3 STORY OFFICE AND LAB WITH 2ND FLOOR ROOF PATIO,NEW CONSTRUCTION,Commercial,9726257.0,2022-10-11,0075E00002000000,"3300 PREBLE AVE #840, Pittsburgh, PA 15233-",40.4785218975,-80.0458007601,2.0,Brighton Heights,27.0,15212.0,Completed,42003270100,42003270100,42003270100,38300,"Pittsburgh, PA",2.33,2,42003270100
27755037,BP-2021-16004,BUILDING,,Habitat for Humanity of Greater Pittsburgh,CONSTRUCTION OF 2-STORY SINGLE FAMILY DWELLING.,NEW CONSTRUCTION,Residential,220000.0,2021-10-12,0124N00413000000,"6321 CARVER ST, Pittsburgh, PA 15206-",40.4636495981,-79.9136094101,9.0,Larimer,12.0,15206.0,Completed,42003120900,42003120900,42003120900,38300,"Pittsburgh, PA",3.84,4,42003120900
27755058,BP-2021-16144,BUILDING,ZMF PROPERTIES I LP,ZMF Maintenance LLC,"NEW CONSTRUCTION OF 3-STORY SINGLE FAMILY DWELLING WITH TWO CAR INTEGRAL GARAGE IN BASEMENT, FIRST AND SECOND FLOOR DECKS AT REAR. WALKWAY ALONG SIDE.",NEW CONSTRUCTION,Residential,302500.0,2022-03-11,0004L00183000000,"424 WILLIAM ST, Pittsburgh, PA 15211-",40.4279429241,-80.0041077907,2.0,Mount Washington,19.0,15211.0,Completed,42003191400,42003191400,42003191400,38300,"Pittsburgh, PA",3.12,3,42003191400
27755084,BP-2021-16300,BUILDING,ALLEGHENY CENTER CHRISTIAN & MISSIONARYALLIANCE CHURCH,Franjo Construction ,NEW CONSTRUCTION OF A 3-STORY COMMUNITY CENTER ABUTTING EXISTING CHURCH BUILDINGS TO INCLUDE ROOFDECK AND 3RD STORY DECKS AT EAST AND WEST SIDES OF STRUCTURE,NEW CONSTRUCTION,Commercial,6100000.0,2022-03-31,0023S00034000000,"745 UNION PL, Pittsburgh, PA 15212-",40.4537750878,-80.0033887722,1.0,Allegheny Center,22.0,15212.0,Completed,42003562700,42003562700,42003562700,38300,"Pittsburgh, PA",4.0,4,42003562700
27755125,BP-2021-16420,BUILDING,,Habitat for Humanity of Greater Pittsburgh,CONSTRUCTION OF NEW 2 STORY WOOD FRAMED SINGLE FAMILY RESIDENCE,NEW CONSTRUCTION,Residential,180000.0,2021-10-20,0124N00241000000,"6274 MEADOW ST, Pittsburgh, PA 15206-",40.4642496869,-79.9137271043,9.0,Larimer,12.0,15206.0,Completed,42003120900,42003120900,42003120900,38300,"Pittsburgh, PA",3.84,4,42003120900
27755158,BP-2021-16571,BUILDING,WAG4 LP,P. W. Campbell Contracting Co.,CONSTRUCTION OF NEW SHED AND TRASH ENCLOSURE AS PART OF FENCING AND LANDSCAPING OF NEW PARKING LOT AND PLAY AREA INCLUDING UNDERGROUND STORMWATER MANAGEMENT SYSTEM,NEW CONSTRUCTION,Commercial,100000.0,2021-12-30,0012L00264000000,"2403 SARAH ST, Pittsburgh, PA 15203-",40.4274972341,-79.9711202193,3.0,South Side Flats,16.0,15203.0,Issued,42003160900,42003160900,42003160900,38300,"Pittsburgh, PA",4.0,4,42003160900
27755167,BP-2021-16634,BUILDING,,Deutschtown Builders,DEMOLISH 2-STORY HOUSE & BUILD NEW 3-STORY HOUSE ON EXISTING & NEW FOUNDATIONS,NEW CONSTRUCTION,Residential,225000.0,2022-04-11,0023M00296000000,"512 SUISMON ST, Pittsburgh, PA 15212-",40.4554144637,-80.0006428604,1.0,East Allegheny,23.0,15212.0,Completed,42003563202,42003563202,42003563202,38300,"Pittsburgh, PA",3.99,4,42003563202
27755413,BP-2021-17703,BUILDING,44TH & SUMMIT DEVELOPMENT LLC,"EKO2 Development, LLC",CONSTRUCT 4-STORY TOWNHOUSE SINGLE FAMILY DWELLING,NEW CONSTRUCTION,Commercial,150000.0,2022-06-06,0049B00287000000,"233 43RD ST, Pittsburgh, PA 15201-",40.4704397556,-79.9590168681,7.0,Central Lawrenceville,9.0,15201.0,Completed,42003090200,42003090200,42003090200,38300,"Pittsburgh, PA",3.02,3,42003090200
27755415,BP-2021-17714,BUILDING,EASTSIDE LIMITED PARTNERSHIP III,Franjo Construction Corporation,Alteration to existing core and shell space - Landlord scope of work. Future tenant fit-out to be under permit BP-2021-18142. New tenant separation walls and interior walls as well as the infilling of a concrete floor slab where needed.,NEW CONSTRUCTION,Commercial,50000.0,2022-02-24,0084C00055000000,"6226 PENN AVE, Pittsburgh, PA 15206-",40.460015708,-79.9231934238,8.0,Shadyside,7.0,15206.0,Completed,42003070800,42003070800,42003070800,38300,"Pittsburgh, PA",2.9,3,42003070800
27755439,BP-2021-17877,BUILDING,LNR DEVELOPMENT LLC,Burch Home Improvement LLC,CONSTRUCTION OF NEW SINGLE FAMILY ATTACHED DWELLING WITH BALCONY GARAGE AND ROOFTOP DECK,NEW CONSTRUCTION,Residential,175500.0,2022-07-26,0012F00252000000,"2136 MERRIMAN Way, Pittsburgh, PA 15203-",40.4305602528,-79.9745587264,3.0,South Side Flats,16.0,15203.0,Issued,42003160900,42003160900,42003160900,38300,"Pittsburgh, PA",4.0,4,42003160900
27755492,BP-2021-18142,BUILDING,EASTSIDE LIMITED PARTNERSHIP III,Franjo Construction ,"The first Tenant fit-out of existing core and shell space. Landlord work scope, including walls, floors, ceilings, electrical, mechanical are being completed (No Occ) prior to this fit-out permit. Refer to permit BP-2021-17714.",NEW CONSTRUCTION,Commercial,80000.0,2022-07-01,0084C00055000000,"6226 PENN AVE, Pittsburgh, PA 15206-",40.460015708,-79.9231934238,8.0,Shadyside,7.0,15206.0,Completed,42003070800,42003070800,42003070800,38300,"Pittsburgh, PA",2.9,3,42003070800
27755515,BP-2021-18275,BUILDING,RIDC LTC 48,Franjo Construction ,Tenant fit-out to new phased core and shell building. A small portion of the first floor had been previously fit-out. The remaining portion to be reconfigured for the new use. New second floor areas being constructed above the center portion of the space.,NEW CONSTRUCTION,Commercial,899550.0,2022-01-19,0080K00090000000,"113 47TH ST, Pittsburgh, PA 15201-",40.4767268012,-79.9603895986,7.0,Central Lawrenceville,9.0,15201.0,Completed,42003090100,42003090100,42003090100,38300,"Pittsburgh, PA",4.0,4,42003090100
27755590,BP-2021-18694,BUILDING,HUDSON MELWOOD LP,The Hudson Group Inc,CONSTRUCT FOUNDATION AND PORTION OF SUPERSTRUCTURE FOR BELOW GRADE PARKING WITH SITE WORK FOR NEW TEN STORY COMMERCIAL STRUCTURE,NEW CONSTRUCTION,Commercial,150000.0,2022-05-04,0026S00135000000,"419 MELWOOD AVE #1025, Pittsburgh, PA 15213-",40.4546339386,-79.9527528068,6.0,North Oakland,5.0,15213.0,Completed,42003562000,42003562000,42003562000,38300,"Pittsburgh, PA",2.44,2,42003562000
27755591,BP-2021-18698,BUILDING,CREWS DEVELOPMENT LLC,Crews Contracting LLC,CONSTRUCT 3-STORY SINGLE-FAMILY DWELLING WITH INTEGRAL GARAGE & 2ND & 3RD FLR DECKS,NEW CONSTRUCTION,Residential,200000.0,2022-11-28,0009M00376000000,"1703 CLIFF ST, Pittsburgh, PA 15219-",40.4459273192,-79.9869008961,6.0,Crawford-Roberts,3.0,15219.0,Completed,42003030500,42003030500,42003030500,38300,"Pittsburgh, PA",4.0,4,42003030500
27755592,BP-2021-18700,BUILDING,CREWS DEVELOPMENT LLC,Crews Contracting LLC,CONSTRUCT 3-STORY SINGLE-FAMILY DWELLING WITH INTEGRAL GARAGE & 2ND & 3RD FLR DECKS,NEW CONSTRUCTION,Residential,200000.0,2022-11-28,0009M00375000000,"1701 CLIFF ST, Pittsburgh, PA 15219-",40.4458947142,-79.986977421,6.0,Crawford-Roberts,3.0,15219.0,Completed,42003030500,42003030500,42003030500,38300,"Pittsburgh, PA",4.0,4,42003030500
27755613,BP-2021-18838,BUILDING,DUQUESNE UNIVERSITY OF THE HOLY SPIRIT,"Rycon Construction, Inc",Construction of a new six-story building with steel post and beam design and with cast-in-place deep foundations. Building to be non-separated mixed use.,NEW CONSTRUCTION,Commercial,21819095.0,2022-04-08,0002L00042000000,"118 STEVENSON ST, Pittsburgh, PA 15219-",40.4380318427,-79.9874931934,6.0,Bluff,1.0,15219.0,Completed,42003010302,42003010302,42003010302,38300,"Pittsburgh, PA",4.0,4,42003010302
27755735,BP-2021-19544,BUILDING,EASTSIDE LIMITED PARTNERSHIP III,Franjo Construction ,Landlord work to existing core and shell space for future tenant fit-out. Work includes the construction of interior tenant separation walls and extending existing interior corridor to tenant area. A new elevated and enclosed maintenance room is being added above the southeast corner of the space for landlord access to an existing utility shaft.,NEW CONSTRUCTION,Commercial,50000.0,2022-02-24,0084C00055000000,"6226 PENN AVE, Pittsburgh, PA 15206-",40.460015708,-79.9231934238,8.0,Shadyside,7.0,15206.0,Completed,42003070800,42003070800,42003070800,38300,"Pittsburgh, PA",2.9,3,42003070800
27755748,BP-2021-19641,BUILDING,ROSE STREET VENTURES LP,Medco Commercial Mgmt Group Inc,NEW CONSTRUCTION OF AN 2-STORY SINGLE-FAMILY DWELLING WITH REAR DECK,NEW CONSTRUCTION,Residential,150000.0,2022-11-02,0010P00186000000,"2117 ROSE ST, Pittsburgh, PA 15219-",40.4439563935,-79.9773291345,6.0,Middle Hill,5.0,15219.0,Completed,42003050100,42003050100,42003050100,38300,"Pittsburgh, PA",4.0,4,42003050100
27755750,BP-2021-19644,BUILDING,ROSE STREET VENTURES LP,Medco Commercial Mgmt Group Inc,NEW CONSTRUCTION OF AN 2-STORY SINGLE-FAMILY DWELLING WITH REAR DECK,NEW CONSTRUCTION,Residential,150000.0,2022-11-02,0010P00187000000,"2119 ROSE ST, Pittsburgh, PA 15219-",40.4439788867,-79.9772760107,6.0,Middle Hill,5.0,15219.0,Completed,42003050100,42003050100,42003050100,38300,"Pittsburgh, PA",4.0,4,42003050100
27755751,BP-2021-19645,BUILDING,ROSE STREET VENTURES LP,Medco Commercial Mgmt Group Inc,NEW CONSTRUCTION OF A 2-STORY SINGLE-FAMILY DWELLING WITH REAR DECK,NEW CONSTRUCTION,Residential,150000.0,2022-11-02,0010P00188000000,"2121 ROSE ST, Pittsburgh, PA 15219-",40.4440019202,-79.9772230928,6.0,Middle Hill,5.0,15219.0,Completed,42003050100,42003050100,42003050100,38300,"Pittsburgh, PA",4.0,4,42003050100
27755752,BP-2021-19646,BUILDING,ROSE STREET VENTURES LP,Medco Commercial Mgmt Group Inc,NEW CONSTRUCTION OF A 2-STORY SINGLE-FAMILY DWELLING WITH REAR DECK,NEW CONSTRUCTION,Residential,150000.0,2022-11-02,0010P00189000000,"2123 ROSE ST, Pittsburgh, PA 15219-",40.4440258971,-79.9771649275,6.0,Middle Hill,5.0,15219.0,Completed,42003050100,42003050100,42003050100,38300,"Pittsburgh, PA",4.0,4,42003050100
27755753,BP-2021-19647,BUILDING,ROSE STREET VENTURES LP,Medco Commercial Mgmt Group Inc,NEW CONSTRUCTION OF AN A 2-STORY SINGLE-FAMILY DWELLING WITH REAR DECK,NEW CONSTRUCTION,Residential,150000.0,2022-11-03,0010P00190000000,"2125 ROSE ST, Pittsburgh, PA 15219-",40.4440508681,-79.9771075922,6.0,Middle Hill,5.0,15219.0,Completed,42003050100,42003050100,42003050100,38300,"Pittsburgh, PA",4.0,4,42003050100
27755754,BP-2021-19648,BUILDING,ROSE STREET VENTURES LP,Medco Commercial Mgmt Group Inc,NEW CONSTRUCTION OF A 2-STORY SINGLE-FAMILY DWELLING WITH REAR DECK,NEW CONSTRUCTION,Residential,150000.0,2022-11-02,0010P00192000000,"2127 ROSE ST, Pittsburgh, PA 15219-",40.4440734281,-79.977054418,6.0,Middle Hill,5.0,15219.0,Completed,42003050100,42003050100,42003050100,38300,"Pittsburgh, PA",4.0,4,42003050100
27755776,BP-2021-19771,BUILDING,RUTLEDGE LEE J &,Artisan Development Group LLC,CONSTRUCTION OF THREE STORY WOOD FRAMED SINGLE FAMILY DWELLING UNIT WITH INTEGRAL GARAGE,NEW CONSTRUCTION,Residential,550000.0,2022-10-20,0003L00063000000,"1107 FREYBURG ST, Pittsburgh, PA 15203-",40.4267782079,-79.9871443337,3.0,South Side Flats,17.0,15203.0,Completed,42003170200,42003170200,42003170200,38300,"Pittsburgh, PA",4.0,4,42003170200
27755785,BP-2021-19839,BUILDING,BUNCHER COMPANY,"Burns Scalo Development, LLC",FIRST TENANT FIT-OUT AT PARTIAL 3RD FLOOR OF EXISTING STRUCTURE INCLUDING INTERIOR ALTERATIONS AND MODIFICAITON TO 3RD FLOOR STOREFRONT,NEW CONSTRUCTION,Commercial,759793.0,2022-02-03,0009G00170000000,"1447 SMALLMAN ST, Pittsburgh, PA 15222-",40.4486022823,-79.9903585214,1.0,Strip District,2.0,15222.0,Completed,42003020300,42003020300,42003020300,38300,"Pittsburgh, PA",4.0,4,42003020300
27755815,BP-2021-19994,BUILDING,AIASHA PROPERTIES LLC,Good Fellas Contracting,Existing detached garage structure to be demolished and replaced with a new larger two-car detached garage accessory structure. New garage was built without a permit per CF-PLI-2021-041402.,NEW CONSTRUCTION,Residential,1000.0,2022-07-08,0050M00029000000,"241 N AIKEN AVE, Pittsburgh, 15206-",40.466925891,-79.9353350039,9.0,Garfield,10.0,15224.0,Completed,42003101900,42003101900,42003101900,38300,"Pittsburgh, PA",3.97,4,42003101900
27755898,BP-2021-20503,BUILDING,LITTLE SISTERS OF THE POOR,"City of Pittsburgh Permits, Licenses and Inspections",Construct a new one story detached structure to be used as a 5 bus garage.,NEW CONSTRUCTION,Commercial,250000.0,2022-06-16,0114H00250000000,"1020 BENTON AVE, Pittsburgh, PA 15212-",40.4875020859,-80.0346435645,1.0,Brighton Heights,27.0,15212.0,Completed,42003270800,42003270800,42003270800,38300,"Pittsburgh, PA",2.11,2,42003270800
27755914,BP-2021-20601,BUILDING,MTP - 2700 S WATER STREET LLC,"Rycon Construction, Inc",CONSTRUCTION OF FOUNDATIONS ONLY FOR NEW APARTMENT BUILDING WITH INTEGRATED PARKING GARAGE,NEW CONSTRUCTION,Commercial,4200000.0,2022-03-25,0026E00009000000,"2695 SOUTH WATER ST #442, Pittsburgh, PA 15203-",40.4294901026,-79.9658194883,3.0,South Side Flats,16.0,15203.0,Completed,42003160900,42003160900,42003160900,38300,"Pittsburgh, PA",4.0,4,42003160900
27755940,BP-2021-20746,BUILDING,NOONE BERNARD W SR & DEBORAHL (W),Red Line Homes,CONSTRUCTION OF TWO STORY SINGLE FAMILY DWELLING WITH INTEGRAL GARAGE AS WELL AS RETAINING WALLS,NEW CONSTRUCTION,Residential,350000.0,2022-03-14,0131J00060000000,"4316 Bench Way, Pittsburgh, PA 15120-",40.3971673257,-79.9149232798,5.0,New Homestead,31.0,15207.0,Issued,42003565300,42003565300,42003565300,38300,"Pittsburgh, PA",4.0,4,42003565300
27755946,BP-2021-20808,BUILDING,BERLACHER KATHRYN &,Ecocraft Homes Inc,CONSTRUCT NEW 3 STORY MODULAR SINGLE FAMILY DWELLING WITH FRONT PORCH AND REAR DECK OFF OF 1ST FLOOR AND 4' RETAINING WALLS AT FRONT,NEW CONSTRUCTION,Residential,400000.0,2022-05-09,0125R00208000000,"6823 MCPHERSON BLVD, Pittsburgh, PA 15208-",40.4547905004,-79.907127158,9.0,Point Breeze North,14.0,15208.0,Completed,42003140500,42003140500,42003140500,38300,"Pittsburgh, PA",2.13,2,42003140500
27755969,BP-2022-00038,BUILDING,,PHC Construction Inc,CONSTRUCT 3-STORY HOUSE WITH REAR GARAGE & DECK,NEW CONSTRUCTION,Residential,280000.0,2022-03-01,0080P00323000000,"186 HOME ST, Pittsburgh, PA 15201-",40.4737018101,-79.9590181417,7.0,Central Lawrenceville,9.0,15201.0,Completed,42003090100,42003090100,42003090100,38300,"Pittsburgh, PA",4.0,4,42003090100
27755971,BP-2022-00046,BUILDING,,PHC Construction Inc,CONSTRUCT 3-STORY HOUSE WITH REAR GARAGE & DECK,NEW CONSTRUCTION,Residential,280000.0,2022-03-04,0080P00321000000,"188 HOME ST, Pittsburgh, PA 15201-",40.4736644724,-79.9589667723,7.0,Central Lawrenceville,9.0,15201.0,Completed,42003090100,42003090100,42003090100,38300,"Pittsburgh, PA",4.0,4,42003090100
27755972,BP-2022-00047,BUILDING,,PHC Construction Inc,CONSTRUCT 3-STORY HOUSE WITH REAR GARAGE & DECK,NEW CONSTRUCTION,Residential,280000.0,2022-03-02,0080P00319000000,"190 HOME ST, Pittsburgh, PA 15201-",40.473600415,-79.9589111846,7.0,Central Lawrenceville,9.0,15201.0,Completed,42003090100,42003090100,42003090100,38300,"Pittsburgh, PA",4.0,4,42003090100
27755977,BP-2022-00081,BUILDING,PORT AUTHORITY OF ALLEGHENY COUNTY,Plavchak Construction Inc,"CONSTRUCTION OF NEW WALKWAYS, CANOPIES, AND SHELTER STRUCTURES AT EXISTING BUSWAY STOP",NEW CONSTRUCTION,Commercial,1200000.0,2022-03-03,0084J00146000000,"501 SUMMERLEA ST, Pittsburgh, PA 15232-",40.4566114659,-79.9323245695,8.0,Shadyside,7.0,15232.0,Issued,42003070500,42003070500,42003070500,38300,"Pittsburgh, PA",2.74,3,42003070500
27756004,BP-2022-00260,BUILDING,EASTSIDE LIMITED PARTNERSHIP III,Engelke Construction Solutions LLC,INTERIOR ALTERATIONS TO 3062 SF PORTION OF CORE AND SHELL TO CREATE BAR AND RESTAURANT WITH OUTDOOR SEATING IN EXISTING FIVE STORY APARTMENT BUILDING,NEW CONSTRUCTION,Commercial,850000.0,2022-06-15,0084C00055000000,"6226 PENN AVE, Pittsburgh, PA 15206-",40.460015708,-79.9231934238,8.0,Shadyside,7.0,15206.0,Completed,42003070800,42003070800,42003070800,38300,"Pittsburgh, PA",2.9,3,42003070800
27756014,BP-2022-00334,BUILDING,MIDDLE ST LLC,Ian V Baker,NEW ATTACHED 3 STORY SINGLE FAMILY DWELLING WITH 2 CAR GARAGE AND 2ND FLOOR DECK.,NEW CONSTRUCTION,Residential,60000.0,2022-10-20,0024N00011000000,"802 MIDDLE ST, Pittsburgh, PA 15212-",40.4547300774,-79.9992020714,1.0,East Allegheny,23.0,15212.0,Issued,42003563202,42003563202,42003563202,38300,"Pittsburgh, PA",3.99,4,42003563202
27756015,BP-2022-00335,BUILDING,MIDDLE ST LLC,Ian V Baker,NEW ATTACHED 3 STORY SINGLE FAMILY DWELLING WITH 2 CAR GARAGE AND 2ND FLOOR DECK.,NEW CONSTRUCTION,Residential,50000.0,2022-10-20,0024N00009000000,"804 MIDDLE ST, Pittsburgh, PA 15212-",40.4547899422,-79.999220269,1.0,East Allegheny,23.0,15212.0,Issued,42003563202,42003563202,42003563202,38300,"Pittsburgh, PA",3.99,4,42003563202
27756053,BP-2022-00647,BUILDING,NORTH SHORE X APARTMENTS LLC,"Continental Building Company II, LLC",CONSTRUCT FOUNDATION AND PORTION OF SUPERSTRUCTURE FOR PODUIM STRUCTURE WITH SITE WORK FOR NEW SIX STORY COMMERCIAL STRUCTURE,NEW CONSTRUCTION,Commercial,1040000.0,2022-04-25,0008K00035000000,"220 NORTH SHORE DR #628, Pittsburgh, PA 15212-",40.4468565587,-80.0080661064,6.0,North Shore,22.0,15212.0,Completed,42003981200,42003981200,42003981200,38300,"Pittsburgh, PA",4.0,4,42003981200
27756063,BP-2022-00720,BUILDING,THREE CROSSINGS 2.0-D/E LP,"Rycon Construction, Inc",INTERIOR ALTERATIONS TO 6140 SF OF EXISTING CORE AND SHELL SPACE TO CREATE NEW FITNESS CENTER,NEW CONSTRUCTION,Commercial,500000.0,2022-04-29,0025F00290000000,"2865 RAILROAD ST #301, Pittsburgh, PA 15222-",40.459215123,-79.9765905494,1.0,Strip District,6.0,15222.0,Completed,42003020300,42003020300,42003020300,38300,"Pittsburgh, PA",4.0,4,42003020300
27756104,BP-2022-00982,BUILDING,NORTH SHORE X APARTMENTS LLC,"Continental Building Company II, LLC",CONSTRUCT 6-STORY BUILDING,NEW CONSTRUCTION,Commercial,13000000.0,2022-08-15,0008K00035000000,"220 NORTH SHORE DR #628, Pittsburgh, PA 15212-",40.4468565587,-80.0080661064,6.0,North Shore,22.0,15212.0,Completed,42003981200,42003981200,42003981200,38300,"Pittsburgh, PA",4.0,4,42003981200
27756122,BP-2022-01095,BUILDING,44TH & SUMMIT DEVELOPMENT LLC,Continuum CM LLC,CONSTRUCT 4-STORY HOUSE,NEW CONSTRUCTION,Commercial,150000.0,2022-06-06,0049B00287000000,"233 43RD ST, Pittsburgh, PA 15201-",40.4704397556,-79.9590168681,7.0,Central Lawrenceville,9.0,15201.0,Completed,42003090200,42003090200,42003090200,38300,"Pittsburgh, PA",3.02,3,42003090200
27756123,BP-2022-01097,BUILDING,44TH & SUMMIT DEVELOPMENT LLC,Continuum CM LLC,CONSTRUCT 4-STORY TOWNHOUSE SINGLE FAMILY DWELLING,NEW CONSTRUCTION,Commercial,150000.0,2022-06-06,0049B00287000000,"233 43RD ST, Pittsburgh, PA 15201-",40.4704397556,-79.9590168681,7.0,Central Lawrenceville,9.0,15201.0,Completed,42003090200,42003090200,42003090200,38300,"Pittsburgh, PA",3.02,3,42003090200
27756124,BP-2022-01100,BUILDING,44TH & SUMMIT DEVELOPMENT LLC,Continuum CM LLC,CONSTRUCT 4-STORY TOWNHOUSE,NEW CONSTRUCTION,Commercial,150000.0,2022-06-06,0049B00287000000,"233 43RD ST, Pittsburgh, PA 15201-",40.4704397556,-79.9590168681,7.0,Central Lawrenceville,9.0,15201.0,Completed,42003090200,42003090200,42003090200,38300,"Pittsburgh, PA",3.02,3,42003090200
27756125,BP-2022-01101,BUILDING,44TH & SUMMIT DEVELOPMENT LLC,"EKO2 Development, LLC",CONSTRUCT 4-STORY TOWNHOUSE SINGLE FAMILY DWELLING,NEW CONSTRUCTION,Commercial,150000.0,2022-06-06,0049B00287000000,"233 43RD ST, Pittsburgh, PA 15201-",40.4704397556,-79.9590168681,7.0,Central Lawrenceville,9.0,15201.0,Completed,42003090200,42003090200,42003090200,38300,"Pittsburgh, PA",3.02,3,42003090200
27756127,BP-2022-01103,BUILDING,44TH & SUMMIT DEVELOPMENT LLC,Continuum CM LLC,CONSTRUCTION OF A 4-STORY TOWNHOUSE IN A ROW OF 4 TOWNHOUSES INCLUDING PRIVATE GARAGE ON FIRST FLOOR,NEW CONSTRUCTION,Commercial,150000.0,2022-06-06,0049B00287000000,"233 43RD ST, Pittsburgh, PA 15201-",40.4704397556,-79.9590168681,7.0,Central Lawrenceville,9.0,15201.0,Completed,42003090200,42003090200,42003090200,38300,"Pittsburgh, PA",3.02,3,42003090200
27756128,BP-2022-01104,BUILDING,44TH & SUMMIT DEVELOPMENT LLC,Continuum CM LLC,CONSTRUCTION OF A 4-STORY TOWNHOUSE IN A ROW OF 4 TOWNHOUSES INCLUDING PRIVATE GARAGE ON FIRST FLOOR,NEW CONSTRUCTION,Commercial,150000.0,2022-06-06,0049B00287000000,"233 43RD ST, Pittsburgh, PA 15201-",40.4704397556,-79.9590168681,7.0,Central Lawrenceville,9.0,15201.0,Completed,42003090200,42003090200,42003090200,38300,"Pittsburgh, PA",3.02,3,42003090200
27756130,BP-2022-01106,BUILDING,44TH & SUMMIT DEVELOPMENT LLC,Continuum CM LLC,CONSTRUCTION OF A 4-STORY TOWNHOUSE IN A ROW OF 4 TOWNHOUSES INCLUDING PRIVATE GARAGE ON FIRST FLOOR,NEW CONSTRUCTION,Commercial,150000.0,2022-06-06,0049B00287000000,"233 43RD ST, Pittsburgh, PA 15201-",40.4704397556,-79.9590168681,7.0,Central Lawrenceville,9.0,15201.0,Completed,42003090200,42003090200,42003090200,38300,"Pittsburgh, PA",3.02,3,42003090200
27756131,BP-2022-01107,BUILDING,44TH & SUMMIT DEVELOPMENT LLC,Continuum CM LLC,CONSTRUCTION OF A 4-STORY TOWNHOUSE IN A ROW OF 4 TOWNHOUSES INCLUDING PRIVATE GARAGE ON FIRST FLOOR,NEW CONSTRUCTION,Commercial,150000.0,2022-06-06,0049B00287000000,"233 43RD ST, Pittsburgh, PA 15201-",40.4704397556,-79.9590168681,7.0,Central Lawrenceville,9.0,15201.0,Completed,42003090200,42003090200,42003090200,38300,"Pittsburgh, PA",3.02,3,42003090200
27756205,BP-2022-01601,BUILDING,,Andrew & Co. Design + Build LLC,"CONSTRUCTION OF 3 STORY, WOOD FRAMED, SINGLE-FAMILY DWELLING WITH 3RD FLOOR ROOF-TOP DECK",NEW CONSTRUCTION,Residential,200000.0,2023-01-20,0050M00165000A00,"5400 KINCAID ST, Pittsburgh, PA 15206-",40.4661233307,-79.9353857185,9.0,Garfield,11.0,15206.0,Completed,42003111400,42003111400,42003111400,38300,"Pittsburgh, PA",2.66,3,42003111400
27756222,BP-2022-01676,BUILDING,,"Parry Custom Homes, Inc",CONSTRUCTION OF NEW TWO STORY SINGLE FAMILY DWELLING WITH TWO CAR INTEGRAL GARAGE,NEW CONSTRUCTION,Residential,402426.0,2022-04-19,0184N00274000000,"5720 LAUDER ST, Pittsburgh, PA 15207-",40.3663667031,-79.9147643054,5.0,Lincoln Place,31.0,15207.0,Completed,42003310200,42003310200,42003310200,38300,"Pittsburgh, PA",3.5,4,42003310200
27756246,BP-2022-01896,BUILDING,,PHC Construction Inc,NEW CONSTRUCTION OF 3 STORY HOUSE WITH 3RD FLOOR DECK AT REAR,NEW CONSTRUCTION,Residential,260000.0,2022-02-24,0082M00187000000,"5816 BRYANT ST, Pittsburgh, PA 15206-",40.4756955256,-79.9201679188,7.0,Highland Park,11.0,15206.0,Completed,42003110200,42003110200,42003110200,38300,"Pittsburgh, PA",1.63,1,42003110200
27756290,BP-2022-02152,BUILDING,23RR ASSOCIATES LLC,"Rycon Construction, Inc",Interior fit-out of core and shell space. First fit-out of area.,NEW CONSTRUCTION,Commercial,110000.0,2022-04-13,0024S00072000000,"2239 RAILROAD ST, Pittsburgh, 15222-",40.4544230904,-79.9838339608,1.0,Strip District,2.0,15222.0,Completed,42003020300,42003020300,42003020300,38300,"Pittsburgh, PA",4.0,4,42003020300
27756326,BP-2022-02311,BUILDING,MTP - 2700 S WATER STREET LLC,"Rycon Construction, Inc","PHASED CONSTRUCTION OF NEW APARTMENT SUPERSTRUCTURE, CORE, SHELL, AND FIT-OUT WITH INTEGRATED PARKING GARAGE",NEW CONSTRUCTION,Commercial,37000000.0,2022-06-21,0026E00009000000,"2695 SOUTH WATER ST #442, Pittsburgh, PA 15203-",40.4294901026,-79.9658194883,3.0,South Side Flats,16.0,15203.0,Completed,42003160900,42003160900,42003160900,38300,"Pittsburgh, PA",4.0,4,42003160900
27756351,BP-2022-02464,BUILDING,TOGETHER BETTER LLC,Shadyside Nursery LLC,CONSTRUCTION OF NEW OPEN SIDED PAVILLION IN SIDEYARD WITH CONCRETE ACCESS WALKWAY,NEW CONSTRUCTION,Commercial,10000.0,2022-04-04,0050K00349000000,"5113 PENN AVE, Pittsburgh, 15224-",40.4651185384,-79.9422593576,9.0,Garfield,10.0,15224.0,Completed,42003101900,42003101900,42003101900,38300,"Pittsburgh, PA",3.97,4,42003101900
27756370,BP-2022-02580,BUILDING,BUNCHER COMPANY,"Burns Scalo Development, LLC",First fit-out of vacant core and shell space as a conference room and pre-function waiting area adjacent to previously approved office space. Viewed as B use due to Occ load (SMALL ASSEMBLY SPACE),NEW CONSTRUCTION,Commercial,45200.0,2022-08-18,0009G00170000000,"1447 SMALLMAN ST, Pittsburgh, PA 15222-",40.4486022823,-79.9903585214,1.0,Strip District,2.0,15222.0,Completed,42003020300,42003020300,42003020300,38300,"Pittsburgh, PA",4.0,4,42003020300
27756372,BP-2022-02600,BUILDING,CHAN REAL ESTATE LP,DK Project Building LLC,Construction of a new detached car garage structure accessory to a single family dwelling,NEW CONSTRUCTION,Residential,150000.0,2022-05-20,0119S00014000000,"5409 KEYSTONE ST, Pittsburgh, 15201-",40.4821458016,-79.9496344299,7.0,Upper Lawrenceville,10.0,15201.0,Completed,42003101100,42003101100,42003101100,38300,"Pittsburgh, PA",3.32,4,42003101100
27756373,BP-2022-02601,BUILDING,CHAN REAL ESTATE LP,DK Project Building LLC,Construction of a new detached car garage structure accessory to a single family dwelling,NEW CONSTRUCTION,Residential,10000.0,2022-05-20,0119S00015000000,"5407 KEYSTONE ST, Pittsburgh, PA 15201-",40.4821131403,-79.9496926629,7.0,Upper Lawrenceville,10.0,15201.0,Completed,42003101100,42003101100,42003101100,38300,"Pittsburgh, PA",3.32,4,42003101100
27756442,BP-2022-03031,BUILDING,TCB EAST LIBERTY SOUTH COMMERCIAL,G6 Builders LLC,FIT OUT OF TENANT SPACE AS A BAKERY,NEW CONSTRUCTION,Commercial,200000.0,2023-07-20,0084B00173000C00,"5818 PENN AVE, Pittsburgh, PA 15206-",40.4621549752,-79.9275565313,9.0,East Liberty,8.0,15206.0,Completed,42003111500,42003111500,42003111500,38300,"Pittsburgh, PA",3.87,4,42003111500
27756467,BP-2022-03216,BUILDING,5255 LAWRENCEVILLE LUX HOME LLC,JBK Properties,CONSTRUCTION OF NEW THREE STORY SINGLE FAMILY DWELLING WITH INTEGRAL SINGLE CAR GARAGE ON VACANT LOT,NEW CONSTRUCTION,Residential,350000.0,2022-09-16,0080H00234000000,"5255 WICKLIFF ST, Pittsburgh, PA 15201-",40.4792633209,-79.9495848222,7.0,Upper Lawrenceville,10.0,15201.0,Issued,42003101100,42003101100,42003101100,38300,"Pittsburgh, PA",3.32,4,42003101100
27756481,BP-2022-03296,BUILDING,PENNLEY PARK SOUTH INC,P.J. Dick Incorporated,INITIAL TENANT FIT-OUT OF THIRD FLOOR OFFICE SPACE,NEW CONSTRUCTION,Commercial,0.0,2022-03-09,0083N00125000000,"141 S SAINT CLAIR ST #601, Pittsburgh, PA 15206-",40.4623681682,-79.9296214621,9.0,East Liberty,8.0,15206.0,Completed,42003111500,42003111500,42003111500,38300,"Pittsburgh, PA",3.87,4,42003111500
27756545,BP-2022-03687,BUILDING,HUDSON MELWOOD LP,The Hudson Group Inc,CONSTRUCT NEW TEN STORY APARTMENT BUILDING WITH BELOW GRADE GARAGE,NEW CONSTRUCTION,Commercial,15000000.0,2022-06-28,0026S00135000000,"419 MELWOOD AVE #1025, Pittsburgh, PA 15213-",40.4546339386,-79.9527528068,6.0,North Oakland,5.0,15213.0,Completed,42003562000,42003562000,42003562000,38300,"Pittsburgh, PA",2.44,2,42003562000
27756587,BP-2022-03928,BUILDING,BUNCHER COMPANY,"Burchick Construction Company, Inc.","INTERIOR ALTERATIONS TO 1ST, 2ND AND 3RD FLOOR INCLUDING FIRST INTERIOR FIT-OUT OF 2ND FLOOR OFFICE AND MODIFICATIONS TO ROOF FOR NEW EQUPIMENT",NEW CONSTRUCTION,Commercial,1800000.0,2022-08-11,0009G00160000000,"131 15TH ST, Pittsburgh, PA 15222-",40.4493658629,-79.9892654826,1.0,Strip District,2.0,15222.0,Completed,42003020300,42003020300,42003020300,38300,"Pittsburgh, PA",4.0,4,42003020300
27756670,BP-2022-04393,BUILDING,TCB EAST LIBERTY SOUTH COMMERCIAL,Nelcon Inc,CORE AND SHELL ENCLOSURE TO CREATE SPACE FOR FUTURE USE INCLUDING SIDEWALK AND CURB AT FIRST FLOOR OF A 4-STORY STRUCTURE,NEW CONSTRUCTION,Commercial,226688.0,2022-07-15,0084B00173000C00,"5818 PENN AVE, Pittsburgh, PA 15206-",40.4621549752,-79.9275565313,9.0,East Liberty,8.0,15206.0,Completed,42003111500,42003111500,42003111500,38300,"Pittsburgh, PA",3.87,4,42003111500
27756739,BP-2022-04877,BUILDING,A2 HOLDINGS LLC,A-1 Realty Inc,"REPLACING EXPIRED PERMIT 14-B-01227 (CORE AND SHELL) AS WELL AS THE FIT-OUT OF BUILDING WITH MERCANTILE ON 1ST FLR & APARTMENTS ON FLRS 2-3, INCLUDES THE COMPLETION OF THE BUILDING SHELL",NEW CONSTRUCTION,Commercial,465000.0,2022-06-15,0049N00004000000,"3529 BUTLER ST, Pittsburgh, 15201-",40.4648548899,-79.966016625,7.0,Lower Lawrenceville,6.0,15201.0,Completed,42003060300,42003060300,42003060300,38300,"Pittsburgh, PA",3.37,4,42003060300
27756750,BP-2022-04929,BUILDING,YOUNG BRANDON,,NEW CONSTRUCTION OF TWO-STORY SINGLE FAMILY DWELLING  WITH TWO CAR INTEGRAL GARAGE AT FRONT AND FIRST FLOOR DECK AT REAR,NEW CONSTRUCTION,Residential,175000.0,2022-06-01,0006R00123000000,"475 WYOLA ST, Pittsburgh, PA 15211-",40.4341865501,-80.0235786583,2.0,Duquesne Heights,19.0,15211.0,Application Finalization,42003191100,42003191100,42003191100,38300,"Pittsburgh, PA",3.42,4,42003191100
27756782,BP-2022-05097,BUILDING,,BOO-06 LLC,"CONSTRUCT 2-STORY HOUSE WITH BASEMENT, SIDE PORCH & REAR DECKS",NEW CONSTRUCTION,Residential,100000.0,2023-07-12,0019F00056000000,"800 HERSCHEL ST, Pittsburgh, PA 15220-",40.4403859065,-80.0428134875,2.0,Elliott,20.0,15220.0,Completed,42003562600,42003562600,42003562600,38300,"Pittsburgh, PA",3.43,4,42003562600
27756805,BP-2022-05216,BUILDING,BUNCHER COMPANY,P2 Contracting LLC,"New Construction to fit out an assembly space (restaurant and mini golf) in two floors of the structure. in addition to interior fit out, work includes new exterior doors.",NEW CONSTRUCTION,Commercial,1500000.0,2022-07-28,0009G00170000000,"1447 SMALLMAN ST, Pittsburgh, PA 15222-",40.4486022823,-79.9903585214,1.0,Strip District,2.0,15222.0,Completed,42003020300,42003020300,42003020300,38300,"Pittsburgh, PA",4.0,4,42003020300
27756811,BP-2022-05262,BUILDING,LNR DEVELOPMENT LLC,Burch Home Improvement LLC,CONSTRUCTION OF NEW SINGLE FAMILY ATTACHED DWELLING WITH BALCONY GARAGE AND ROOFTOP DECK.,NEW CONSTRUCTION,Residential,175500.0,2022-07-26,0012F00260000000,"2135 WHARTON ST, Pittsburgh, PA 15203-",40.4303995657,-79.9746456155,3.0,South Side Flats,16.0,15203.0,Issued,42003160900,42003160900,42003160900,38300,"Pittsburgh, PA",4.0,4,42003160900
27756822,BP-2022-05312,BUILDING,LNR DEVELOPMENT LLC,Burch Home Improvement LLC,CONSTRUCTION OF NEW SINGLE FAMILY ATTACHED DWELLING WITH BALCONY GARAGE AND ROOFTOP DECK.,NEW CONSTRUCTION,Residential,175500.0,2022-07-26,0012F00250000000,"2132 MERRIMAN Way, Pittsburgh, PA 15203-",40.4305683074,-79.9747073957,3.0,South Side Flats,16.0,15203.0,Issued,42003160900,42003160900,42003160900,38300,"Pittsburgh, PA",4.0,4,42003160900
27756823,BP-2022-05314,BUILDING,LNR DEVELOPMENT LLC,Burch Home Improvement LLC,CONSTRUCTION OF NEW SINGLE FAMILY ATTACHED DWELLING WITH BALCONY GARAGE AND ROOFTOP DECK.,NEW CONSTRUCTION,Residential,175500.0,2022-07-26,0012F00259000000,"2133 WHARTON ST, Pittsburgh, PA 15203-",40.4304038427,-79.974722612,3.0,South Side Flats,16.0,15203.0,Issued,42003160900,42003160900,42003160900,38300,"Pittsburgh, PA",4.0,4,42003160900
27756824,BP-2022-05316,BUILDING,LNR DEVELOPMENT LLC,Burch Home Improvement LLC,CONSTRUCTION OF NEW 3-STORY SINGLE FAMILY ATTACHED DWELLING WITH BALCONY GARAGE AND ROOFTOP DECK,NEW CONSTRUCTION,Residential,175500.0,2022-07-26,0012F00251000000,"2134 MERRIMAN Way, Pittsburgh, PA 15203-",40.4305640113,-79.9746304496,3.0,South Side Flats,16.0,15203.0,Issued,42003160900,42003160900,42003160900,38300,"Pittsburgh, PA",4.0,4,42003160900
27756827,BP-2022-05319,BUILDING,LNR DEVELOPMENT LLC,Burch Home Improvement LLC,CONSTRUCTION OF NEW 3-STORY SINGLE FAMILY ATTACHED DWELLING WITH BALCONY GARAGE AND ROOFTOP DECK,NEW CONSTRUCTION,Residential,175500.0,2022-07-26,0012F00258000000,"2131 WHARTON ST, Pittsburgh, PA 15203-",40.4304079251,-79.9747996016,3.0,South Side Flats,16.0,15203.0,Issued,42003160900,42003160900,42003160900,38300,"Pittsburgh, PA",4.0,4,42003160900
27756828,BP-2022-05321,BUILDING,LNR DEVELOPMENT LLC,Burch Home Improvement LLC,CONSTRUCTION OF NEW SINGLE FAMILY ATTACHED DWELLING WITH BALCONY GARAGE AND ROOFTOP DECK.,NEW CONSTRUCTION,Residential,175500.0,2022-07-26,0012F00249000000,"2130 MERRIMAN Way, Pittsburgh, PA 15203-",40.4305723244,-79.9747843234,3.0,South Side Flats,16.0,15203.0,Issued,42003160900,42003160900,42003160900,38300,"Pittsburgh, PA",4.0,4,42003160900
27756863,BP-2022-05489,BUILDING,URBAN REDEVELOPMENT AUTHORITY OFPITTSBURGH,John Zottola Landscaping Inc,"NEW PARK INCLUDING CONSTRUCTION OF PAVILLIONS, ARBORS, AND SEATING",NEW CONSTRUCTION,Commercial,356000.0,2022-06-28,0088M00200000000,"1614 PARKVIEW BLVD, Pittsburgh, PA 15217-",40.4170787472,-79.9188369644,5.0,Squirrel Hill South,15.0,15217.0,Completed,42003141400,42003141400,42003141400,38300,"Pittsburgh, PA",2.0,2,42003141400
27756879,BP-2022-05584,BUILDING,ALLEGHENY COUNTY SANITARY AUTHORITY,"Kokosing Industrial, Inc",CONCTRUCTION OF NEW BUILDING FOR CHEMICAL STORAGE,NEW CONSTRUCTION,Commercial,1508090.0,2023-05-18,0075K00060000000,"3300 PREBLE AVE #420, Pittsburgh, PA 15233-",40.4748309616,-80.0430510996,2.0,Marshall-Shadeland,27.0,15233.0,Issued,42003980900,42003980900,42003980900,38300,"Pittsburgh, PA",3.93,4,42003980900
27756918,BP-2022-05871,BUILDING,CITY OF PITTSBURGH,"Clark Contractors, Inc.","CONSTRUCTION OF NEW PARK SHELTER WITH INTEGRAL FAMILY RESTROOM, PATHS, PLAY EQUIPMENT, AND SPRAY PARK",NEW CONSTRUCTION,Commercial,367600.0,2023-01-06,0049K00061000000,"254 40TH ST, Pittsburgh, PA 15201-",40.466660821,-79.9611658858,7.0,Lower Lawrenceville,6.0,15201.0,Issued,42003060300,42003060300,42003060300,38300,"Pittsburgh, PA",3.37,4,42003060300
27756937,BP-2022-06015,BUILDING,BRD OF EDUCATION OF THE SCHL DISTRICT OF PGH PA,"Playgrounds Etc, LLC",CONSTRUCTION OF NEW ACCESSORY PLAYGROUND AND REPLACEMENT OF SURROUNDING PLAYGROUND SURFACE,NEW CONSTRUCTION,Commercial,79711.0,2022-07-07,0083H00189000000,"6200 STANTON AVE, Pittsburgh, PA 15206-",40.4682507936,-79.9173673157,7.0,East Liberty,11.0,15206.0,Completed,42003111300,42003111300,42003111300,38300,"Pittsburgh, PA",2.51,3,42003111300
27757012,BP-2022-06370,BUILDING,JP MORGAN CHASE BANK NA,A. Martini & Co Inc,"CONSTRUCT A 1-STORY BANK WITH SURFACE PARKING & DUMPSTER ENCLOSURE
ONE STORY STRUCTURE 3,075 SQ FT AS CHASE BANK, DUMPSTER WITH 6' TALL ENCLOSURE, 11 STALL SURFACE PARKING LOT (10 STANDARD AND 1 ACCESSIBLE), AND ONE LOADING SPACE AT REAR & ENTRANCE CANOPY.",NEW CONSTRUCTION,Commercial,1600000.0,2022-11-01,0084C00046000000,"6100 PENN AVE, Pittsburgh, 15206-",40.4605922849,-79.9238505444,9.0,East Liberty,8.0,15206.0,Completed,42003111500,42003111500,42003111500,38300,"Pittsburgh, PA",3.87,4,42003111500
27757135,BP-2022-07002,BUILDING,PEARL STREET TOWNHOMES LP,Residential Development & Construction Inc,NEW 4 STORY SINGLE FAMILY DWELLING WITH A INTEGRAL GARAGE & DECK ON SIDE & REAR OFF OF FIRST FLOOR & ROOFTOP DECK.,NEW CONSTRUCTION,Commercial,239574.0,2023-05-26,0050N00270000000,"202 PEARL ST, Pittsburgh, PA 15224-",40.463482864,-79.94911778,7.0,Bloomfield,9.0,15224.0,Completed,42003090300,42003090300,42003090300,38300,"Pittsburgh, PA",3.0,3,42003090300
27757136,BP-2022-07003,BUILDING,PEARL STREET TOWNHOMES LP,Residential Development & Construction Inc,NEW 4 STORY SINGLE FAMILY DWELLING WITH A INTEGRAL GARAGE & DECK AT REAR OFF OF FIRST FLOOR & ROOFTOP DECK.,NEW CONSTRUCTION,Commercial,239574.0,2023-05-26,0050N00272000000,"204 PEARL ST, Pittsburgh, PA 15224-",40.4634147375,-79.9491820242,7.0,Bloomfield,9.0,15224.0,Completed,42003090300,42003090300,42003090300,38300,"Pittsburgh, PA",3.0,3,42003090300
27757137,BP-2022-07005,BUILDING,PEARL STREET TOWNHOMES LP,Residential Development & Construction Inc,NEW 4 STORY SINGLE FAMILY DWELLING WITH A INTEGRAL GARAGE & DECK AT REAR OFF OF FIRST FLOOR & ROOFTOP DECK.,NEW CONSTRUCTION,Commercial,239574.0,2023-05-26,0050N00274000000,"206 PEARL ST, Pittsburgh, PA 15224-",40.4633696546,-79.9492244621,7.0,Bloomfield,9.0,15224.0,Completed,42003090300,42003090300,42003090300,38300,"Pittsburgh, PA",3.0,3,42003090300
27757138,BP-2022-07006,BUILDING,PEARL STREET TOWNHOMES LP,Residential Development & Construction Inc,NEW 4 STORY SINGLE FAMILY DWELLING WITH A INTEGRAL GARAGE & DECK AT REAR OFF OF FIRST FLOOR & ROOFTOP DECK.,NEW CONSTRUCTION,Commercial,239574.0,2023-05-26,0050N00276000000,"208 PEARL ST, Pittsburgh, PA 15224-",40.4633244597,-79.9492671592,7.0,Bloomfield,9.0,15224.0,Completed,42003090300,42003090300,42003090300,38300,"Pittsburgh, PA",3.0,3,42003090300
27757139,BP-2022-07007,BUILDING,PEARL STREET TOWNHOMES LP,Residential Development & Construction Inc,NEW 4 STORY SINGLE FAMILY DWELLING WITH A INTEGRAL GARAGE & DECK ON SIDE & REAR OFF OF FIRST FLOOR & ROOFTOP DECK.,NEW CONSTRUCTION,Commercial,239574.0,2023-05-26,0050N00278000000,"210 PEARL ST, Pittsburgh, PA 15224-",40.4632755987,-79.9493131384,7.0,Bloomfield,9.0,15224.0,Completed,42003090300,42003090300,42003090300,38300,"Pittsburgh, PA",3.0,3,42003090300
27757153,BP-2022-07061,BUILDING,DSSL LLC,DiMarco Construction Co Inc,NEW AUTOMATED CAR WASH WITH ASSOCIATED OFFICE AND TOILET ROOM,NEW CONSTRUCTION,Commercial,475000.0,2022-10-25,0051N00133000000,"4828 BAUM BLVD, Pittsburgh, PA 15213-",40.4541811589,-79.9470039009,7.0,Bloomfield,8.0,15213.0,Completed,42003080400,42003080400,42003080400,38300,"Pittsburgh, PA",2.98,3,42003080400
27757182,BP-2022-07248,BUILDING,EAST LIBERTY SOUTH LIMITED PARTNERSHIP,Nelcon Inc,SHELL ENCLOSURE TO CREATE SPACE FOR FUTURE USE INCLUDING ACCESSIBLE RAMP AND SIDEWALK CONSTRUCTION AT FIRST FLOOR OF A 4-STORY STRUCTURE,NEW CONSTRUCTION,Commercial,197120.0,2022-07-15,0084B00173000A00,"5836 PENN AVE, Pittsburgh, PA 15206-",40.461964021,-79.9272171325,9.0,East Liberty,8.0,15206.0,Completed,42003111500,42003111500,42003111500,38300,"Pittsburgh, PA",3.87,4,42003111500
27757185,BP-2022-07255,BUILDING,EAST LIBERTY SOUTH LIMITED PARTNERSHIP,Nelcon Inc,CORE AND SHELL ENCLOSURE TO CREATE SPACE FOR FUTURE USE INCLUDING SIDEWALK CONSTRUCTION AT FIRST FLOOR OF A 4-STORY STRUCTURE,NEW CONSTRUCTION,Commercial,223916.0,2022-07-15,0084B00173000000,"5836 PENN AVE, Pittsburgh, PA 15206-",40.4620321579,-79.9275121138,9.0,East Liberty,8.0,15206.0,Completed,42003111500,42003111500,42003111500,38300,"Pittsburgh, PA",3.87,4,42003111500
27757186,BP-2022-07257,BUILDING,EAST LIBERTY SOUTH LIMITED PARTNERSHIP,Nelcon Inc,CORE AND SHELL ENCLOSURE TO CREATE SPACE FOR FUTURE USE INCLUDING SIDEWALK CONSTRUCTION AT FIRST FLOOR OF A 4-STORY STRUCTURE,NEW CONSTRUCTION,Commercial,92400.0,2022-07-15,0084B00173000000,"5836 PENN AVE, Pittsburgh, PA 15206-",40.4620321579,-79.9275121138,9.0,East Liberty,8.0,15206.0,Completed,42003111500,42003111500,42003111500,38300,"Pittsburgh, PA",3.87,4,42003111500
27757187,BP-2022-07262,BUILDING,EAST LIBERTY SOUTH LIMITED PARTNERSHIP,Nelcon Inc,CORE AND SHELL ENCLOSURE TO CREATE SPACE FOR FUTURE USE INCLUDING SIDEWALK CONSTRUCTION AT FIRST FLOOR OF A 4-STORY STRUCTURE,NEW CONSTRUCTION,Commercial,108416.0,2022-07-15,0084B00173000000,"5836 PENN AVE, Pittsburgh, PA 15206-",40.4620321579,-79.9275121138,9.0,East Liberty,8.0,15206.0,Completed,42003111500,42003111500,42003111500,38300,"Pittsburgh, PA",3.87,4,42003111500
27757201,BP-2022-07328,BUILDING,1202 GRANDVIEW ASSOCIATES LLC,"Matcon Diamond, Inc.",PHASED CONSTRUCTION BUILD OUT INTERIOR FOR 3 STORY SINGLE FAMILY DWELLING.,NEW CONSTRUCTION,Residential,645000.0,2022-06-07,0006M00008000000,"1204 GRANDVIEW AVE, Pittsburgh, PA 15211-",40.4380203797,-80.0182329518,2.0,Mount Washington,19.0,15219.0,Completed,42003190300,42003190300,42003190300,38300,"Pittsburgh, PA",3.14,3,42003190300
27757204,BP-2022-07337,BUILDING,,Donald Lodge,"NEW THREE STORY SINGLE-FAMILY (DETACHED) DWELLING WITH TWO CAR INTEGRAL GARAGE IN FRONT, AND 6' TALL PRIVACY FENCE ON SOUTHERLY SIDE, 24' X 12'-4"" ROOFTOP DECK ON FOURTH FLOOR, AND 4' X 12'.3"" BALCONY ON SECOND FLOOR.",NEW CONSTRUCTION,Residential,200000.0,2025-11-21,0080N00115000000,"108 43RD HALF ST, Pittsburgh, PA 15201-",40.4730665225,-79.9629091703,7.0,Central Lawrenceville,9.0,15201.0,Issued,42003090100,42003090100,42003090100,38300,"Pittsburgh, PA",4.0,4,42003090100
27757208,BP-2022-07376,BUILDING,SOJOURNER HOUSE MOMS,"Arcon Contracting, Inc",CONSTRUCT A NEW PAVILLION WITH CONCRETE PAD AND WALK,NEW CONSTRUCTION,Commercial,40000.0,2022-09-02,0083E00054000000,"5529 BLACK ST, Pittsburgh, PA 15206-",40.4695591469,-79.928855227,9.0,East Liberty,11.0,15206.0,Issued,42003111300,42003111300,42003111300,38300,"Pittsburgh, PA",2.51,3,42003111300
27757244,BP-2022-07587,BUILDING,CITY OF BRIDGES CLT,Shape Development Group LLC,Construct a new attached 2 stories single family dwelling with a front porch and a rear deck,NEW CONSTRUCTION,Residential,407196.0,2023-07-28,0056F00331000000,"4824 CHATSWORTH AVE, Pittsburgh, PA 15207-",40.4108008258,-79.9436836274,5.0,Hazelwood,15.0,15207.0,Completed,42003562300,42003562300,42003562300,38300,"Pittsburgh, PA",3.44,4,42003562300
27757245,BP-2022-07588,BUILDING,CITY OF BRIDGES CLT,Shape Development Group LLC,Construct a new attached 2 stories single family dwelling with a front porch and a rear deck,NEW CONSTRUCTION,Residential,407196.0,2023-07-28,0056F00330000000,"4826 CHATSWORTH AVE, Pittsburgh, PA 15207-",40.4107375589,-79.9436498786,5.0,Hazelwood,15.0,15207.0,Completed,42003562300,42003562300,42003562300,38300,"Pittsburgh, PA",3.44,4,42003562300
27757290,BP-2022-07874,BUILDING,BAUM HAUS HOLDINGS LLC,"Rycon Construction, Inc",New construction of an 11-story (9 above-2 below grade) residential highrise. The structure is to be constructed of concrete foundation walls and structural slabs from the sub-cellar (Lowest Parking) to the top of Level 1 and steel framed (Heavy and Light gauge) with precast concrete plank from floors 2 to 9 with interior masonry shaft walls and load-bearing components.,NEW CONSTRUCTION,Commercial,35000000.0,2022-10-21,0051M00020000000,"5546 BAUM BLVD, Pittsburgh, PA 15232-",40.4575610002,-79.9356130256,7.0,Friendship,8.0,15232.0,Issued,42003080700,42003080700,42003080700,38300,"Pittsburgh, PA",3.01,3,42003080700
27757354,BP-2022-08200,BUILDING,CEDARWOOD HOMES HOLDINGS LLC,Mistick Construction Company,CONSTRUCTION OF A 1-STORY TOWNHOUSE WITH A SLAB-ON-GRADE FLOOR & PRE-ENGINEERED TRUSSED ROOF,NEW CONSTRUCTION,Residential,182759.0,2022-12-14,0070E00185000000,"104 CEDARWOOD PL, Pittsburgh, PA 15205-",40.4498994083,-80.0794308566,2.0,Fairywood,28.0,15205.0,Completed,42003563000,42003563000,42003563000,38300,"Pittsburgh, PA",2.29,2,42003563000
27757357,BP-2022-08214,BUILDING,CEDARWOOD HOMES HOLDINGS LLC,Mistick Construction Company,CONSTRUCTION OF A 1-STORY TOWNHOUSE WITH A SLAB-ON-GRADE FLOOR & PRE-ENGINEERED TRUSSED ROOF,NEW CONSTRUCTION,Residential,182759.0,2022-12-14,0070E00185000000,"104 CEDARWOOD PL, Pittsburgh, PA 15205-",40.4498994083,-80.0794308566,2.0,Fairywood,28.0,15205.0,Completed,42003563000,42003563000,42003563000,38300,"Pittsburgh, PA",2.29,2,42003563000
27757358,BP-2022-08215,BUILDING,CEDARWOOD HOMES HOLDINGS LLC,Mistick Construction Company,CONSTRUCTION OF A 1-STORY TOWNHOUSE WITH A SLAB-ON-GRADE FLOOR & PRE-ENGINEERED TRUSSED ROOF,NEW CONSTRUCTION,Residential,182759.0,2022-12-14,0070E00185000000,"104 CEDARWOOD PL, Pittsburgh, PA 15205-",40.4498994083,-80.0794308566,2.0,Fairywood,28.0,15205.0,Completed,42003563000,42003563000,42003563000,38300,"Pittsburgh, PA",2.29,2,42003563000
27757359,BP-2022-08216,BUILDING,CEDARWOOD HOMES HOLDINGS LLC,Mistick Construction Company,CONSTRUCTION OF A 1-STORY TOWNHOUSE WITH A SLAB-ON-GRADE FLOOR & PRE-ENGINEERED TRUSSED ROOF,NEW CONSTRUCTION,Residential,182759.0,2022-12-14,0070E00185000000,"104 CEDARWOOD PL, Pittsburgh, PA 15205-",40.4498994083,-80.0794308566,2.0,Fairywood,28.0,15205.0,Completed,42003563000,42003563000,42003563000,38300,"Pittsburgh, PA",2.29,2,42003563000
27757360,BP-2022-08217,BUILDING,CEDARWOOD HOMES HOLDINGS LLC,Mistick Construction Company,CONSTRUCTION OF A 1-STORY TOWNHOUSE WITH A SLAB-ON-GRADE FLOOR & PRE-ENGINEERED TRUSSED ROOF,NEW CONSTRUCTION,Residential,182759.0,2022-12-14,0070E00185000000,"104 CEDARWOOD PL, Pittsburgh, PA 15205-",40.4498994083,-80.0794308566,2.0,Fairywood,28.0,15205.0,Completed,42003563000,42003563000,42003563000,38300,"Pittsburgh, PA",2.29,2,42003563000
27757361,BP-2022-08218,BUILDING,CEDARWOOD HOMES HOLDINGS LLC,Mistick Construction Company,CONSTRUCTION OF A 1-STORY TOWNHOUSE WITH A SLAB-ON-GRADE FLOOR & PRE-ENGINEERED TRUSSED ROOF,NEW CONSTRUCTION,Residential,182759.0,2022-12-14,0070E00185000000,"104 CEDARWOOD PL, Pittsburgh, PA 15205-",40.4498994083,-80.0794308566,2.0,Fairywood,28.0,15205.0,Completed,42003563000,42003563000,42003563000,38300,"Pittsburgh, PA",2.29,2,42003563000
27757362,BP-2022-08219,BUILDING,CEDARWOOD HOMES HOLDINGS LLC,Mistick Construction Company,CONSTRUCTION OF A 1-STORY TOWNHOUSE WITH A SLAB-ON-GRADE FLOOR & PRE-ENGINEERED TRUSSED ROOF,NEW CONSTRUCTION,Residential,182759.0,2022-12-14,0070E00185000000,"104 CEDARWOOD PL, Pittsburgh, PA 15205-",40.4498994083,-80.0794308566,2.0,Fairywood,28.0,15205.0,Completed,42003563000,42003563000,42003563000,38300,"Pittsburgh, PA",2.29,2,42003563000
27757363,BP-2022-08220,BUILDING,CEDARWOOD HOMES HOLDINGS LLC,Mistick Construction Company,CONSTRUCTION OF A 1-STORY TOWNHOUSE WITH A SLAB-ON-GRADE FLOOR & PRE-ENGINEERED TRUSSED ROOF,NEW CONSTRUCTION,Residential,182759.0,2022-12-14,0070E00185000000,"104 CEDARWOOD PL, Pittsburgh, PA 15205-",40.4498994083,-80.0794308566,2.0,Fairywood,28.0,15205.0,Completed,42003563000,42003563000,42003563000,38300,"Pittsburgh, PA",2.29,2,42003563000
27757364,BP-2022-08221,BUILDING,CEDARWOOD HOMES HOLDINGS LLC,Mistick Construction Company,CONSTRUCTION OF A 1-STORY TOWNHOUSE WITH A SLAB-ON-GRADE FLOOR & PRE-ENGINEERED TRUSSED ROOF,NEW CONSTRUCTION,Residential,182759.0,2022-12-14,0070E00185000000,"104 CEDARWOOD PL, Pittsburgh, PA 15205-",40.4498994083,-80.0794308566,2.0,Fairywood,28.0,15205.0,Completed,42003563000,42003563000,42003563000,38300,"Pittsburgh, PA",2.29,2,42003563000
27757365,BP-2022-08222,BUILDING,CEDARWOOD HOMES HOLDINGS LLC,Mistick Construction Company,CONSTRUCTION OF A 1-STORY TWO-FAMILY DWELLING STRUCTURE WITH A SLAB-ON-GRADE FLOOR & PRE-ENGINEERED TRUSSED ROOF,NEW CONSTRUCTION,Residential,182758.0,2022-12-14,0070E00185000000,"104 CEDARWOOD PL, Pittsburgh, PA 15205-",40.4498994083,-80.0794308566,2.0,Fairywood,28.0,15205.0,Completed,42003563000,42003563000,42003563000,38300,"Pittsburgh, PA",2.29,2,42003563000
27757366,BP-2022-08223,BUILDING,CEDARWOOD HOMES HOLDINGS LLC,Mistick Construction Company,CONSTRUCTION OF A 1-STORY TOWNHOUSE WITH A SLAB-ON-GRADE FLOOR & PRE-ENGINEERED TRUSSED ROOF,NEW CONSTRUCTION,Residential,182759.0,2022-12-14,0070E00185000000,"104 CEDARWOOD PL, Pittsburgh, PA 15205-",40.4498994083,-80.0794308566,2.0,Fairywood,28.0,15205.0,Completed,42003563000,42003563000,42003563000,38300,"Pittsburgh, PA",2.29,2,42003563000
27757367,BP-2022-08224,BUILDING,CEDARWOOD HOMES HOLDINGS LLC,Mistick Construction Company,CONSTRUCTION OF A 1-STORY TOWNHOUSE WITH A SLAB-ON-GRADE FLOOR & PRE-ENGINEERED TRUSSED ROOF,NEW CONSTRUCTION,Residential,182759.0,2022-12-14,0070E00185000000,"104 CEDARWOOD PL, Pittsburgh, PA 15205-",40.4498994083,-80.0794308566,2.0,Fairywood,28.0,15205.0,Completed,42003563000,42003563000,42003563000,38300,"Pittsburgh, PA",2.29,2,42003563000
27757368,BP-2022-08225,BUILDING,CEDARWOOD HOMES HOLDINGS LLC,Mistick Construction Company,"CONSTRUCTION OF A NEW, SINGLE-STORY, WOOD-FRAMED TOWNHOUSE COMMUNITY CENTER STRUCTURE WITH A SLAB-ON-GRADE FLOOR AND MASONRY FROST WALLS. ROOF TO BE FRAMED WITH PRE-ENGINEERED WOOD ROOF TRUSSES.",NEW CONSTRUCTION,Commercial,662901.0,2022-12-14,0070E00375000000,"1862 BROADHEAD FORDING RD, Pittsburgh, PA 15205-",40.4498763913,-80.0809420052,2.0,Fairywood,28.0,15205.0,Completed,42003563000,42003563000,42003563000,38300,"Pittsburgh, PA",2.29,2,42003563000
27757395,BP-2022-08439,BUILDING,STEEL CITY SQUASH SUPPORT CORPORATION,P.J. Dick Incorporated,"CONSTRUCT 19,294 SQ FT 1-STORY WITH MEZZANINE STRUCTURE AND SITE WORK INCLUDING PARKING LOT",NEW CONSTRUCTION,Commercial,3500000.0,2023-01-31,0124K00077000000,"624 LARIMER AVE, Pittsburgh, PA 15206-",40.4661519408,-79.9114649997,9.0,Larimer,12.0,15206.0,Completed,42003120900,42003120900,42003120900,38300,"Pittsburgh, PA",3.84,4,42003120900
27757445,BP-2022-08784,BUILDING,BUNCHER COMPANY,"Burchick Construction Company, Inc.",INTERIOR ALTERATIONS TO 2ND FLOOR OF EXISTING 4-STORY STRUCTURE FOR TEMPORARY USE OF KITCHEN AND BREAK AREA INCLUDING CONSTRUCTION OF TEMPORARY WALLS,NEW CONSTRUCTION,Commercial,200000.0,2022-08-03,0009G00160000000,"131 15TH ST, Pittsburgh, PA 15222-",40.4493658629,-79.9892654826,1.0,Strip District,2.0,15222.0,Revoked,42003020300,42003020300,42003020300,38300,"Pittsburgh, PA",4.0,4,42003020300
27757460,BP-2022-08898,BUILDING,2535 ALLEQUIPPA ST LLC,Everything Construction LLC,CONSTRUCTION OF NEW TWO-STORY SINGLE-FAMILY DWELLING WITH TWO CAR INTEGRAL GARAGE IN BASEMENT AND ROOFTOP DECK,NEW CONSTRUCTION,Residential,250000.0,2023-11-13,0011D00091000000,"2535 ALLEQUIPPA ST, Pittsburgh, PA 15213-",40.4421159036,-79.9670858738,6.0,West Oakland,5.0,15213.0,Issued,42003040200,42003040200,42003040200,38300,"Pittsburgh, PA",3.99,4,42003040200
27757636,BP-2022-09498,BUILDING,CEDARWOOD HOMES HOLDINGS LLC,Mistick Construction Company,CONSTRUCTION OF A 1-STORY TOWNHOUSE WITH A SLAB-ON-GRADE FLOOR & PRE-ENGINEERED TRUSSED ROOF,NEW CONSTRUCTION,Residential,182759.0,2022-12-14,0070E00185000000,"104 CEDARWOOD PL, Pittsburgh, PA 15205-",40.4498994083,-80.0794308566,2.0,Fairywood,28.0,15205.0,Completed,42003563000,42003563000,42003563000,38300,"Pittsburgh, PA",2.29,2,42003563000
27757637,BP-2022-09499,BUILDING,CEDARWOOD HOMES HOLDINGS LLC,Mistick Construction Company,CONSTRUCTION OF A 1-STORY TOWNHOUSE WITH A SLAB-ON-GRADE FLOOR & PRE-ENGINEERED TRUSSED ROOF,NEW CONSTRUCTION,Residential,182759.0,2022-12-14,0070E00185000000,"104 CEDARWOOD PL, Pittsburgh, PA 15205-",40.4498994083,-80.0794308566,2.0,Fairywood,28.0,15205.0,Completed,42003563000,42003563000,42003563000,38300,"Pittsburgh, PA",2.29,2,42003563000
27757638,BP-2022-09500,BUILDING,CEDARWOOD HOMES HOLDINGS LLC,Mistick Construction Company,CONSTRUCTION OF A 1-STORY TOWNHOUSE WITH A SLAB-ON-GRADE FLOOR & PRE-ENGINEERED TRUSSED ROOF,NEW CONSTRUCTION,Residential,182759.0,2022-12-14,0070E00185000000,"104 CEDARWOOD PL, Pittsburgh, PA 15205-",40.4498994083,-80.0794308566,2.0,Fairywood,28.0,15205.0,Completed,42003563000,42003563000,42003563000,38300,"Pittsburgh, PA",2.29,2,42003563000
27757639,BP-2022-09501,BUILDING,CEDARWOOD HOMES HOLDINGS LLC,Mistick Construction Company,CONSTRUCTION OF A 1-STORY TOWNHOUSE WITH A SLAB-ON-GRADE FLOOR & PRE-ENGINEERED TRUSSED ROOF,NEW CONSTRUCTION,Residential,182759.0,2022-12-14,0070E00185000000,"104 CEDARWOOD PL, Pittsburgh, PA 15205-",40.4498994083,-80.0794308566,2.0,Fairywood,28.0,15205.0,Completed,42003563000,42003563000,42003563000,38300,"Pittsburgh, PA",2.29,2,42003563000
27757640,BP-2022-09502,BUILDING,CEDARWOOD HOMES HOLDINGS LLC,Mistick Construction Company,CONSTRUCTION OF A 1-STORY TOWNHOUSE WITH A SLAB-ON-GRADE FLOOR & PRE-ENGINEERED TRUSSED ROOF,NEW CONSTRUCTION,Residential,182759.0,2022-12-14,0070E00185000000,"104 CEDARWOOD PL, Pittsburgh, PA 15205-",40.4498994083,-80.0794308566,2.0,Fairywood,28.0,15205.0,Completed,42003563000,42003563000,42003563000,38300,"Pittsburgh, PA",2.29,2,42003563000
27757641,BP-2022-09503,BUILDING,CEDARWOOD HOMES HOLDINGS LLC,Mistick Construction Company,CONSTRUCTION OF A 1-STORY TOWNHOUSE WITH A SLAB-ON-GRADE FLOOR & PRE-ENGINEERED TRUSSED ROOF,NEW CONSTRUCTION,Residential,182759.0,2022-12-14,0070E00185000000,"104 CEDARWOOD PL, Pittsburgh, PA 15205-",40.4498994083,-80.0794308566,2.0,Fairywood,28.0,15205.0,Completed,42003563000,42003563000,42003563000,38300,"Pittsburgh, PA",2.29,2,42003563000
27757642,BP-2022-09504,BUILDING,CEDARWOOD HOMES HOLDINGS LLC,Mistick Construction Company,CONSTRUCTION OF A 1-STORY TOWNHOUSE WITH A SLAB-ON-GRADE FLOOR & PRE-ENGINEERED TRUSSED ROOF,NEW CONSTRUCTION,Residential,182759.0,2022-12-14,0070E00185000000,"104 CEDARWOOD PL, Pittsburgh, PA 15205-",40.4498994083,-80.0794308566,2.0,Fairywood,28.0,15205.0,Completed,42003563000,42003563000,42003563000,38300,"Pittsburgh, PA",2.29,2,42003563000
27757643,BP-2022-09505,BUILDING,CEDARWOOD HOMES HOLDINGS LLC,Mistick Construction Company,CONSTRUCTION OF A 1-STORY TOWNHOUSE WITH A SLAB-ON-GRADE FLOOR & PRE-ENGINEERED TRUSSED ROOF,NEW CONSTRUCTION,Residential,182759.0,2022-12-14,0070E00185000000,"104 CEDARWOOD PL, Pittsburgh, PA 15205-",40.4498994083,-80.0794308566,2.0,Fairywood,28.0,15205.0,Completed,42003563000,42003563000,42003563000,38300,"Pittsburgh, PA",2.29,2,42003563000
27757644,BP-2022-09506,BUILDING,CEDARWOOD HOMES HOLDINGS LLC,Mistick Construction Company,CONSTRUCTION OF A 1-STORY TOWNHOUSE WITH A SLAB-ON-GRADE FLOOR & PRE-ENGINEERED TRUSSED ROOF,NEW CONSTRUCTION,Residential,182759.0,2022-12-14,0070E00185000000,"104 CEDARWOOD PL, Pittsburgh, PA 15205-",40.4498994083,-80.0794308566,2.0,Fairywood,28.0,15205.0,Completed,42003563000,42003563000,42003563000,38300,"Pittsburgh, PA",2.29,2,42003563000
27757645,BP-2022-09507,BUILDING,CEDARWOOD HOMES HOLDINGS LLC,Mistick Construction Company,CONSTRUCTION OF A 1-STORY TOWNHOUSE WITH A SLAB-ON-GRADE FLOOR & PRE-ENGINEERED TRUSSED ROOF,NEW CONSTRUCTION,Residential,182759.0,2022-12-14,0070E00185000000,"104 CEDARWOOD PL, Pittsburgh, PA 15205-",40.4498994083,-80.0794308566,2.0,Fairywood,28.0,15205.0,Completed,42003563000,42003563000,42003563000,38300,"Pittsburgh, PA",2.29,2,42003563000
27757646,BP-2022-09508,BUILDING,CEDARWOOD HOMES HOLDINGS LLC,Mistick Construction Company,CONSTRUCTION OF A 1-STORY TOWNHOUSE WITH A SLAB-ON-GRADE FLOOR & PRE-ENGINEERED TRUSSED ROOF,NEW CONSTRUCTION,Residential,182759.0,2022-12-14,0070E00185000000,"104 CEDARWOOD PL, Pittsburgh, PA 15205-",40.4498994083,-80.0794308566,2.0,Fairywood,28.0,15205.0,Completed,42003563000,42003563000,42003563000,38300,"Pittsburgh, PA",2.29,2,42003563000
27757647,BP-2022-09509,BUILDING,CEDARWOOD HOMES HOLDINGS LLC,Mistick Construction Company,CONSTRUCTION OF A 1-STORY TOWNHOUSE WITH A SLAB-ON-GRADE FLOOR & PRE-ENGINEERED TRUSSED ROOF,NEW CONSTRUCTION,Residential,182759.0,2022-12-14,0070E00185000000,"104 CEDARWOOD PL, Pittsburgh, PA 15205-",40.4498994083,-80.0794308566,2.0,Fairywood,28.0,15205.0,Completed,42003563000,42003563000,42003563000,38300,"Pittsburgh, PA",2.29,2,42003563000
27757650,BP-2022-09529,BUILDING,CEDARWOOD HOMES HOLDINGS LLC,Mistick Construction Company,CONSTRUCTION OF A 1-STORY TOWNHOUSE WITH A SLAB-ON-GRADE FLOOR & PRE-ENGINEERED TRUSSED ROOF,NEW CONSTRUCTION,Residential,182759.0,2022-12-14,0070E00185000000,"104 CEDARWOOD PL, Pittsburgh, PA 15205-",40.4498994083,-80.0794308566,2.0,Fairywood,28.0,15205.0,Completed,42003563000,42003563000,42003563000,38300,"Pittsburgh, PA",2.29,2,42003563000
27757651,BP-2022-09530,BUILDING,CEDARWOOD HOMES HOLDINGS LLC,Mistick Construction Company,CONSTRUCTION OF A 1-STORY TOWNHOUSE WITH A SLAB-ON-GRADE FLOOR & PRE-ENGINEERED TRUSSED ROOF,NEW CONSTRUCTION,Residential,182759.0,2022-12-14,0070E00185000000,"104 CEDARWOOD PL, Pittsburgh, PA 15205-",40.4498994083,-80.0794308566,2.0,Fairywood,28.0,15205.0,Completed,42003563000,42003563000,42003563000,38300,"Pittsburgh, PA",2.29,2,42003563000
27757653,BP-2022-09532,BUILDING,CEDARWOOD HOMES HOLDINGS LLC,Mistick Construction Company,CONSTRUCTION OF A 1-STORY TOWNHOUSE WITH A SLAB-ON-GRADE FLOOR & PRE-ENGINEERED TRUSSED ROOF,NEW CONSTRUCTION,Residential,182759.0,2022-12-14,0070E00185000000,"104 CEDARWOOD PL, Pittsburgh, PA 15205-",40.4498994083,-80.0794308566,2.0,Fairywood,28.0,15205.0,Completed,42003563000,42003563000,42003563000,38300,"Pittsburgh, PA",2.29,2,42003563000
27757654,BP-2022-09533,BUILDING,CEDARWOOD HOMES HOLDINGS LLC,Mistick Construction Company,CONSTRUCTION OF A 1-STORY TOWNHOUSE WITH A SLAB-ON-GRADE FLOOR & PRE-ENGINEERED TRUSSED ROOF,NEW CONSTRUCTION,Residential,182759.0,2022-12-14,0070E00185000000,"104 CEDARWOOD PL, Pittsburgh, PA 15205-",40.4498994083,-80.0794308566,2.0,Fairywood,28.0,15205.0,Completed,42003563000,42003563000,42003563000,38300,"Pittsburgh, PA",2.29,2,42003563000
27757655,BP-2022-09535,BUILDING,CEDARWOOD HOMES HOLDINGS LLC,Mistick Construction Company,CONSTRUCTION OF A 1-STORY TOWNHOUSE WITH A SLAB-ON-GRADE FLOOR & PRE-ENGINEERED TRUSSED ROOF,NEW CONSTRUCTION,Residential,182759.0,2022-12-14,0070E00185000000,"104 CEDARWOOD PL, Pittsburgh, PA 15205-",40.4498994083,-80.0794308566,2.0,Fairywood,28.0,15205.0,Completed,42003563000,42003563000,42003563000,38300,"Pittsburgh, PA",2.29,2,42003563000
27757656,BP-2022-09536,BUILDING,CEDARWOOD HOMES HOLDINGS LLC,Mistick Construction Company,CONSTRUCTION OF A 1-STORY TOWNHOUSE WITH A SLAB-ON-GRADE FLOOR & PRE-ENGINEERED TRUSSED ROOF,NEW CONSTRUCTION,Residential,182759.0,2022-12-14,0070E00185000000,"104 CEDARWOOD PL, Pittsburgh, PA 15205-",40.4498994083,-80.0794308566,2.0,Fairywood,28.0,15205.0,Completed,42003563000,42003563000,42003563000,38300,"Pittsburgh, PA",2.29,2,42003563000
27757657,BP-2022-09537,BUILDING,CEDARWOOD HOMES HOLDINGS LLC,Mistick Construction Company,CONSTRUCTION OF A 1-STORY TOWNHOUSE WITH A SLAB-ON-GRADE FLOOR & PRE-ENGINEERED TRUSSED ROOF,NEW CONSTRUCTION,Residential,182759.0,2022-12-14,0070E00185000000,"104 CEDARWOOD PL, Pittsburgh, PA 15205-",40.4498994083,-80.0794308566,2.0,Fairywood,28.0,15205.0,Completed,42003563000,42003563000,42003563000,38300,"Pittsburgh, PA",2.29,2,42003563000
27757658,BP-2022-09538,BUILDING,CEDARWOOD HOMES HOLDINGS LLC,Mistick Construction Company,CONSTRUCTION OF A 1-STORY TOWNHOUSE WITH A SLAB-ON-GRADE FLOOR & PRE-ENGINEERED TRUSSED ROOF,NEW CONSTRUCTION,Residential,182759.0,2022-12-14,0070E00185000000,"104 CEDARWOOD PL, Pittsburgh, PA 15205-",40.4498994083,-80.0794308566,2.0,Fairywood,28.0,15205.0,Completed,42003563000,42003563000,42003563000,38300,"Pittsburgh, PA",2.29,2,42003563000
27757659,BP-2022-09539,BUILDING,CEDARWOOD HOMES HOLDINGS LLC,Mistick Construction Company,CONSTRUCTION OF A 1-STORY TOWNHOUSE WITH A SLAB-ON-GRADE FLOOR & PRE-ENGINEERED TRUSSED ROOF,NEW CONSTRUCTION,Residential,182759.0,2022-12-14,0070E00185000000,"104 CEDARWOOD PL, Pittsburgh, PA 15205-",40.4498994083,-80.0794308566,2.0,Fairywood,28.0,15205.0,Completed,42003563000,42003563000,42003563000,38300,"Pittsburgh, PA",2.29,2,42003563000
27757661,BP-2022-09541,BUILDING,CEDARWOOD HOMES HOLDINGS LLC,Mistick Construction Company,CONSTRUCTION OF A 1-STORY TOWNHOUSE WITH A SLAB-ON-GRADE FLOOR & PRE-ENGINEERED TRUSSED ROOF,NEW CONSTRUCTION,Residential,182759.0,2022-12-14,0070E00185000000,"104 CEDARWOOD PL, Pittsburgh, PA 15205-",40.4498994083,-80.0794308566,2.0,Fairywood,28.0,15205.0,Completed,42003563000,42003563000,42003563000,38300,"Pittsburgh, PA",2.29,2,42003563000
27757662,BP-2022-09542,BUILDING,CEDARWOOD HOMES HOLDINGS LLC,Mistick Construction Company,CONSTRUCTION OF A 1-STORY TOWNHOUSE WITH A SLAB-ON-GRADE FLOOR & PRE-ENGINEERED TRUSSED ROOF,NEW CONSTRUCTION,Residential,182759.0,2022-12-14,0070E00185000000,"104 CEDARWOOD PL, Pittsburgh, PA 15205-",40.4498994083,-80.0794308566,2.0,Fairywood,28.0,15205.0,Completed,42003563000,42003563000,42003563000,38300,"Pittsburgh, PA",2.29,2,42003563000
27757663,BP-2022-09543,BUILDING,CEDARWOOD HOMES HOLDINGS LLC,Mistick Construction Company,CONSTRUCTION OF A 1-STORY TOWNHOUSE WITH A SLAB-ON-GRADE FLOOR & PRE-ENGINEERED TRUSSED ROOF,NEW CONSTRUCTION,Residential,182759.0,2022-12-14,0070E00185000000,"104 CEDARWOOD PL, Pittsburgh, PA 15205-",40.4498994083,-80.0794308566,2.0,Fairywood,28.0,15205.0,Completed,42003563000,42003563000,42003563000,38300,"Pittsburgh, PA",2.29,2,42003563000
27757664,BP-2022-09545,BUILDING,CEDARWOOD HOMES HOLDINGS LLC,Mistick Construction Company,CONSTRUCTION OF A 1-STORY TOWNHOUSE WITH A SLAB-ON-GRADE FLOOR & PRE-ENGINEERED TRUSSED ROOF,NEW CONSTRUCTION,Residential,182759.0,2022-12-08,0070E00185000000,"104 CEDARWOOD PL, Pittsburgh, PA 15205-",40.4498994083,-80.0794308566,2.0,Fairywood,28.0,15205.0,Completed,42003563000,42003563000,42003563000,38300,"Pittsburgh, PA",2.29,2,42003563000
27757665,BP-2022-09546,BUILDING,CEDARWOOD HOMES HOLDINGS LLC,Mistick Construction Company,CONSTRUCTION OF A 1-STORY TOWNHOUSE WITH A SLAB-ON-GRADE FLOOR & PRE-ENGINEERED TRUSSED ROOF,NEW CONSTRUCTION,Residential,182759.0,2022-12-14,0070E00185000000,"104 CEDARWOOD PL, Pittsburgh, PA 15205-",40.4498994083,-80.0794308566,2.0,Fairywood,28.0,15205.0,Completed,42003563000,42003563000,42003563000,38300,"Pittsburgh, PA",2.29,2,42003563000
27757666,BP-2022-09547,BUILDING,CEDARWOOD HOMES HOLDINGS LLC,Mistick Construction Company,CONSTRUCTION OF A 1-STORY TOWNHOUSE WITH A SLAB-ON-GRADE FLOOR & PRE-ENGINEERED TRUSSED ROOF,NEW CONSTRUCTION,Residential,182759.0,2022-12-14,0070E00185000000,"104 CEDARWOOD PL, Pittsburgh, PA 15205-",40.4498994083,-80.0794308566,2.0,Fairywood,28.0,15205.0,Completed,42003563000,42003563000,42003563000,38300,"Pittsburgh, PA",2.29,2,42003563000
27757667,BP-2022-09548,BUILDING,CEDARWOOD HOMES HOLDINGS LLC,Mistick Construction Company,CONSTRUCTION OF A 1-STORY ATTACHED SINGLE FAMILY DWELLING WITH A SLAB-ON-GRADE FLOOR & PRE-ENGINEERED TRUSSED ROOF,NEW CONSTRUCTION,Residential,182758.0,2022-12-14,0070E00185000000,"104 CEDARWOOD PL, Pittsburgh, PA 15205-",40.4498994083,-80.0794308566,2.0,Fairywood,28.0,15205.0,Revoked,42003563000,42003563000,42003563000,38300,"Pittsburgh, PA",2.29,2,42003563000
27757668,BP-2022-09549,BUILDING,CEDARWOOD HOMES HOLDINGS LLC,Mistick Construction Company,CONSTRUCTION OF A 1-STORY TOWNHOUSE WITH A SLAB-ON-GRADE FLOOR & PRE-ENGINEERED TRUSSED ROOF,NEW CONSTRUCTION,Residential,182759.0,2022-12-14,0070E00185000000,"104 CEDARWOOD PL, Pittsburgh, PA 15205-",40.4498994083,-80.0794308566,2.0,Fairywood,28.0,15205.0,Completed,42003563000,42003563000,42003563000,38300,"Pittsburgh, PA",2.29,2,42003563000
27757669,BP-2022-09550,BUILDING,CEDARWOOD HOMES HOLDINGS LLC,Mistick Construction Company,CONSTRUCTION OF A 1-STORY TOWNHOUSE WITH A SLAB-ON-GRADE FLOOR & PRE-ENGINEERED TRUSSED ROOF,NEW CONSTRUCTION,Residential,182759.0,2022-12-14,0070E00185000000,"104 CEDARWOOD PL, Pittsburgh, PA 15205-",40.4498994083,-80.0794308566,2.0,Fairywood,28.0,15205.0,Completed,42003563000,42003563000,42003563000,38300,"Pittsburgh, PA",2.29,2,42003563000
27757670,BP-2022-09551,BUILDING,CEDARWOOD HOMES HOLDINGS LLC,Mistick Construction Company,CONSTRUCTION OF A 1-STORY TOWNHOUSE WITH A SLAB-ON-GRADE FLOOR & PRE-ENGINEERED TRUSSED ROOF,NEW CONSTRUCTION,Residential,182759.0,2022-12-14,0070E00185000000,"104 CEDARWOOD PL, Pittsburgh, PA 15205-",40.4498994083,-80.0794308566,2.0,Fairywood,28.0,15205.0,Completed,42003563000,42003563000,42003563000,38300,"Pittsburgh, PA",2.29,2,42003563000
27757671,BP-2022-09552,BUILDING,CEDARWOOD HOMES HOLDINGS LLC,Mistick Construction Company,CONSTRUCTION OF A 1-STORY TOWNHOUSE WITH A SLAB-ON-GRADE FLOOR & PRE-ENGINEERED TRUSSED ROOF,NEW CONSTRUCTION,Residential,182759.0,2022-12-14,0070E00185000000,"104 CEDARWOOD PL, Pittsburgh, PA 15205-",40.4498994083,-80.0794308566,2.0,Fairywood,28.0,15205.0,Completed,42003563000,42003563000,42003563000,38300,"Pittsburgh, PA",2.29,2,42003563000
27757672,BP-2022-09553,BUILDING,CEDARWOOD HOMES HOLDINGS LLC,Mistick Construction Company,CONSTRUCTION OF A 1-STORY TOWNHOUSE WITH A SLAB-ON-GRADE FLOOR & PRE-ENGINEERED TRUSSED ROOF,NEW CONSTRUCTION,Residential,182759.0,2022-12-14,0070E00185000000,"104 CEDARWOOD PL, Pittsburgh, PA 15205-",40.4498994083,-80.0794308566,2.0,Fairywood,28.0,15205.0,Completed,42003563000,42003563000,42003563000,38300,"Pittsburgh, PA",2.29,2,42003563000
27757673,BP-2022-09554,BUILDING,CEDARWOOD HOMES HOLDINGS LLC,Mistick Construction Company,CONSTRUCTION OF A 1-STORY TOWNHOUSE WITH A SLAB-ON-GRADE FLOOR & PRE-ENGINEERED TRUSSED ROOF,NEW CONSTRUCTION,Residential,182759.0,2022-12-14,0070E00185000000,"104 CEDARWOOD PL, Pittsburgh, PA 15205-",40.4498994083,-80.0794308566,2.0,Fairywood,28.0,15205.0,Completed,42003563000,42003563000,42003563000,38300,"Pittsburgh, PA",2.29,2,42003563000
27757683,BP-2022-09576,BUILDING,CITY OF PITTSBURGH,"Caliber Contracting Services, Inc.","CONSTRUCTION OF NEW ONE STORY FULLY SPRINKLERED MEDIC BUILDING FOR OFFICE, STORAGE AND INTEGRAL GARAGE FOR EMS",NEW CONSTRUCTION,Commercial,6600000.0,2024-02-12,0046K00214000000,"201 LAFAYETTE AVE, Pittsburgh, PA 15214-",40.4653584818,-80.009766984,6.0,Perry South,26.0,15214.0,Completed,42003261400,42003261400,42003261400,38300,"Pittsburgh, PA",2.5,3,42003261400
27757701,BP-2022-09670,BUILDING,45 26TH STREET INVESTMENTS LLC,"Rycon Construction, Inc","INTERIOR FIT-OUT OF TENANT SPACE AT 1ST FLR, INCLUDING WALLS, CASEWORK AND FINISHES.",NEW CONSTRUCTION,Commercial,367000.0,2023-12-19,0025J00051000000,"48 26TH ST, Pittsburgh, PA 15222-",40.4564875688,-79.9807995852,1.0,Strip District,2.0,15222.0,Completed,42003020300,42003020300,42003020300,38300,"Pittsburgh, PA",4.0,4,42003020300
27757714,BP-2022-09765,BUILDING,GARDEN THEATER BLOCK LLC,Mistick Construction Company,NEW 3-STORY APARTMENT BUILDING,NEW CONSTRUCTION,Commercial,1247000.0,2022-10-06,0023L00076000000,"1201 FEDERAL ST #204, Pittsburgh, PA 15212-",40.4559276701,-80.007112067,1.0,Central Northside,22.0,15212.0,Completed,42003565100,42003565100,42003565100,38300,"Pittsburgh, PA",3.98,4,42003565100
27757725,BP-2022-09803,BUILDING,,RJ Steele Construction,DECK AT REAR OF SINGLE FAMILY DWELLING.,NEW CONSTRUCTION,Residential,20000.0,2023-02-06,0004J00038000000,"496 GRACE ST, Pittsburgh, PA 15211-",40.4283459054,-80.0148695725,2.0,Mount Washington,19.0,15211.0,Issued,42003191400,42003191400,42003191400,38300,"Pittsburgh, PA",3.12,3,42003191400
27757817,BP-2022-10293,BUILDING,5704 PENN OFFICE LLC,"ABS Building Systems Integrators, LLC","FIT-OUT OF 4,500 SF ON 2ND FLR IN 9-STORY BUILDING",NEW CONSTRUCTION,Commercial,100000.0,2022-08-11,0083N00125000100,"141 S SAINT CLAIR ST #601, Pittsburgh, PA 15206-",40.4621581093,-79.9287894046,9.0,East Liberty,8.0,15206.0,Completed,42003111500,42003111500,42003111500,38300,"Pittsburgh, PA",3.87,4,42003111500
27757843,BP-2022-10429,BUILDING,,Habitat for Humanity of Greater Pittsburgh,CONSTRUCT 2-STORY HOUSE WITH REAR DECK,NEW CONSTRUCTION,Residential,210000.0,2022-10-10,0125B00280000000,"546 LINCOLN AVE, Pittsburgh, PA 15206-",40.4612536812,-79.9082578545,9.0,Larimer,12.0,15206.0,Completed,42003120900,42003120900,42003120900,38300,"Pittsburgh, PA",3.84,4,42003120900
27757844,BP-2022-10430,BUILDING,,Habitat for Humanity of Greater Pittsburgh,CONSTRUCT 2-STORY HOUSE WITH REAR DECK,NEW CONSTRUCTION,Residential,210000.0,2022-10-10,0125B00278000000,"542 LINCOLN AVE, Pittsburgh, PA 15206-",40.4612328319,-79.9083520616,9.0,Larimer,12.0,15206.0,Completed,42003120900,42003120900,42003120900,38300,"Pittsburgh, PA",3.84,4,42003120900
27757927,BP-2022-10847,BUILDING,LETSCHE LLC,Mistick Construction Company,3 STORY ATTACHED SINGLE FAMILY DWELLING WITH DECK AT REAR OFF OF FIRST FLOOR.,NEW CONSTRUCTION,Residential,251533.0,2022-12-14,0009R00182000000,"1547 CLIFF ST, Pittsburgh, PA 15219-",40.445388572,-79.9879335135,6.0,Crawford-Roberts,3.0,15219.0,Completed,42003030500,42003030500,42003030500,38300,"Pittsburgh, PA",4.0,4,42003030500
27757929,BP-2022-10854,BUILDING,LETSCHE LLC,Mistick Construction Company,CONSTRUCTION OF NEW 3 STORY ATTACHED SINGLE FAMILY DWELLING (UNIT 4) WITH DECK AT REAR OFF OF FIRST FLOOR.,NEW CONSTRUCTION,Residential,251533.0,2022-12-14,0009R00182000000,"1547 CLIFF ST, Pittsburgh, PA 15219-",40.445388572,-79.9879335135,6.0,Crawford-Roberts,3.0,15219.0,Completed,42003030500,42003030500,42003030500,38300,"Pittsburgh, PA",4.0,4,42003030500
27757930,BP-2022-10856,BUILDING,LETSCHE LLC,Mistick Construction Company,3 STORY ATTACHED SINGLE FAMILY DWELLING WITH DECK AT REAR OFF OF FIRST FLOOR.,NEW CONSTRUCTION,Residential,251533.0,2022-12-14,0009R00182000000,"1547 CLIFF ST, Pittsburgh, PA 15219-",40.445388572,-79.9879335135,6.0,Crawford-Roberts,3.0,15219.0,Completed,42003030500,42003030500,42003030500,38300,"Pittsburgh, PA",4.0,4,42003030500
27757931,BP-2022-10858,BUILDING,LETSCHE LLC,Mistick Construction Company,3 STORY ATTACHED SINGLE FAMILY DWELLING WITH DECK AT REAR OFF OF FIRST FLOOR.,NEW CONSTRUCTION,Residential,251533.0,2022-12-14,0009R00182000000,"1547 CLIFF ST, Pittsburgh, PA 15219-",40.445388572,-79.9879335135,6.0,Crawford-Roberts,3.0,15219.0,Completed,42003030500,42003030500,42003030500,38300,"Pittsburgh, PA",4.0,4,42003030500
27757963,BP-2022-11044,BUILDING,UPMC MERCY,Mascaro Construction Co LP,CONSTRUCT A NEW TENANT FIT-OUT AS A COFFEE AND SNACK SHOP.,NEW CONSTRUCTION,Commercial,500000.0,2022-09-28,0002M00310000000,"1622 LOCUST ST, Pittsburgh, PA 15219-",40.436106554,-79.9835922908,6.0,Bluff,1.0,15219.0,Completed,42003010302,42003010302,42003010302,38300,"Pittsburgh, PA",4.0,4,42003010302
27757964,BP-2022-11051,BUILDING,UPMC MERCY,Mascaro Construction Co LP,FIRST TENANT FIT-OUT AS STORE,NEW CONSTRUCTION,Commercial,200000.0,2022-09-28,0002M00310000000,"1622 LOCUST ST, Pittsburgh, PA 15219-",40.436106554,-79.9835922908,6.0,Bluff,1.0,15219.0,Completed,42003010302,42003010302,42003010302,38300,"Pittsburgh, PA",4.0,4,42003010302
27757999,BP-2022-11364,BUILDING,HOUSING AUTHORITY CITY OF PITTSBURGH,Medco Commercial Mgmt Group Inc,NEW CONSTRUCTION OF A TWO FAMILY DWELLING,NEW CONSTRUCTION,Residential,333370.0,2022-09-14,0124N00014000000,"163 AUBURN ST, Pittsburgh, PA 15206-",40.4625415637,-79.9149359684,9.0,Larimer,12.0,15206.0,Completed,42003120900,42003120900,42003120900,38300,"Pittsburgh, PA",3.84,4,42003120900
27758000,BP-2022-11365,BUILDING,HOUSING AUTHORITY CITY OF PITTSBURGH,Medco Commercial Mgmt Group Inc,NEW CONSTRUCTION OF A SINGLE FAMILY DWELLING,NEW CONSTRUCTION,Residential,306672.0,2022-09-16,0083M00187000000,"37 MAYFLOWER ST, Pittsburgh, PA 15206-",40.4651236861,-79.9165749057,9.0,Larimer,12.0,15206.0,Completed,42003120900,42003120900,42003120900,38300,"Pittsburgh, PA",3.84,4,42003120900
27758018,BP-2022-11473,BUILDING,ONE CALL HANDLES IT ALL LANDSCAPING &TRUCKING LLC,"One Call Handles It All Landscaping and Trucking, LLC",CONSTRUCT NEW PLAYGROUND AND 4 FOOT OPEN FENCE,NEW CONSTRUCTION,Commercial,80087.0,2024-04-26,0175C00308000000,"331 HALE ST, Pittsburgh, PA 15208-",40.4516360906,-79.888140356,9.0,Homewood South,13.0,15221.0,Completed,42003130800,42003130800,42003130800,38300,"Pittsburgh, PA",3.56,4,42003130800
27758026,BP-2022-11495,BUILDING,MISTICK SARAH A,"City of Pittsburgh Permits, Licenses and Inspections",NEW SINGLE FAMILY DWELLING WITH DETACHED TWO CAR GARAGE AT REAR,NEW CONSTRUCTION,Residential,325000.0,2022-10-06,0008A00201000000,"823 WESTERN AVE, Pittsburgh, PA 15233-",40.4520146239,-80.0148955897,1.0,Allegheny West,22.0,15233.0,Completed,42003562700,42003562700,42003562700,38300,"Pittsburgh, PA",4.0,4,42003562700
27758078,BP-2022-11855,BUILDING,BUTCHKOSKI JOSHUA J,PHC Construction Inc,"CONSTRUCTION OF SINGLE FAMILY DWELLING WITH INTEGRAL TWO CAR GARAGE AT FRONT, SECOND FLOOR DECK AT REAR AND THIRD LEVEL DECK",NEW CONSTRUCTION,Commercial,310000.0,2023-02-09,0080H00005000000,"442 52ND ST, Pittsburgh, PA 15201-",40.4793140806,-79.9532098885,7.0,Upper Lawrenceville,10.0,15201.0,Completed,42003101100,42003101100,42003101100,38300,"Pittsburgh, PA",3.32,4,42003101100
27758085,BP-2022-11877,BUILDING,CLEAN EXPRESS PA EAST CARSON SOUTHSIDELLC,"CJI Construction, Inc.",New construction of a single-story drive through car-wash structure. Building to be constructed of masonry walls and steel bar joist roof structure with metal deck.,NEW CONSTRUCTION,Commercial,491471.0,2023-06-23,0029N00141000000,"3045 SARAH ST, Pittsburgh, PA 15203-",40.4242912804,-79.963396791,3.0,South Side Flats,16.0,15203.0,Issued,42003160900,42003160900,42003160900,38300,"Pittsburgh, PA",4.0,4,42003160900
27758208,BP-2022-12704,BUILDING,UPMC PRESBYTERIAN SHADYSIDE,Whiting-Turner / P.J. Dick JV,FOUNDATION SLAB AND DEEP CAISSONS FOR FUTURE UPMC BED TOWER - PHASED CONSTRUCTION.,NEW CONSTRUCTION,Commercial,6020678.0,2022-09-26,0028B00310000000,"3701 5TH AVE, Pittsburgh, PA 15213-",40.4424544322,-79.9598453087,8.0,West Oakland,4.0,15213.0,Completed,42003040200,42003040200,42003040200,38300,"Pittsburgh, PA",3.99,4,42003040200
27758288,BP-2022-13268,BUILDING,44 WAKEFIELD LLC,SSD Industries LLC,"NEW THREE STORY TWO FAMILY DWELLING WITH 2 CAR INTEGRAL GARAGE ON FIRST FLOOR & BALCONY AT REAR ON 2ND & 3RD FLOOR.
2ND FLOOR APARTMENT; APT 201 4728 LORIGAN ST
3RD FLOOR APARTMENT; APT 301 4728 LORIGAN ST",NEW CONSTRUCTION,Residential,325000.0,2022-10-10,0026H00118000000,"4728 LORIGAN ST #301, Pittsburgh, PA 15224-",40.4585192037,-79.9514683707,7.0,Bloomfield,8.0,15224.0,Completed,42003080200,42003080200,42003080200,38300,"Pittsburgh, PA",3.0,3,42003080200
27758294,BP-2022-13306,BUILDING,SM RET EI LLC,P2 Contracting LLC,FIT-OUT OF TENANT SPACE,NEW CONSTRUCTION,Commercial,247900.0,2022-10-20,0051L00262000000,"5259 LIBERTY AVE, Pittsburgh, PA 15224-",40.4573786627,-79.9401755564,7.0,Bloomfield,8.0,15224.0,Completed,42003080600,42003080600,42003080600,38300,"Pittsburgh, PA",3.0,3,42003080600
27758303,BP-2022-13374,BUILDING,REBEL REALTY LLC,Iron Valley Modular87,"THREE-STORY MODULAR STRUCTURE AS SINGLE UNIT RESIDENCE WITH 24' X 10' ONE CAR PARKING PAD AT SIDE AND 12'-0"" X 15'-8 1/2"" THIRD FLOOR ROOF DECK AT REAR.",NEW CONSTRUCTION,Residential,350000.0,2023-06-29,0022D00060000000,"902 MORRISON ST, Pittsburgh, PA 15212-",40.460932068,-80.0197014994,6.0,California-Kirkbride,25.0,15212.0,Issued,42003565200,42003565200,42003565200,38300,"Pittsburgh, PA",4.0,4,42003565200
27758321,BP-2022-13522,BUILDING,RIDC MILL 19A,"Rycon Construction, Inc",EXTERIOR ALTERATIONS & FIT-OUT OF TENANT SPACE,NEW CONSTRUCTION,Commercial,500000.0,2023-02-23,0055J00114000A00,"4501 LYTLE ST, Pittsburgh, PA 15207-",40.4150172885,-79.9480295193,5.0,Hazelwood,15.0,15207.0,Completed,42003562901,42003562901,42003562901,38300,"Pittsburgh, PA",3.75,4,42003562901
27758325,BP-2022-13563,BUILDING,NHG-EP DEVELOPMENT GROUP LLC,"HILSI Group, LLC",NEW THREE-STORY STRUCTURE AS SINGLE UNIT DWELLING WITH INTEGRAL TWO-CAR GARAGE.,NEW CONSTRUCTION,Residential,300000.0,2022-11-04,0006R00070000000,"440 WYOLA ST, Pittsburgh, PA 15211-",40.4349457666,-80.0236691753,2.0,Duquesne Heights,19.0,15211.0,Completed,42003191100,42003191100,42003191100,38300,"Pittsburgh, PA",3.42,4,42003191100
27758365,BP-2022-13862,BUILDING,CARNEGIE MELLON UNIVERSITY,Mosites Construction Company,INITIAL TENANT FIT OUT OF 1ST FLOOR TENANT SPACE AS MERCANTILE STORE WITH KITCHEN AND TOILET ROOMS IN MIXED USE 4 STORY APARTMENT BUILDING,NEW CONSTRUCTION,Commercial,1500000.0,2022-12-28,0052R00060000000,"5093 FORBES AVE, Pittsburgh, PA 15213-",40.4445944176,-79.9397408558,8.0,Squirrel Hill North,14.0,15213.0,Completed,42003140100,42003140100,42003140100,38300,"Pittsburgh, PA",1.09,1,42003140100
27758387,BP-2022-14036,BUILDING,,J. J. Wild Construction Inc,"CONSTRUCTION OF NEW 3-STORY SINGLE FAMILY DWELLING WITH INTEGRAL PARKING, 1ST FLR REAR DECKS, 2ND FLR SIDE DECK, 3RD FLR SIDE & REAR PARTIALLY COVERED DECK & TRELLIS",NEW CONSTRUCTION,Residential,100000.0,2022-11-07,0014D00071000000,"1035 E WARRINGTON AVE, Pittsburgh, PA 15210-",40.4222950791,-79.9868610588,3.0,South Side Slopes,17.0,15203.0,Issued,42003170600,42003170600,42003170600,38300,"Pittsburgh, PA",3.74,4,42003170600
27758432,BP-2022-14282,BUILDING,CREWS DEVELOPMENT LLC,Crews Contracting LLC,CONSTRUCTION NEW 3-STORY SINGLE FAMILY DWELLING WITH INTEGRAL GARAGE AND ROOFTOP DECK,NEW CONSTRUCTION,Residential,300000.0,2023-05-23,0049A00134000000,"167 41ST ST, Pittsburgh, PA 15201-",40.4703850982,-79.9622514679,7.0,Central Lawrenceville,9.0,15201.0,Completed,42003090100,42003090100,42003090100,38300,"Pittsburgh, PA",4.0,4,42003090100
27758456,BP-2022-14412,BUILDING,RIDC MILL 19B,"Rycon Construction, Inc",FIT-OUT OF VACANT TENANT SPACE,NEW CONSTRUCTION,Commercial,10000.0,2023-02-01,0055J00114000B00,"4427 LYTLE ST, Pittsburgh, PA 15207-",40.4161119302,-79.9485926002,5.0,Hazelwood,15.0,15207.0,Issued,42003562901,42003562901,42003562901,38300,"Pittsburgh, PA",3.75,4,42003562901
27758511,BP-2022-14869,BUILDING,HSRE-RPG FORBES AVENUE LLC,"Rycon Construction, Inc",SITE WORK TO INCLUDE GRADING AND RETAINING WALL AND FOUNDATION AND SUPERSTRUCTURE FOR NEW 12 STORY BUILDING,NEW CONSTRUCTION,Commercial,7500000.0,2023-02-01,0002L00037000000,"1045 FORBES AVE #1125, Pittsburgh, PA 15219-",40.4380964887,-79.9892990452,6.0,Bluff,1.0,15219.0,Completed,42003010302,42003010302,42003010302,38300,"Pittsburgh, PA",4.0,4,42003010302
27758541,BP-2022-15055,BUILDING,MANIVASAKAM ARTHI,Urban Accent Homes LLC,CONSTRUCTION OF NEW 3-STORY SINGLE FAMILY DWELLING WITH ONE CAR GARAGE SECOND FLOOR DECK WITH STAIRS TO GRADE AT REAR AND ROOFTOP DECK,NEW CONSTRUCTION,Residential,200000.0,2023-11-09,0120S00092000000,"1361 HAWTHORNE ST, Pittsburgh, PA 15201-",40.4828523457,-79.9363663652,7.0,Stanton Heights,10.0,15201.0,Application Finalization,42003101800,42003101800,42003101800,38300,"Pittsburgh, PA",2.96,3,42003101800
27758563,BP-2022-15164,BUILDING,,"AZA Builders, LLC",CONSTRUCTION OF 2-1/2 STORY MODULAR HOUSE,NEW CONSTRUCTION,Residential,200000.0,2022-11-14,0083H00170000000,"6050 STANTON AVE, Pittsburgh, PA 15206-",40.4690086761,-79.9193810213,9.0,East Liberty,11.0,15206.0,Completed,42003111300,42003111300,42003111300,38300,"Pittsburgh, PA",2.51,3,42003111300
27758585,BP-2022-15283,BUILDING,CREWS DEVELOPMENT LLC,Crews Contracting LLC,CONSTRUCTION OF NEW 3 STORY SINGLE FAMILY DWELLING WITH INTEGRAL GARAGE AND ROOFTOP DECK,NEW CONSTRUCTION,Residential,300000.0,2023-02-07,0080D00310000000,"5321 HOLMES ST, Pittsburgh, PA 15201-",40.4810453161,-79.9496455929,7.0,Upper Lawrenceville,10.0,15201.0,Completed,42003101100,42003101100,42003101100,38300,"Pittsburgh, PA",3.32,4,42003101100
27758609,BP-2022-15429,BUILDING,TM REAL ESTATE GROUP LLC,IDR LLC,3 STORY TOWNHOUSE WITH BASEMNET & INTEGRAL GARAGE & ROOFTOP DECK.,NEW CONSTRUCTION,Residential,200000.0,2023-08-23,0023G00312000000,"10 ALPINE AVE, Pittsburgh, PA 15212-",40.4588610488,-80.0082267008,1.0,Central Northside,25.0,15212.0,Issued,42003565100,42003565100,42003565100,38300,"Pittsburgh, PA",3.98,4,42003565100
27758610,BP-2022-15430,BUILDING,TM REAL ESTATE GROUP LLC,IDR LLC,3 STORY TOWNHOUSE WITH INTEGRAL GARAGE & ROOFTOP DECK.,NEW CONSTRUCTION,Residential,200000.0,2023-08-23,0023G00314000000,"8 ALPINE AVE, Pittsburgh, PA 15212-",40.4588785675,-80.0081396062,1.0,Central Northside,25.0,15212.0,Issued,42003565100,42003565100,42003565100,38300,"Pittsburgh, PA",3.98,4,42003565100
27758611,BP-2022-15431,BUILDING,TM REAL ESTATE GROUP LLC,IDR LLC,3 STORY TOWNHOUSE WITH INTEGRAL GARAGE & ROOFTOP DECK.,NEW CONSTRUCTION,Residential,200000.0,2023-08-23,0023G00316000000,"6 ALPINE AVE, Pittsburgh, PA 15212-",40.4588940147,-80.0080625473,1.0,Central Northside,25.0,15212.0,Issued,42003565100,42003565100,42003565100,38300,"Pittsburgh, PA",3.98,4,42003565100
27758612,BP-2022-15432,BUILDING,TM REAL ESTATE GROUP LLC,IDR LLC,3 STORY TOWNHOUSE WITH INTEGRAL GARAGE & ROOFTOP DECK & INSTALL HVAC UNIT ON ROOFTOP.,NEW CONSTRUCTION,Residential,200000.0,2023-08-23,0023G00318000000,"4 ALPINE AVE, Pittsburgh, PA 15212-",40.4589111073,-80.0079750676,1.0,Central Northside,25.0,15212.0,Issued,42003565100,42003565100,42003565100,38300,"Pittsburgh, PA",3.98,4,42003565100
27758614,BP-2022-15440,BUILDING,FLATS ON FORWARD LP,P.J. Dick Incorporated,FIT-OUT OF TENANT SPACE,NEW CONSTRUCTION,Commercial,1200000.0,2023-03-10,0087G00155000000,"5808 FORWARD AVE, Pittsburgh, PA 15217-",40.4293998406,-79.9229964275,5.0,Squirrel Hill South,14.0,15217.0,Completed,42003141400,42003141400,42003141400,38300,"Pittsburgh, PA",2.0,2,42003141400
27758616,BP-2022-15455,BUILDING,TCB EAST LIBERTY SOUTH COMMERCIAL,Nelcon Inc,CONTRUCTION OF NEW TENANT FIT-OUT OF EXISTING CORE & SHELL SPACE,NEW CONSTRUCTION,Commercial,71000.0,2022-11-14,0084B00173000C00,"5818 PENN AVE, Pittsburgh, PA 15206-",40.4621549752,-79.9275565313,9.0,East Liberty,8.0,15206.0,Completed,42003111500,42003111500,42003111500,38300,"Pittsburgh, PA",3.87,4,42003111500
27758737,BP-2022-16091,BUILDING,CREWS DEVELOPMENT LLC,Crews Contracting LLC,CONSTRUCTION OF OF 3-STORY WOOD-FRAMED SINGLE FAMILY DWELLING WITH INTEGRAL TWO-CAR GARAGE AND ROOFTOP DECK & ACCESS STAIRWAY,NEW CONSTRUCTION,Residential,300000.0,2024-09-19,0049A00131000000,"166 BANNER Way, Pittsburgh, PA 15201-",40.4705138001,-79.9620891512,7.0,Central Lawrenceville,9.0,15201.0,Completed,42003090100,42003090100,42003090100,38300,"Pittsburgh, PA",4.0,4,42003090100
27758753,BP-2022-16190,BUILDING,UPMC MERCY,Mascaro Construction Co LP,INITIAL TENANT FITOUT MEDICAL REPAIR AND STORAGE TENANT ON 3RD FLOOR OF NEW OUTPATIENT HOSPITAL WING,NEW CONSTRUCTION,Commercial,75000.0,2023-01-19,0002M00310000000,"1622 LOCUST ST, Pittsburgh, PA 15219-",40.436106554,-79.9835922908,6.0,Bluff,1.0,15219.0,Completed,42003010302,42003010302,42003010302,38300,"Pittsburgh, PA",4.0,4,42003010302
27758755,BP-2022-16199,BUILDING,OAK & NUTTALS LLC,Pittsburgh Design And Remodeling,CONSTRUCTION OF NEW ONE STORY SINGLE FAMILY DWELLING WITH DECK AT REAR,NEW CONSTRUCTION,Residential,165000.0,2023-05-17,0081G00061000000,"115 ELENA CT, Pittsburgh, PA 15201-",40.4778343814,-79.937134565,9.0,Stanton Heights,10.0,15201.0,Revoked,42003100500,42003100500,42003100500,38300,"Pittsburgh, PA",3.09,3,42003100500
27758783,BP-2022-16380,BUILDING,GARDEN THEATER BLOCK LLC,"Rycon Construction, Inc","CONSTRUCTION FOR INITIAL TENANT FIT OUT OF COFFEE SHOP/CAFE. WORK INCLUDES NEW WALLS, CEILINGS, DOORS & HARDWARE, CASEWORK AND FINISHES",NEW CONSTRUCTION,Commercial,250000.0,2023-03-22,0023L00083000000,"6 W NORTH AVE #212, Pittsburgh, PA 15212-",40.4556645012,-80.0071609396,1.0,Central Northside,22.0,15212.0,Completed,42003565100,42003565100,42003565100,38300,"Pittsburgh, PA",3.98,4,42003565100
27758793,BP-2022-16429,BUILDING,EAST OHIO CAPITAL LLC,Greece Contracting LLC,CONSTRUCTION OF 3 STORY SINGLE FAMILY ATTACHED DWELLING WITH ONE-CAR DETACHED GARAGE AT REAR,NEW CONSTRUCTION,Residential,300000.0,2023-07-20,0023S00238000000,"708 CEDAR AVE, Pittsburgh, PA 15212-",40.4536491837,-80.0014575379,1.0,East Allegheny,23.0,15212.0,Completed,42003563202,42003563202,42003563202,38300,"Pittsburgh, PA",3.99,4,42003563202
27758794,BP-2022-16430,BUILDING,EAST OHIO CAPITAL LLC,Greece Contracting LLC,CONSTRUCTION OF 3 SINGLE FAMILY ATTACHED DWELLING WITH ONE-CAR DETACHED GARAGE AT REAR,NEW CONSTRUCTION,Residential,300000.0,2023-07-20,0023S00239000000,"706 CEDAR AVE, Pittsburgh, PA 15212-",40.4536090119,-80.0014429418,1.0,East Allegheny,23.0,15212.0,Completed,42003563202,42003563202,42003563202,38300,"Pittsburgh, PA",3.99,4,42003563202
27758928,BP-2022-17357,BUILDING,CHECK-RAISE PROPERTIES LLC,Top Notch Heating & Air Inc,CONSTRUCT 3-STORY HOUSE,NEW CONSTRUCTION,Residential,100000.0,2022-12-28,0006F00249000000,"219 SEWARD ST, Pittsburgh, PA 15211-",40.4395173164,-80.0246087361,2.0,Duquesne Heights,19.0,15211.0,Completed,42003191100,42003191100,42003191100,38300,"Pittsburgh, PA",3.42,4,42003191100
27758939,BP-2022-17403,BUILDING,FAIRYWOOD INDUSTRIAL PARK I LLC,"Rycon Construction, Inc","CONSTRUCTION OF NEW WAREHOUSE, STORE, AND OFFICE STRUCTURE WITH ASSOCIATED PARKING AND LOADING DOCKS",NEW CONSTRUCTION,Commercial,10210000.0,2023-02-09,0070E00300000000,"2104 MAZETTE RD, Pittsburgh, PA 15205-",40.4486052545,-80.0839226561,2.0,Fairywood,28.0,15205.0,Completed,42003563000,42003563000,42003563000,38300,"Pittsburgh, PA",2.29,2,42003563000
27758972,BP-2022-17615,BUILDING,ATM ASSOCIATES L P,Marc Anthony Construction Inc,CONSTRUCTION OF NEW TWO STORY SINGLE FAMILY DWELLING WITH INTERGAL GARAGE AND SECOND FLOOR DECK AT REAR.,NEW CONSTRUCTION,Residential,450000.0,2023-05-23,0085J00274000000,"5422 WILKINS AVE, Pittsburgh, PA 15217-",40.4459913367,-79.9325955416,8.0,Squirrel Hill North,14.0,15217.0,Completed,42003140100,42003140100,42003140100,38300,"Pittsburgh, PA",1.09,1,42003140100
27758979,BP-2022-17641,BUILDING,,BOO-06 LLC,CONSTRUCTION OF NEW SINGLE FAMILY DWELLING WITH ONE CAR GARAGE AND DECK AT REAR,NEW CONSTRUCTION,Residential,100000.0,2023-02-06,0019G00063000000,"525 WESTON Way, Pittsburgh, PA 15220-",40.4384986702,-80.0390347167,2.0,Elliott,20.0,15220.0,Completed,42003562600,42003562600,42003562600,38300,"Pittsburgh, PA",3.43,4,42003562600
27758980,BP-2022-17642,BUILDING,,BOO-06 LLC,CONSTRUCTION OF NEW SINGLE FAMILY DWELLING WITH ONE CAR GARAGE AND DECK AT REAR,NEW CONSTRUCTION,Residential,100000.0,2023-02-06,0019G00062000000,"529 WESTON Way, Pittsburgh, PA 15220-",40.4385344355,-80.0391745251,2.0,Elliott,20.0,15220.0,Completed,42003562600,42003562600,42003562600,38300,"Pittsburgh, PA",3.43,4,42003562600
27758984,BP-2022-17661,BUILDING,COSTELLO PROPERTIES LLC,Costello Management LLC,CONSTRUCTION OF A 4-STORY 9-UNIT APARTMENT BUILDING WITH ROOFTOP DECK AND BASEMENT GARAGE,NEW CONSTRUCTION,Commercial,450000.0,2023-04-24,0084K00260000000,"316 S HIGHLAND AVE #402, Pittsburgh, PA 15206-",40.4568199116,-79.9255463383,8.0,Shadyside,7.0,15232.0,Completed,42003070500,42003070500,42003070500,38300,"Pittsburgh, PA",2.74,3,42003070500
27758987,BP-2022-17693,BUILDING,SHAKESPEARE STREET ASSOCIATES,"Continental Building Company II, LLC",PHASED CONSTRUCTION OF CORE AND SHELL FOR PARTIAL 1ST FLOOR OF FUTURE 6-STORY MULTI-USE BUILDING,NEW CONSTRUCTION,Commercial,10806335.0,2023-05-11,0084G00258000000,"163 SHADY AVE #114, Pittsburgh, PA 15206-",40.4587972853,-79.9211060768,8.0,Shadyside,7.0,15206.0,Completed,42003070800,42003070800,42003070800,38300,"Pittsburgh, PA",2.9,3,42003070800
27759005,BP-2022-17791,BUILDING,,"Parry Custom Homes, Inc",CONSTRUCT NEW 2-STORY HOUSE WITH BASEMENT & INTEGRAL GARAGE,NEW CONSTRUCTION,Residential,435203.0,2023-07-11,0046L00136000000,No primary address specified,40.4661539472,-80.0075456422,6.0,Perry South,26.0,15214.0,Completed,42003261400,42003261400,42003261400,38300,"Pittsburgh, PA",2.5,3,42003261400
27759019,BP-2022-17907,BUILDING,CHECK-RAISE PROPERTIES LLC,Top Notch Heating & Air,CONSTRUCT 3-STORY HOUSE,NEW CONSTRUCTION,Residential,100000.0,2022-12-28,0006G00088000000,"221 SEWARD ST, Pittsburgh, PA 15211-",40.4394603597,-80.0246664002,2.0,Duquesne Heights,19.0,15211.0,Completed,42003191100,42003191100,42003191100,38300,"Pittsburgh, PA",3.42,4,42003191100
27759061,BP-2022-18261,BUILDING,1238 BUTTERFIELD LLC,PF & More LLC,"CONSTRUCTION OF TWO STORY SINGLE FAMILY DWELLING, CONC. PATIO AND PARKING PAD
AMENDED 03-22-2023 TO INCLUDE SINGLE VEHICLE ATTACHED GARAGE",NEW CONSTRUCTION,Residential,100000.0,2023-01-06,0023K00391000000,"1319 REDDOUR ST, Pittsburgh, PA 15212-",40.456914215,-80.0083290822,1.0,Central Northside,22.0,15212.0,Issued,42003565100,42003565100,42003565100,38300,"Pittsburgh, PA",3.98,4,42003565100
27759063,BP-2022-18273,BUILDING,CITY OF PITTSBURGH,"Rycon Construction, Inc","CONSTRUCTION OF NEW POOL, ATHLETIC FIELD WITH ASSOCIATED STANDS, AND LOCKERS, CONCESSIONS, AND OFFICES WITH NEW PARKING AND FENCES",NEW CONSTRUCTION,Commercial,12000000.0,2024-01-25,0125S00150000000,"540 N LANG AVE, Pittsburgh, PA 15208-",40.4538608939,-79.8998770661,9.0,Homewood South,13.0,15208.0,Completed,42003130800,42003130800,42003130800,38300,"Pittsburgh, PA",3.56,4,42003130800
27759099,BP-2022-18413,BUILDING,SHAKESPEARE STREET ASSOCIATES,"Carl Walker Construction, Inc",CONSTRUCT A NEW TWO STORIES THREE LEVELS OPEN PARKING GARAGE BUILDING.,NEW CONSTRUCTION,Commercial,8951261.0,2023-05-26,0084G00258000000,"163 SHADY AVE #114, Pittsburgh, PA 15206-",40.4587972853,-79.9211060768,8.0,Shadyside,7.0,15206.0,Completed,42003070800,42003070800,42003070800,38300,"Pittsburgh, PA",2.9,3,42003070800
27759105,BP-2022-18444,BUILDING,COMHDAN REALTY LP,"Marco Contractors, Inc",FIRST TENANT FIT OUT ON NORTH WEST CORNER OF FIRST FLOOR FROM CORE AND SHELL TO RESTAURANT EXTERIOR WORK REPLACING DOOR WITH PICK UP WINDOW,NEW CONSTRUCTION,Commercial,300000.0,2023-06-20,0028F00322000000,"3510 FORBES AVE, Pittsburgh, PA 15213-",40.4396582241,-79.9586741342,3.0,Central Oakland,4.0,15213.0,Completed,42003040500,42003040500,42003040500,38300,"Pittsburgh, PA",3.0,3,42003040500
27759118,BP-2022-18528,BUILDING,UPMC PRESBYTERIAN SHADYSIDE,Whiting-Turner / P.J. Dick JV,"PHASED CONSTRUCTION OF NEW HOSPITAL WING INCLUDING FOUNDATIONS/FOUNDATION WATERPROOFING, SUPERSTRUCTURE/PRIMARY FRAMING, AND STAIRS",NEW CONSTRUCTION,Commercial,2837797.0,2023-04-28,0028B00310000000,"3701 5TH AVE, Pittsburgh, PA 15213-",40.4424544322,-79.9598453087,8.0,West Oakland,4.0,15213.0,Issued,42003040200,42003040200,42003040200,38300,"Pittsburgh, PA",3.99,4,42003040200
27759164,BP-2022-18821,BUILDING,FREEMAN LISA,Westwind Construction Inc.,CONSTRUCTION OF 2-STORY BUILDING,NEW CONSTRUCTION,Residential,150000.0,2023-05-24,0022K00118000000,"1426 JUNIATA ST, Pittsburgh, PA 15233-",40.4568787321,-80.0282887132,6.0,Manchester,21.0,15233.0,Completed,42003565200,42003565200,42003565200,38300,"Pittsburgh, PA",4.0,4,42003565200
27759175,BP-2022-18896,BUILDING,OUR LADY OF VICTORY MARONITE CHURCH,CogHill Roofing Co,24' X 36' ONE STORY DETACHED GARAGE AS ACCESSORY STORAGE AT REAR OF EXISTING CHURCH.,NEW CONSTRUCTION,Commercial,80000.0,2023-03-30,0016F00014000000,"1000 TROPICAL AVE, Pittsburgh, PA 15216-",40.4191538077,-80.0260192321,4.0,Beechview,19.0,15216.0,Issued,42003191600,42003191600,42003191600,38300,"Pittsburgh, PA",3.08,3,42003191600
27759232,BP-2022-19369,BUILDING,MODULE LIVING LLC,Module Build LLC,"CONSTRUCTION OF NEW 3 STORY SINGLE FAMILY DWELLING  WITH FIRST FLOOR DECK WITH STEPS TO GRADE, ONE CAR PARKING PAD AND 6' TALL FENCE ENCLOSING YARD",NEW CONSTRUCTION,Residential,185000.0,2023-11-22,0023L00160000000,"1211 BOYLE ST, Pittsburgh, PA 15212-",40.4563744955,-80.0061994996,1.0,Central Northside,22.0,15212.0,Completed,42003565100,42003565100,42003565100,38300,"Pittsburgh, PA",3.98,4,42003565100
27759233,BP-2022-19382,BUILDING,MODULE LIVING LLC,"Module Design, Inc.","CONSTRUCTION OF NEW 3 STORY SINGLE FAMILY DWELLING  WITH FIRST FLOOR DECK WITH STEPS TO GRADE, ONE CAR PARKING PAD AND 6' TALL FENCE ENCLOSING YARD",NEW CONSTRUCTION,Residential,185000.0,2023-11-21,0023L00159000000,"1213 BOYLE ST, Pittsburgh, PA 15212-",40.4564274224,-80.00621552,1.0,Central Northside,22.0,15212.0,Completed,42003565100,42003565100,42003565100,38300,"Pittsburgh, PA",3.98,4,42003565100
27759243,BP-2022-19500,BUILDING,,Liberty Evergreen Development LLC,CONSTRUCTION OF DETACHED GARAGE AT REAR OF SINGLE FAMILY DWELLING,NEW CONSTRUCTION,Residential,31785.0,2023-04-17,0049F00249000000,"273 MAIN ST, Pittsburgh, 15201-",40.468345392,-79.958490481,7.0,Central Lawrenceville,9.0,15201.0,Completed,42003090200,42003090200,42003090200,38300,"Pittsburgh, PA",3.02,3,42003090200
27759446,BP-2023-00854,BUILDING,RUANE KYLE & KRISTINA (W),Shape Development Group LLC,CONSTRUCT 2-STORY HOUSE WITH INTEGRAL GARAGE & REAR ROOFTOP DECK,NEW CONSTRUCTION,Residential,400000.0,2023-03-06,0083K00159000000,"414 N SAINT CLAIR ST, Pittsburgh, PA 15206-",40.4663444597,-79.9263787293,9.0,East Liberty,11.0,15206.0,Completed,42003111500,42003111500,42003111500,38300,"Pittsburgh, PA",3.87,4,42003111500
27759457,BP-2023-00939,BUILDING,2926 SMALLMAN STREET ASSOCIATES LP,Franjo Construction Corporation,"NEW SEVEN-STORY RESIDENTIAL HIGHRISE APARTMENT BUILDING UTILIZING PODIUM CONSTRUCTION (TYPE IA ON FIRST TWO FLOORS AND IIIA ABOVE), FOUNDATION FOR 3 MECHANICAL STACKED PARKING STRUCTURES (42 CARS)",NEW CONSTRUCTION,Commercial,8417923.0,2023-12-20,0025G00039000000,"2930 SMALLMAN ST #408, Pittsburgh, PA 15201-",40.4588292868,-79.9740815055,1.0,Strip District,6.0,15201.0,Completed,42003020300,42003020300,42003020300,38300,"Pittsburgh, PA",4.0,4,42003020300
27759490,BP-2023-01190,BUILDING,BUNCHER COMPANY,Fortney & Weygandt Inc,INTERIOR ALTERATIONS FOR FIRST TENANT FIT OUT OF OFFICE AT FIRST FLOOR OF 8 STORY CORE AND SHELL BUILDING,NEW CONSTRUCTION,Commercial,950000.0,2023-06-02,0009G00170000000,"1447 SMALLMAN ST, Pittsburgh, PA 15222-",40.4486022823,-79.9903585214,1.0,Strip District,2.0,15222.0,Completed,42003020300,42003020300,42003020300,38300,"Pittsburgh, PA",4.0,4,42003020300
27759504,BP-2023-01310,BUILDING,GIG III LP,P. W. Campbell Contracting Co.,NEW SINGLE STORY BANK BUILDING WITH PORTE COCHERE TELLER STATION,NEW CONSTRUCTION,Commercial,1350000.0,2023-09-08,0083N00281000000,"5585 PENN AVE, Pittsburgh, PA 15206-",40.4639531997,-79.9307133259,9.0,Garfield,11.0,15206.0,Completed,42003111400,42003111400,42003111400,38300,"Pittsburgh, PA",2.66,3,42003111400
27759527,BP-2023-01469,BUILDING,LORE PPA BKSQ PARCEL B LLC,P.J. Dick Incorporated,INTERIOR ALTERATIONS TO CREATE OFFICE AT EXISTING NINE STORY BUILDING,NEW CONSTRUCTION,Commercial,277063.0,2023-02-10,0125J00120000000,"6501 LIVING PL, Pittsburgh, PA 15206-",40.4562370919,-79.9162070297,8.0,Shadyside,7.0,15206.0,Completed,42003070800,42003070800,42003070800,38300,"Pittsburgh, PA",2.9,3,42003070800
27759556,BP-2023-01622,BUILDING,SHAKESPEARE STREET ASSOCIATES,"Continental Building Company II, LLC",PHASED CONSTRUCTION OF CORE AND SHELL FOR 2-STORY BUILDING,NEW CONSTRUCTION,Commercial,6778915.0,2023-11-03,0084G00258000000,"163 SHADY AVE #114, Pittsburgh, PA 15206-",40.4587972853,-79.9211060768,8.0,Shadyside,7.0,15206.0,Completed,42003070800,42003070800,42003070800,38300,"Pittsburgh, PA",2.9,3,42003070800
27759596,BP-2023-01855,BUILDING,FIFTY 26TH LLC,Franjo Construction Corporation,CONSTRUCT A NEW 6 STORIES RESIDENTIAL APARTMENT BUILDING WITH FIRST FLOOR RETAIL AND PARKING,NEW CONSTRUCTION,Commercial,15000000.0,2024-09-18,0025J00150000000,"2558 RAILROAD ST #627, Pittsburgh, PA 15222-",40.4556956177,-79.9803076315,1.0,Strip District,2.0,15222.0,Completed,42003020300,42003020300,42003020300,38300,"Pittsburgh, PA",4.0,4,42003020300
27759621,BP-2023-02043,BUILDING,1717 FIFTH LLC,Greece Contracting LLC,CONSTRUCT NEW TENANT FITOUT FOR A COFFEE SHOP  AND A MARKETPLACE,NEW CONSTRUCTION,Commercial,15000.0,2023-06-20,0011E00037000000,"1709 5TH AVE #101, Pittsburgh, PA 15219-",40.4386324646,-79.9821031662,6.0,Crawford-Roberts,3.0,15219.0,Completed,42003030500,42003030500,42003030500,38300,"Pittsburgh, PA",4.0,4,42003030500
27759652,BP-2023-02235,BUILDING,EASTSIDE LIMITED PARTNERSHIP III,"Loberg Construction Co., Inc.",FIRST TENANT FITOUT OF 5458SF ON THE FIRST FLOOR AS A VETERINARY HOSPITAL,NEW CONSTRUCTION,Commercial,803000.0,2023-08-25,0084C00055000000,"6226 PENN AVE, Pittsburgh, PA 15206-",40.460015708,-79.9231934238,8.0,Shadyside,7.0,15206.0,Completed,42003070800,42003070800,42003070800,38300,"Pittsburgh, PA",2.9,3,42003070800
27759653,BP-2023-02248,BUILDING,TRAFFIC EFFECT LLC,PF & More LLC,3 STORY SINGLE FAMILY DWELLING,NEW CONSTRUCTION,Residential,150000.0,2023-03-02,0023K00389000100,"1313 REDDOUR ST, Pittsburgh, PA 15212-",40.4568034017,-80.0082920782,1.0,Central Northside,22.0,15212.0,Issued,42003565100,42003565100,42003565100,38300,"Pittsburgh, PA",3.98,4,42003565100
27759656,BP-2023-02297,BUILDING,NORTH SHORE XIV LLC,"Continental Building Company II, LLC",CONSTRUCT A CANOPY FOR EXTERIOR SEATING,NEW CONSTRUCTION,Commercial,20000.0,2023-07-12,0008K00022000000,"271 NORTH SHORE DR #700, Pittsburgh, PA 15212-",40.4460312776,-80.0093046886,6.0,North Shore,22.0,15212.0,Completed,42003981200,42003981200,42003981200,38300,"Pittsburgh, PA",4.0,4,42003981200
27759676,BP-2023-02411,BUILDING,RIDC MILL 19A,Landau Building Co,TENANT FIT OF OFFICE SPACE,NEW CONSTRUCTION,Commercial,25000.0,2023-04-27,0055J00114000A00,"4501 LYTLE ST, Pittsburgh, PA 15207-",40.4150172885,-79.9480295193,5.0,Hazelwood,15.0,15207.0,Completed,42003562901,42003562901,42003562901,38300,"Pittsburgh, PA",3.75,4,42003562901
27759678,BP-2023-02454,BUILDING,EASTSIDE LIMITED PARTNERSHIP III,PBI Construction Co LLC,CONTINUATION OF NEW PHASED CONSTRUCTION - INTERIOR ALTERATIONS (I.E. LANDLORD WORK) OF ORIGINAL CORE AND SHELL SPACE IN PREPARATION FOR FUTURE FIT-OUT PERMIT SCOPE. SCOPE OF WORK TO INCLUDE NEW TENANT DEMISING WALL IN PREPARATION FOR FUTURE FIT-OUT PERMIT.,NEW CONSTRUCTION,Commercial,25000.0,2023-04-26,0084C00055000000,"6226 PENN AVE, Pittsburgh, PA 15206-",40.460015708,-79.9231934238,8.0,Shadyside,7.0,15206.0,Issued,42003070800,42003070800,42003070800,38300,"Pittsburgh, PA",2.9,3,42003070800
27759688,BP-2023-02513,BUILDING,VETERANS PLACE OF WASHINGTON BOULEVARD,Volpatt Construction Corporation,CONSTRUCT A NEW THREE STORIES BUILDING TO BE USED AS RESIDENTIAL APARTMENTS AND TREATMENT FACILITY WITH EXTERIOR RETAINING WALL OVER 4 FEET IN HEIGHT.,NEW CONSTRUCTION,Commercial,1800000.0,2023-08-22,0125C00162000000,"975 WASHINGTON BLVD #308, Pittsburgh, PA 15206-",40.4618991147,-79.9059928624,9.0,Larimer,12.0,15206.0,Completed,42003120900,42003120900,42003120900,38300,"Pittsburgh, PA",3.84,4,42003120900
27759691,BP-2023-02527,BUILDING,HSRE-RPG FORBES AVENUE LLC,"Rycon Construction, Inc","CONSTRUCT NEW 12 STORY APARTMENT BUILDING WITH TENANT AMENITY SPACES, EXTERIOR COURTYARD, PERGOLA, AND SURFACE PARKING",NEW CONSTRUCTION,Commercial,34000000.0,2023-08-03,0002L00037000000,"1045 FORBES AVE #1125, Pittsburgh, PA 15219-",40.4380964887,-79.9892990452,6.0,Bluff,1.0,15219.0,Completed,42003010302,42003010302,42003010302,38300,"Pittsburgh, PA",4.0,4,42003010302
27759693,BP-2023-02538,BUILDING,231 - 237 SPAHR STREET LLC,Lobos Management,TENANT FIT-OUT OF CORE AND SHELL SPACE.,NEW CONSTRUCTION,Commercial,5000.0,2023-04-27,0084F00324000000,"235 SPAHR ST, Pittsburgh, PA 15232-",40.45782655,-79.9271135515,8.0,Shadyside,7.0,15232.0,Issued,42003070500,42003070500,42003070500,38300,"Pittsburgh, PA",2.74,3,42003070500
27759715,BP-2023-02665,BUILDING,EASTSIDE LIMITED PARTNERSHIP III,Lins Contruction LLC,CONSTRUCT NEW TENANT FITOUT AS A BAKERY WITH SEATING AREA AND MARKETPLACE,NEW CONSTRUCTION,Commercial,150000.0,2023-07-11,0084C00055000000,"6226 PENN AVE, Pittsburgh, PA 15206-",40.460015708,-79.9231934238,8.0,Shadyside,7.0,15206.0,Completed,42003070800,42003070800,42003070800,38300,"Pittsburgh, PA",2.9,3,42003070800
27759780,BP-2023-03176,BUILDING,TCB EAST LIBERTY SOUTH COMMERCIAL,Nelcon Inc,INTERIOR CONSTRUCTION FOR A NEW TENANT FITOUT OF THE SPACE AS A RESTAURANT (SMALL ASSEMBLY TENANT SPACE),NEW CONSTRUCTION,Commercial,164000.0,2023-07-18,0084B00173000C00,"5818 PENN AVE, Pittsburgh, PA 15206-",40.4621549752,-79.9275565313,9.0,East Liberty,8.0,15206.0,Completed,42003111500,42003111500,42003111500,38300,"Pittsburgh, PA",3.87,4,42003111500
27759802,BP-2023-03322,BUILDING,LORE PPA BKSQ PARCEL B LLC,P.J. Dick Incorporated,INTITIAL TENANT FIT OUT ON PARTIAL 2ND FLOOR OF 9 STORY BUILDING,NEW CONSTRUCTION,Commercial,680000.0,2023-05-10,0125J00120000000,"6501 LIVING PL, Pittsburgh, PA 15206-",40.4562370919,-79.9162070297,8.0,Shadyside,7.0,15206.0,Completed,42003070800,42003070800,42003070800,38300,"Pittsburgh, PA",2.9,3,42003070800
27759816,BP-2023-03437,BUILDING,RYAN KRISTIN L,KEVIN MOONEY CONSTRUCTION,"CONSTRUCTION OF NEW THREE-STORY SINGLE FAMILY DWELLING WITH INTEGRAL TWO-CAR GARAGE, FRONT PORCHE & STAIRS TO GRADE AS WELL AS REAR DECK & STAIRS TO GRADE",NEW CONSTRUCTION,Residential,280000.0,2023-06-05,0054N00086000000,"14 YODER ST, Pittsburgh, PA 15207-",40.4242300759,-79.9482935753,5.0,Greenfield,15.0,15207.0,Completed,42003151600,42003151600,42003151600,38300,"Pittsburgh, PA",3.68,4,42003151600
27759827,BP-2023-03546,BUILDING,LI YUQUAN,IDR LLC,CONSTRUCTION OF NEW THREE STORY (ATTACHED) SINGLE-FAMILY DWELLING WITH ROOFTOP DECK AT REAR,NEW CONSTRUCTION,Residential,150000.0,2023-05-02,0024K00310000000,"902 AHLERS Way, Pittsburgh, PA 15212-",40.4566380666,-79.9936530222,1.0,East Allegheny,23.0,15212.0,Completed,42003563202,42003563202,42003563202,38300,"Pittsburgh, PA",3.99,4,42003563202
27759828,BP-2023-03547,BUILDING,LI YUQUAN,IDR LLC,CONSTRUCTION OF NEW THREE STORY (ATTACHED) SINGLE-FAMILY DWELLING WITH ROOFTOP DECK AT REAR,NEW CONSTRUCTION,Residential,150000.0,2023-05-03,0024K00311000000,"904 AHLERS Way, Pittsburgh, PA 15212-",40.4567233818,-79.9936825286,1.0,East Allegheny,23.0,15212.0,Completed,42003563202,42003563202,42003563202,38300,"Pittsburgh, PA",3.99,4,42003563202
27759830,BP-2023-03550,BUILDING,LI YUQUAN,IDR LLC,CONSTRUCTION OF NEW THREE STORY (ATTACHED) SINGLE-FAMILY DWELLING WITH ROOFTOP DECK AT REAR,NEW CONSTRUCTION,Residential,150000.0,2023-05-02,0024K00312000000,"903 RICKENBACH ST, Pittsburgh, PA 15212-",40.4566870825,-79.9933882162,1.0,East Allegheny,23.0,15212.0,Completed,42003563202,42003563202,42003563202,38300,"Pittsburgh, PA",3.99,4,42003563202
27759831,BP-2023-03551,BUILDING,LI YUQUAN,IDR LLC,CONSTRUCTION OF NEW THREE STORY (ATTACHED) SINGLE-FAMILY DWELLING WITH ROOFTOP DECK AT REAR,NEW CONSTRUCTION,Residential,150000.0,2023-05-02,0024K00313000000,"905 RICKENBACH ST, Pittsburgh, PA 15212-",40.4567726178,-79.9934179571,1.0,East Allegheny,23.0,15212.0,Completed,42003563202,42003563202,42003563202,38300,"Pittsburgh, PA",3.99,4,42003563202
27759879,BP-2023-03865,BUILDING,1238 BUTTERFIELD LLC,PF & More LLC,NEW CONSTRUCTION OF SINGLE FAMILY DWELLING WITH ONE CAR INTEGRAL GARAGE AT FRONT AND 6' TALL FENCE ENCLOSING REAR YARD,NEW CONSTRUCTION,Residential,50000.0,2023-04-13,0023K00390000000,"1236 BUTTERFIELD Way, Pittsburgh, PA 15212-",40.4568149117,-80.0084936439,1.0,Central Northside,22.0,15212.0,Issued,42003565100,42003565100,42003565100,38300,"Pittsburgh, PA",3.98,4,42003565100
27759911,BP-2023-04068,BUILDING,LOVE WILLIAM O & MORGEN B (W),"DeNinno Construction, LLC","CONSTRUCTION OF A NEW THREE-STORY, SINGLE-FAMILY DWELLING BUILDING, WITH A FULL HEIGHT CMU FOUNDATION.",NEW CONSTRUCTION,Residential,175000.0,2023-07-28,0057C00171000000,"5506 SUNNYSIDE ST, Pittsburgh, PA 15207-",40.4021254312,-79.9397844298,5.0,Hazelwood,15.0,15207.0,Completed,42003562300,42003562300,42003562300,38300,"Pittsburgh, PA",3.44,4,42003562300
27759954,BP-2023-04343,BUILDING,DIRKS LAWRENCEVILLE LLC,Dove Contracting Inc,NEW CONSTRUCTION OF ONE STORY STRUCTURE AS CAR WASH AND SITE DEVELOPMENT,NEW CONSTRUCTION,Commercial,450000.0,2023-06-12,0120J00190000000,"5608 BUTLER ST, Pittsburgh, PA 15201-",40.4844534144,-79.9473815875,7.0,Upper Lawrenceville,10.0,15201.0,Completed,42003101100,42003101100,42003101100,38300,"Pittsburgh, PA",3.32,4,42003101100
27760001,BP-2023-04662,BUILDING,WINDOM DEVELOPMENT LLC,Artisan Development Group LLC,CONSTRUCT 2 STORY HOUSE WITH BASEMENT & ROOFTOP DECK,NEW CONSTRUCTION,Residential,225000.0,2023-07-12,0003K00166000000,"622 WINDOM ST, Pittsburgh, PA 15203-",40.4270853995,-79.9930921456,3.0,South Side Slopes,17.0,15203.0,Completed,42003170600,42003170600,42003170600,38300,"Pittsburgh, PA",3.74,4,42003170600
27760005,BP-2023-04674,BUILDING,ANG REAL ESTATE LLC,Pittsburgh Kitchenramma LLC,CONSTRUCTION OF DETACHED TWO CAR GARAGE AT REAR OF EXISTING SINGLE-FAMILY DWELLING,NEW CONSTRUCTION,Residential,20000.0,2023-08-08,0026N00095000000,"3374 WEBSTER AVE, Pittsburgh, 15219-",40.4542731099,-79.9624744804,6.0,Upper Hill,5.0,15219.0,Completed,42003050600,42003050600,42003050600,38300,"Pittsburgh, PA",3.01,3,42003050600
27760018,BP-2023-04755,BUILDING,URBAN REDEVELOPMENT AUTHORITY OFPITTSBURGH,Innovative Construction Specialists,CONSTRUCTION OF NEW BASKETBALL COURT WITH FENCE AND ACCESS WALK,NEW CONSTRUCTION,Commercial,80000.0,2023-07-19,0029J00205000000,"2810 SOUTH WATER ST, Pittsburgh, PA 15203-",40.4271980872,-79.9630222969,3.0,South Side Flats,16.0,15203.0,Issued,42003160900,42003160900,42003160900,38300,"Pittsburgh, PA",4.0,4,42003160900
27760050,BP-2023-04921,BUILDING,,K.G. Contacting LLC,"CONSTRUCTION OF THREE-STORY STRUCTURE AS SINGLE FAMILY (DETACHED) DWELLING WITH 6' TALL FENCE ALONG REAR PROPERTY LINE, ROOFTOP DECK WITH PENTHOUSE STORAGE AND STAIR ACCESS ON ROOF",NEW CONSTRUCTION,Residential,400000.0,2025-05-05,0023G00078000000,"1424 BOYLE ST, Pittsburgh, PA 15212-",40.458094985,-80.0063667874,1.0,Central Northside,25.0,15212.0,Issued,42003565100,42003565100,42003565100,38300,"Pittsburgh, PA",3.98,4,42003565100
27760128,BP-2023-05410,BUILDING,TUCKER JOHN CURTIS,John Tucker,"CONSTRUCTION OF TWO STORY DETACHED SINGLE FAMILY DWELLING WITH THREE CAR INTEGRAL GARAGE, COVERED FRONT PORCH, AND SECOND FLOOR COVERED DECK ON THE SOUTH SIDE, ENGINEER REPORT CONFIRMING STRUCTURAL REPAIRS DUE TO FIRE",NEW CONSTRUCTION,Residential,150000.0,2023-08-14,0175H00028000000,"1435 PITT ST, Pittsburgh, 15221-",40.4482633666,-79.885373944,9.0,Homewood South,13.0,15221.0,Issued,42003130800,42003130800,42003130800,38300,"Pittsburgh, PA",3.56,4,42003130800
27760201,BP-2023-05803,BUILDING,ANSANELLLI CHARLES F JR & ANGELICA (W),Local Roots Landscaping LLC,"NEW IN-GROUND POOL AND HOT TUB IN ELEVATED PATIO & 42"" TALL FENCE AT  FRONT, 6' TALL FENCE AT SIDE, AND 4' TALL FENCE AT PLAY AREA REAR. (ACCESSORY TO 6 TOWNHOMES)",NEW CONSTRUCTION,Commercial,98000.0,2023-10-17,0023E00074000000,"504 W JEFFERSON ST, Pittsburgh, PA 15212-",40.4592315104,-80.0129983982,1.0,Central Northside,25.0,15212.0,Issued,42003565100,42003565100,42003565100,38300,"Pittsburgh, PA",3.98,4,42003565100
27760245,BP-2023-06095,BUILDING,DUQUESNE UNIVERSITY OF THE HOLY GHOST,Volpatt Construction Corporation,CONSTRUCTION OF PAVILION WITH FIREPLACE,NEW CONSTRUCTION,Commercial,800000.0,2023-08-22,0002L00316000000,"450 MAGEE ST, Pittsburgh, PA 15282-",40.436191678,-79.9892236629,6.0,Bluff,1.0,15219.0,Completed,42003010302,42003010302,42003010302,38300,"Pittsburgh, PA",4.0,4,42003010302
27760330,BP-2023-06684,BUILDING,,422 home sales,"FOUNDATIONS, STAIRS/LANDINGS, AND PLACEMENT OF PRE-MANUFACTURED HOME (SINGLE-WIDE)",NEW CONSTRUCTION,Residential,104000.0,2023-09-19,0014E00120000000,"212 BELTZHOOVER AVE, Pittsburgh, PA 15210-",40.4202414115,-79.9976352314,3.0,Beltzhoover,18.0,15210.0,Issued,42003562400,42003562400,42003562400,38300,"Pittsburgh, PA",3.0,3,42003562400
27760363,BP-2023-06904,BUILDING,PITTSBURGH HOUSING DEVELOPMENT CORPORATION,Timbers Building Company,CONSTRUCTION OF WOOD FRAMED TWO-STORY DETACHED SINGLE FAMILY DWELLING,NEW CONSTRUCTION,Residential,250000.0,2023-06-16,0083M00174000000,"22 MAYFLOWER ST, Pittsburgh, PA 15206-",40.4652075033,-79.9173481837,9.0,Larimer,12.0,15206.0,Issued,42003120900,42003120900,42003120900,38300,"Pittsburgh, PA",3.84,4,42003120900
27760364,BP-2023-06905,BUILDING,PITTSBURGH HOUSING DEVELOPMENT CORPORATION,Timbers Building Company,CONSTRUCTION OF WOOD FRAMED TWO-STORY DETACHED SINGLE FAMILY DWELLING,NEW CONSTRUCTION,Residential,250000.0,2023-06-05,0083M00176000000,"26 MAYFLOWER ST, Pittsburgh, PA 15206-",40.4651314436,-79.9172647316,9.0,Larimer,12.0,15206.0,Issued,42003120900,42003120900,42003120900,38300,"Pittsburgh, PA",3.84,4,42003120900
27760515,BP-2023-07821,BUILDING,HOLLYWOOD CEMETERY INC,Young Electric Service,USE OF 150' TALL CLASS B COMMUNICATIONS TOWER WITH 50' X 50' EQUIPMENT AREA ON GROUND.,NEW CONSTRUCTION,Commercial,200000.0,2023-12-28,0071P00001000001,"1659 SUMMERDALE ST, Pittsburgh, PA 15204-",40.4548751564,-80.0771180046,2.0,Windgap,28.0,15204.0,Issued,42003563000,42003563000,42003563000,38300,"Pittsburgh, PA",2.29,2,42003563000
27760603,BP-2023-08339,BUILDING,,"JG Contracting Company, Inc.",INSTALLATION OF BELOW GRADE MICROPILE AND GRADE BEAM TO STABILIZE REAR SLOPE,NEW CONSTRUCTION,Residential,190780.0,2023-06-02,0086N00003000000,"5420 DARLINGTON RD, Pittsburgh, PA 15217-",40.4355848321,-79.9324658857,5.0,Squirrel Hill South,14.0,15217.0,Issued,42003141300,42003141300,42003141300,38300,"Pittsburgh, PA",1.93,2,42003141300
27760652,BP-2023-08549,BUILDING,CITY OF PITTSBURGH,VS&H Construction Company LLC,"CONSTRUCTION OF NEW PARK WITH PLAYGROUND, SPRAY PARK, PATHS, FENCES, BASKETBALL COURT, AND PAVILLION",NEW CONSTRUCTION,Commercial,1500000.0,2024-05-17,0084A00176000000,"201 AMBER ST, Pittsburgh, PA 15206-",40.4614381395,-79.9295556678,9.0,East Liberty,8.0,15206.0,Issued,42003111500,42003111500,42003111500,38300,"Pittsburgh, PA",3.87,4,42003111500
27760665,BP-2023-08639,BUILDING,OFFICE PARTNERS XXIII BLOCK G1 LLC,Sentinel Construction LLC,PHASED BUILDING CONSTRUCTION OFFICE TENANT FIT-OUT ON MULTIPLE FLOORS,NEW CONSTRUCTION,Commercial,15291420.0,2023-08-15,0002C00450000100,"626 WASHINGTON PL #2501, Pittsburgh, PA 15219-",40.4415602968,-79.9914618561,6.0,Crawford-Roberts,3.0,15219.0,Issued,42003030500,42003030500,42003030500,38300,"Pittsburgh, PA",4.0,4,42003030500
27760704,BP-2023-08890,BUILDING,SHAKESPEARE STREET ASSOCIATES,Franjo Construction Corporation,PHASED CONSTRUCTION OF APARTMENT BUILDING ON FLOORS 2-6 OF A 6 STORY BUILDING.,NEW CONSTRUCTION,Commercial,16756822.0,2024-08-02,0084G00258000000,"163 SHADY AVE #114, Pittsburgh, PA 15206-",40.4587972853,-79.9211060768,8.0,Shadyside,7.0,15206.0,Completed,42003070800,42003070800,42003070800,38300,"Pittsburgh, PA",2.9,3,42003070800
27760730,BP-2023-08967,BUILDING,SIEGEL SMOOKE HOLDINGS LLC,TK Carpentry & Construction Inc,CONSTRUCTION OF A NEW MODULAR THREE STORY SINGLE FAMILY DWELLING WITH A DETACHED GARAGE AND A ROOFTOP DECK,NEW CONSTRUCTION,Residential,350000.0,2023-09-15,0026D00288000000,"413 PEARL ST, Pittsburgh, PA 15224-",40.4604930992,-79.9509465821,7.0,Bloomfield,8.0,15224.0,Issued,42003080200,42003080200,42003080200,38300,"Pittsburgh, PA",3.0,3,42003080200
27760894,BP-2023-09929,BUILDING,OFFICE PARTNERS XXIII BLOCK G1 LLC,P.J. Dick Incorporated,INTERIOR RENOVATIONS FOR OFFICE AMENITIES SPACE IN TENANT FIT-OUT OF CORE & SHELL SPACE,NEW CONSTRUCTION,Commercial,2309005.0,2023-08-17,0002C00450000100,"626 WASHINGTON PL #2501, Pittsburgh, PA 15219-",40.4415602968,-79.9914618561,6.0,Crawford-Roberts,3.0,15219.0,Completed,42003030500,42003030500,42003030500,38300,"Pittsburgh, PA",4.0,4,42003030500
27760923,BP-2023-10044,BUILDING,,J-D Services LLC,"CONSTRUCT 3-STORY MODULAR HOUSE WITH BASEMENT, INTEGRAL PARKING & ROOFTOP DECK",NEW CONSTRUCTION,Residential,250000.0,2023-07-31,0049C00208000000,"4600 DAVISON ST, Pittsburgh, PA 15201-",40.4711538426,-79.9562678277,7.0,Central Lawrenceville,9.0,15201.0,Completed,42003090200,42003090200,42003090200,38300,"Pittsburgh, PA",3.02,3,42003090200
27760924,BP-2023-10045,BUILDING,PENN 45 LP,J-D Services LLC,"CONSTRUCT 3-STORY MODULAR HOUSE WITH BASEMENT, INTEGRAL PARKING & ROOFTOP DECK",NEW CONSTRUCTION,Residential,250000.0,2023-07-31,0049C00206000000,"4602 DAVISON ST, Pittsburgh, PA 15201-",40.4712018933,-79.9562087574,7.0,Central Lawrenceville,9.0,15201.0,Completed,42003090200,42003090200,42003090200,38300,"Pittsburgh, PA",3.02,3,42003090200
27760936,BP-2023-10159,BUILDING,,Manheim Corporation,CONSTRUCTION OF ONE STORY MASONRY TWO CAR DETACHED GARAGE WITH STEEL & WOOD ROOFTOP DECK AND STAIRS,NEW CONSTRUCTION,Residential,125000.0,2023-11-15,0007D00057000000,"931 BEECH AVE, Pittsburgh, 15233-",40.4523566837,-80.0179311952,1.0,Allegheny West,22.0,15233.0,Issued,42003562700,42003562700,42003562700,38300,"Pittsburgh, PA",4.0,4,42003562700
27760950,BP-2023-10218,BUILDING,HOUSING AUTHORITY OF THE CITY OFPITTSBURGH,Mistick Construction Company,CONSTRUCT 3-STORY SINGLE-FAMILY ATTACHED DWELLING WITH INTEGRAL PARKING (IN A GROUP OF 5 TOWN HOMES),NEW CONSTRUCTION,Residential,223373.0,2024-03-25,0011E00324000000,"1738 REED ST #424, Pittsburgh, PA 15219-",40.4398191177,-79.9819997078,6.0,Crawford-Roberts,3.0,15219.0,Completed,42003030500,42003030500,42003030500,38300,"Pittsburgh, PA",4.0,4,42003030500
27760951,BP-2023-10219,BUILDING,HOUSING AUTHORITY OF THE CITY OFPITTSBURGH,Mistick Construction Company,CONSTRUCT 3-STORY APARTMENT BUILDING,NEW CONSTRUCTION,Commercial,1377514.0,2024-03-27,0011E00324000000,"1738 REED ST #424, Pittsburgh, PA 15219-",40.4398191177,-79.9819997078,6.0,Crawford-Roberts,3.0,15219.0,Completed,42003030500,42003030500,42003030500,38300,"Pittsburgh, PA",4.0,4,42003030500
27760952,BP-2023-10227,BUILDING,REED ROBERTS HOUSING LIMITED PARTNERSHIP,Mistick Construction Company,CONSTRUCT 3-STORY APARTMENT BUILDING WITH 4 UNITS,NEW CONSTRUCTION,Commercial,1102011.0,2024-03-25,0011A00326000000,"1829 REED ST, Pittsburgh, PA 15219-",40.4410720618,-79.981645253,6.0,Crawford-Roberts,3.0,15219.0,Completed,42003030500,42003030500,42003030500,38300,"Pittsburgh, PA",4.0,4,42003030500
27760953,BP-2023-10228,BUILDING,HOUSING AUTHORITY OF THE CITY OFPITTSBURGH,Mistick Construction Company,CONSTRUCT 3-STORY SINGLE-FAMILY ATTACHED DWELLING WITH INTEGRAL PARKING (IN A GROUP OF 5 TOWN HOMES),NEW CONSTRUCTION,Residential,223373.0,2024-03-25,0011E00324000000,"1738 REED ST #424, Pittsburgh, PA 15219-",40.4398191177,-79.9819997078,6.0,Crawford-Roberts,3.0,15219.0,Completed,42003030500,42003030500,42003030500,38300,"Pittsburgh, PA",4.0,4,42003030500
27760958,BP-2023-10238,BUILDING,HOUSING AUTHORITY OF THE CITY OFPITTSBURGH,Mistick Construction Company,CONSTRUCT 4-STORY APARTMENT BUILDING WITH BASEMENT,NEW CONSTRUCTION,Commercial,10138505.0,2024-03-27,0011E00324000000,"1738 REED ST #424, Pittsburgh, PA 15219-",40.4398191177,-79.9819997078,6.0,Crawford-Roberts,3.0,15219.0,Completed,42003030500,42003030500,42003030500,38300,"Pittsburgh, PA",4.0,4,42003030500
27760959,BP-2023-10239,BUILDING,HOUSING AUTHORITY OF THE CITY OFPITTSBURGH,Mistick Construction Company,"CONSTRUCT 6-STORY APARTMENT BUILDING PODIUM CONSTRUCTION WITH 3-HOUR HORIZONTAL BUILDING SEPRATION PROVIDED BETWEEN 1ST & 2ND FLRS, TYPE 1A 1ST FLR (NO GROUP H), TYPE IIIA FLRS 2-6",NEW CONSTRUCTION,Commercial,11681321.0,2024-04-03,0011E00322000000,"1800 REED ST #616, Pittsburgh, PA 15219-",40.4403107392,-79.9814716979,6.0,Crawford-Roberts,3.0,15219.0,Completed,42003030500,42003030500,42003030500,38300,"Pittsburgh, PA",4.0,4,42003030500
27760998,BP-2023-10581,BUILDING,FARMOLLY LLC,Greece Contracting LLC,CONSTRUCTION OF 1-STORY TAP ROOM WITH UNOCCUPIED MEZZANINE AND BALCONY,NEW CONSTRUCTION,Commercial,350000.0,2023-10-17,0023S00165000000,"510 E OHIO ST, Pittsburgh, PA 15212-",40.4537870139,-80.0003302639,1.0,East Allegheny,23.0,15212.0,Completed,42003563202,42003563202,42003563202,38300,"Pittsburgh, PA",3.99,4,42003563202
27761048,BP-2023-10842,BUILDING,STACKS PARKING LP,"City of Pittsburgh Permits, Licenses and Inspections",TENANT IMPROVEMENT AS DENTIST OFFICE,NEW CONSTRUCTION,Commercial,517000.0,2023-10-24,0025F00159000000,"2805 SMALLMAN ST, Pittsburgh, PA 15222-",40.4581127332,-79.9764731199,1.0,Strip District,6.0,15222.0,Completed,42003020300,42003020300,42003020300,38300,"Pittsburgh, PA",4.0,4,42003020300
27761062,BP-2023-10959,BUILDING,,Donald Lodge,CONSTRUCT THREE-STORY ATTACHED SINGLE FAMILY DWELLING WITH ONE CAR INTEGRAL GARAGE AND SECOND FLOOR DECK AT REAR,NEW CONSTRUCTION,Residential,150000.0,2025-11-21,0050H00182000000,"524 ELORA Way, Pittsburgh, PA 15206-",40.4693738053,-79.9339064501,9.0,Garfield,10.0,15224.0,Issued,42003101900,42003101900,42003101900,38300,"Pittsburgh, PA",3.97,4,42003101900
27761063,BP-2023-10960,BUILDING,,Donald Lodge,CONSTRUCT THREE-STORY ATTACHED SINGLE FAMILY DWELLING WITH ONE CAR INTEGRAL GARAGE AND SECOND FLOOR DECK AT REAR,NEW CONSTRUCTION,Residential,150000.0,2025-11-21,0050H00182000000,"524 ELORA Way, Pittsburgh, PA 15206-",40.4693738053,-79.9339064501,9.0,Garfield,10.0,15224.0,Issued,42003101900,42003101900,42003101900,38300,"Pittsburgh, PA",3.97,4,42003101900
27761064,BP-2023-10961,BUILDING,,Donald Lodge,CONSTRUCT THREE-STORY DETACHED SINGLE FAMILY DWELLING WITH ONE CAR INTEGRAL GARAGE AND SECOND FLOOR DECK AT REAR,NEW CONSTRUCTION,Residential,160000.0,2025-11-21,0050H00184000000,"526 ELORA Way, Pittsburgh, PA 15206-",40.4694529189,-79.9338642217,9.0,Garfield,10.0,15224.0,Issued,42003101900,42003101900,42003101900,38300,"Pittsburgh, PA",3.97,4,42003101900
27761075,BP-2023-11030,BUILDING,RANKIN DEVIN M,"Castelucci Construction, Inc",NEW CONSTRUCTION OF A NEW RETAING WALLS SUPPORTING A SURCHARGE IN REAR YARD.,NEW CONSTRUCTION,Residential,40000.0,2023-09-26,0006L00053000000,"319 EDITH ST, Pittsburgh, PA 15211-",40.4371468758,-80.0238093419,2.0,Duquesne Heights,19.0,15211.0,Issued,42003191100,42003191100,42003191100,38300,"Pittsburgh, PA",3.42,4,42003191100
27761112,BP-2023-11238,BUILDING,PENNLEY PARK SOUTH INC,"MBM Contracting, Inc","INTERIOR ALTERATIONS ON FIRST FLOOR FOR TENANT FIT-OUT SPACE (3,359 SQ FT) FOR BANK THAT INCLUDES CONSTRUCTION OF DEMISING WALL TO CREATE SEPARATION FOR FUTURE ADJACENT TENANT SPACE (1295 SQ FT).",NEW CONSTRUCTION,Commercial,330000.0,2023-10-03,0083N00125000000,"141 S SAINT CLAIR ST #601, Pittsburgh, PA 15206-",40.4623681682,-79.9296214621,9.0,East Liberty,8.0,15206.0,Completed,42003111500,42003111500,42003111500,38300,"Pittsburgh, PA",3.87,4,42003111500
27761161,BP-2023-11566,BUILDING,,Shadyside Nursery LLC,CONSTRUCTION OF ONE-STORY WOOD POLE BARN-FRAMED TWO-CAR GARAGE,NEW CONSTRUCTION,Residential,25000.0,2024-02-09,0080G00264000000,"5111 KEYSTONE ST, Pittsburgh, 15201-",40.477738225,-79.9541101144,7.0,Upper Lawrenceville,10.0,15201.0,Completed,42003101100,42003101100,42003101100,38300,"Pittsburgh, PA",3.32,4,42003101100
27761173,BP-2023-11638,BUILDING,NORTH SHORE XIV LLC,"Catalyst GC & Development, Inc.",FIT-OUT OF 1ST FLR TENANT,NEW CONSTRUCTION,Commercial,525000.0,2023-09-26,0008K00022000000,"271 NORTH SHORE DR #700, Pittsburgh, PA 15212-",40.4460312776,-80.0093046886,6.0,North Shore,22.0,15212.0,Completed,42003981200,42003981200,42003981200,38300,"Pittsburgh, PA",4.0,4,42003981200
27761233,BP-2023-12098,BUILDING,GRANDVIEW COMMONS LP,Infinity Custom Homes LP ,"CONSTRUCTION OF ATTACHED SINGLE FAMILY 4 STORY DWELLING AT 1503 GRANDVIEW AVE UNIT TYPE I, NOTED AS #20 ON SITE PLAN",NEW CONSTRUCTION,Commercial,325000.0,2024-12-24,0006G00046000000,"1503 GRANDVIEW AVE, Pittsburgh, PA 15211-",40.4396272637,-80.0221773774,2.0,Duquesne Heights,19.0,15211.0,Issued,42003191100,42003191100,42003191100,38300,"Pittsburgh, PA",3.42,4,42003191100
27761305,BP-2023-12518,BUILDING,GRANDVIEW SOUTH HOMES LP,Mistick Construction Company,CONSTRUCTION OF THREE-STORY STRUCTURE AS SINGLE-FAMILY DWELLING WITH FIRST FLOOR DECK AT REAR,NEW CONSTRUCTION,Residential,175000.0,2024-01-19,0014A00250000000,"615 EXCELSIOR ST, Pittsburgh, PA 15210-",40.4230047853,-79.996796732,3.0,Allentown,18.0,15210.0,Completed,42003180300,42003180300,42003180300,38300,"Pittsburgh, PA",3.0,3,42003180300
27761310,BP-2023-12549,BUILDING,CHAN REAL ESTATE LP,Alpha Capital Group LLC,CONSTRUCTION OF 5 STORY APARTMENT BUILDING WITH INTEGRAL GARAGE ON FIRST FLOOR AND ROOF TOP DECK LIMITED TO R-2 USE,NEW CONSTRUCTION,Commercial,1500000.0,2023-12-12,0025H00007000000,"3129 LIBERTY AVE #511, Pittsburgh, PA 15201-",40.4599985975,-79.9700087119,1.0,Strip District,6.0,15201.0,Issued,42003020300,42003020300,42003020300,38300,"Pittsburgh, PA",4.0,4,42003020300
27761315,BP-2023-12593,BUILDING,GRANDVIEW SOUTH HOMES LP,Mistick Construction Company,CONSTRUCTION OF THREE-STORY STRUCTURE AS SINGLE-FAMILY DWELLING WITH FIRST FLOOR DECK AT REAR,NEW CONSTRUCTION,Residential,175000.0,2024-01-03,0014A00226000000,"616 EXCELSIOR ST, Pittsburgh, PA 15210-",40.4225781869,-79.996692104,3.0,Allentown,18.0,15210.0,Completed,42003180300,42003180300,42003180300,38300,"Pittsburgh, PA",3.0,3,42003180300
27761317,BP-2023-12595,BUILDING,GRANDVIEW SOUTH HOMES LP,Mistick Construction Company,CONSTRUCTION OF THREE-STORY STRUCTURE AS SINGLE-FAMILY DWELLING WITH FIRST FLOOR DECK AT REAR,NEW CONSTRUCTION,Residential,175000.0,2024-01-03,0014A00223000000,"620 EXCELSIOR ST, Pittsburgh, PA 15210-",40.4225802111,-79.9964788452,3.0,Allentown,18.0,15210.0,Completed,42003180300,42003180300,42003180300,38300,"Pittsburgh, PA",3.0,3,42003180300
27761362,BP-2023-12857,BUILDING,CITY OF PITTSBURGH,Waller Corporation,"CONSTRUCTION OF STEEL FRAMED VEHICLE & EQUIPMENT STORAGE FACILITY WITH MEZZANINE FOR OFFICE, LOUNGE, TOILET & LOCKER AREAS. INCLUDES ELEVATOR",NEW CONSTRUCTION,Commercial,5500000.0,2024-07-08,0033A00215000000,"408 MATHEWS AVE, Pittsburgh, PA 15210-",40.4136150067,-79.9955584715,3.0,Knoxville,30.0,15210.0,Issued,42003300100,42003300100,42003300100,38300,"Pittsburgh, PA",2.43,2,42003300100
27761375,BP-2023-12963,BUILDING,GRANDVIEW SOUTH HOMES LP,Mistick Construction Company,CONSTRUCTION OF NEW THREE STORY BUILDING AS A SINGLE FAMILY (DETACHED) DWELLING WTH ONE PORCH AT FRONT; FIRST FLOOR DECK AND ONE CAR PARKING PAD AT REAR,NEW CONSTRUCTION,Residential,175000.0,2024-01-03,0014A00283000000,"622 EUREKA ST, Pittsburgh, PA 15210-",40.423479067,-79.9964579707,3.0,Allentown,18.0,15210.0,Completed,42003180300,42003180300,42003180300,38300,"Pittsburgh, PA",3.0,3,42003180300
27761376,BP-2023-12966,BUILDING,GRANDVIEW SOUTH HOMES LP,Mistick Construction Company,CONSTRUCTION OF NEW ONE STORY BUILDING AS A SINGLE FAMILY (DETACHED) DWELLING WTH PORCH AT FRONT; AND ONE CAR PARKING PAD ON CORNER OF EUREKA,NEW CONSTRUCTION,Residential,175000.0,2024-01-03,0003N00171000000,"702 EUREKA ST, Pittsburgh, PA 15210-",40.4236179217,-79.9956330378,3.0,Allentown,18.0,15210.0,Completed,42003180300,42003180300,42003180300,38300,"Pittsburgh, PA",3.0,3,42003180300
27761377,BP-2023-12968,BUILDING,GRANDVIEW SOUTH HOMES LP,Mistick Construction Company,CONSTRUCTION OF NEW ONE STORY BUILDING AS A SINGLE FAMILY (DETACHED) DWELLING WTH PORCH AT FRONT; AND ONE CAR PARKING PAD ON CORNER OF EUREKA,NEW CONSTRUCTION,Residential,175000.0,2024-01-03,0014A00292000000,"710 EUREKA ST, Pittsburgh, PA 15210-",40.4234841839,-79.9954050831,3.0,Allentown,18.0,15210.0,Completed,42003180300,42003180300,42003180300,38300,"Pittsburgh, PA",3.0,3,42003180300
27761389,BP-2023-12998,BUILDING,CD PARK 7 PITTSBURGH OWNER LLC,CitEmotion LLC,INITIAL TENANT FIT-OUT OF 1ST FLOOR SPACE AS RESTAURANT,NEW CONSTRUCTION,Commercial,130000.0,2024-01-26,0027D00060000000,"4500 CENTRE AVE #1019, Pittsburgh, PA 15213-",40.4513898314,-79.9525999311,8.0,North Oakland,4.0,15213.0,Completed,42003562000,42003562000,42003562000,38300,"Pittsburgh, PA",2.44,2,42003562000
27761421,BP-2023-13217,BUILDING,PICKET FENCE PITTSBURGH LLC,Krotec Contracting LLC,CONSTRUCTION OF A 3-SOTRY PREFABRICATED HOUSE,NEW CONSTRUCTION,Residential,500000.0,2023-10-16,0050M00032000000,"236 ELORA Way, Pittsburgh, PA 15224-",40.466798998,-79.9354333058,9.0,Garfield,10.0,15224.0,Completed,42003101900,42003101900,42003101900,38300,"Pittsburgh, PA",3.97,4,42003101900
27761432,BP-2023-13277,BUILDING,,Franjo Construction Corporation,"CONSTRUCTION OF NEW 220 UNIT 5 STORY APARTMENT BUILDING WITH PARKING GARAGE, INTERIOR COUTYARD WITH POOL AT GRADE",NEW CONSTRUCTION,Commercial,21486282.0,2025-06-26,0125A00052000000,"6440 FRANKSTOWN AVE, Pittsburgh, PA 15206-",40.4602215773,-79.9150186943,9.0,Larimer,12.0,15206.0,Issued,42003120900,42003120900,42003120900,38300,"Pittsburgh, PA",3.84,4,42003120900
27761487,BP-2023-13542,BUILDING,UPMC PRESBYTERIAN SHADYSIDE,Whiting-Turner / P.J. Dick JV,PHASED CONSTRUCTION OF NEW 20 STORY HOSPITAL WING INCLUDING INTERIOR DEMOLITION AND FIT-OUT OF LEVELS P1-P3/C1-C4/1-8/10-14 (NO LEVEL 9 IN BUILDING),NEW CONSTRUCTION,Commercial,44000000.0,2024-02-02,0028B00310000000,"3701 5TH AVE, Pittsburgh, PA 15213-",40.4424544322,-79.9598453087,8.0,West Oakland,4.0,15213.0,Issued,42003040200,42003040200,42003040200,38300,"Pittsburgh, PA",3.99,4,42003040200
27761495,BP-2023-13598,BUILDING,BENEDICT DWELLINGS LLC,Concrete Rose Construction LLC,CONSTRUCTION OF WOOD FRAMED TWO-STORY TWO-FAMILY DWELLING WITH COVERED PORCH,NEW CONSTRUCTION,Residential,250000.0,2023-09-26,0125H00347000000,"6920 BENNETT ST, Pittsburgh, PA 15208-",40.4576720199,-79.9033232022,9.0,Homewood West,12.0,15208.0,Completed,42003130700,42003130700,42003130700,38300,"Pittsburgh, PA",3.5,4,42003130700
27761496,BP-2023-13599,BUILDING,BENEDICT DWELLINGS LLC,Concrete Rose Construction LLC,CONSTRUCTION OF WOOD FRAMED TWO-STORY TWO-FAMILY DWELLING WITH COVERED PORCH,NEW CONSTRUCTION,Residential,250000.0,2023-09-26,0125H00346000000,"6920 1/2 BENNETT ST, Pittsburgh, PA 15208-",40.4576563546,-79.9032491324,9.0,Homewood West,12.0,15208.0,Completed,42003130700,42003130700,42003130700,38300,"Pittsburgh, PA",3.5,4,42003130700
27761540,BP-2023-13850,BUILDING,SOLARA VENTURES VII LLC,Franjo Construction Corporation,PHASED CONSTRUCTION OF 6 STORY BUILDING - FIT-OUT OF UNIT 508,NEW CONSTRUCTION,Commercial,15000.0,2023-11-28,0025K00162000000,"2635 PENN AVE #508, Pittsburgh, PA 15222-",40.455798496,-79.9776779877,1.0,Strip District,2.0,15222.0,Completed,42003020300,42003020300,42003020300,38300,"Pittsburgh, PA",4.0,4,42003020300
27761547,BP-2023-13872,BUILDING,THE STANDARD BC LLC,"Sota Construction Services, Inc",CONSTRUCTION OF FOUR STORY MULTI UNIT APARTMENT BUILDING,NEW CONSTRUCTION,Commercial,8828651.0,2024-02-23,0011K00048000000,"2120 5TH AVE #414, Pittsburgh, PA 15219-",40.4378382184,-79.974992254,6.0,Bluff,4.0,15219.0,Completed,42003010302,42003010302,42003010302,38300,"Pittsburgh, PA",4.0,4,42003010302
27761551,BP-2023-13920,BUILDING,GRANDVIEW SOUTH HOMES LP,Mistick Construction Company,CONSTRUCTION OF A WOOD-FRAMED THREE-STORY SINGLE-FAMILY DWELLING WITH PREFABRICATED PRECAST CONCRETE FOUNDATION SYSTEM. AS WELL AS ONE-STORY OPEN PORCH AT FRONT AND DECK AT REAR,NEW CONSTRUCTION,Residential,175000.0,2024-01-03,0014B00254000000,"828 EXCELSIOR ST, Pittsburgh, PA 15210-",40.4226550864,-79.9927927689,3.0,Allentown,18.0,15210.0,Completed,42003180300,42003180300,42003180300,38300,"Pittsburgh, PA",3.0,3,42003180300
27761552,BP-2023-13923,BUILDING,GRANDVIEW SOUTH HOMES LP,Mistick Construction Company,CONSTRUCTION OF A WOOD-FRAMED THREE-STORY SINGLE-FAMILY DWELLING WITH PREFABRICATED PRECAST CONCRETE FOUNDATION SYSTEM. AS WELL AS ONE-STORY OPEN PORCH AT FRONT AND DECK AT REAR,NEW CONSTRUCTION,Residential,175000.0,2024-01-31,0014B00239000000,"845 EXCELSIOR ST, Pittsburgh, PA 15210-",40.4230617985,-79.9920602075,3.0,Allentown,18.0,15210.0,Completed,42003180300,42003180300,42003180300,38300,"Pittsburgh, PA",3.0,3,42003180300
27761553,BP-2023-13924,BUILDING,GRANDVIEW SOUTH HOMES LP,Mistick Construction Company,"CONSTRUCTION OF A WOOD-FRAMED THREE-STORY SINGLE-FAMILY DWELLING WITH PREFABRICATED PRECAST CONCRETE FOUNDATION SYSTEM
AS WELL AS ONE-STORY OPEN PORCH AT FRONT AND DECK AT REAR",NEW CONSTRUCTION,Residential,175000.0,2024-01-03,0003P00262000000,"904 EUREKA ST, Pittsburgh, PA 15210-",40.4236548512,-79.9915221793,3.0,Allentown,18.0,15210.0,Completed,42003180300,42003180300,42003180300,38300,"Pittsburgh, PA",3.0,3,42003180300
27761562,BP-2023-14003,BUILDING,GRANDVIEW SOUTH HOMES LP,Mistick Construction Company,CONSTRUCTION OF A WOOD-FRAMED THREE-STORY SINGLE-FAMILY DWELLING WITH PREFABRICATED PRECAST CONCRETE FOUNDATION SYSTEM AS WELL AS ONE-STORY OPEN PORCH AT FRONT AND DECK AT REAR,NEW CONSTRUCTION,Residential,175000.0,2024-01-03,0014A00224000000,"618 EXCELSIOR ST, Pittsburgh, PA 15210-",40.4225790626,-79.9965873203,3.0,Allentown,18.0,15210.0,Completed,42003180300,42003180300,42003180300,38300,"Pittsburgh, PA",3.0,3,42003180300
27761563,BP-2023-14007,BUILDING,GRANDVIEW SOUTH HOMES LP,Mistick Construction Company,"CONSTRUCTION OF A WOOD-FRAMED THREE-STORY SINGLE-FAMILY DWELLING WITH PREFABRICATED PRECAST CONCRETE FOUNDATION SYSTEM
AS WELL AS ONE-STORY OPEN PORCH AT FRONT AND DECK AT REAR",NEW CONSTRUCTION,Residential,175000.0,2024-01-03,0003N00160000000,"6 MILLBRIDGE ST, Pittsburgh, PA 15210-",40.4240001894,-79.9961076424,3.0,Allentown,18.0,15210.0,Completed,42003180300,42003180300,42003180300,38300,"Pittsburgh, PA",3.0,3,42003180300
27761564,BP-2023-14008,BUILDING,GRANDVIEW SOUTH HOMES LP,Mistick Construction Company,CONSTRUCTION OF A WOOD-FRAMED THREE-STORY SINGLE-FAMILY DWELLING WITH PREFABRICATED PRECAST CONCRETE FOUNDATION SYSTEM AS WELL AS ONE-STORY OPEN PORCH AT FRONT AND DECK AT REAR,NEW CONSTRUCTION,Residential,175000.0,2024-01-03,0003P00216000000,"814 MCLAIN ST, Pittsburgh, PA 15210-",40.4241058397,-79.9934394126,3.0,Allentown,18.0,15210.0,Completed,42003180300,42003180300,42003180300,38300,"Pittsburgh, PA",3.0,3,42003180300
27761566,BP-2023-14013,BUILDING,5704 PENN OFFICE LLC,A. Martini & Co Inc,"INTERIOR ALTERATIONS AT THE 2ND FLOOR FOR TENANT FIT OUTS, INCUDING NEW WALLS, RESTROOMS, CASEWORK, AND FINISHES.",NEW CONSTRUCTION,Commercial,200000.0,2023-12-15,0083N00125000100,"141 S SAINT CLAIR ST #601, Pittsburgh, PA 15206-",40.4621581093,-79.9287894046,9.0,East Liberty,8.0,15206.0,Issued,42003111500,42003111500,42003111500,38300,"Pittsburgh, PA",3.87,4,42003111500
27761580,BP-2023-14083,BUILDING,AMBE RE LLC,Atypical Builders LLC,"CONSTRUCTION OF 3 STORY ATTACHED SINGLE FAMILY DWELLING WITH ROOF TOP DECK, MACHINE ROOM, UNOCCUPIED BASEMENT AND INTEGRAL GARAGE",NEW CONSTRUCTION,Residential,200000.0,2024-06-13,0025H00108000000,"316 HARMAR ST, Pittsburgh, PA 15219-",40.4578863342,-79.9681982009,7.0,Polish Hill,6.0,15219.0,Completed,42003060500,42003060500,42003060500,38300,"Pittsburgh, PA",3.56,4,42003060500
27761594,BP-2023-14152,BUILDING,HOUSING AUTHORITY OF THE CITY OFPITTSBURGH,Mistick Construction Company,CONSTRUCT 3-STORY SINGLE-FAMILY ATTACHED DWELLING WITH INTEGRAL PARKING (IN A GROUP OF 5 TOWN HOMES),NEW CONSTRUCTION,Residential,223373.0,2024-03-25,0011E00324000000,"1738 REED ST #424, Pittsburgh, PA 15219-",40.4398191177,-79.9819997078,6.0,Crawford-Roberts,3.0,15219.0,Completed,42003030500,42003030500,42003030500,38300,"Pittsburgh, PA",4.0,4,42003030500
27761598,BP-2023-14164,BUILDING,CARNEGIE MELLON UNIVERSITY,Gilbane Building Company,FOUNDATION ONLY FOR FUTURE RESEARCH FACILITY,NEW CONSTRUCTION,Commercial,5000000.0,2023-12-19,0056A00143000000,"4601 Composite ST, Pittsburgh, PA 15207-",40.4135183581,-79.9465743822,5.0,Hazelwood,15.0,15207.0,Completed,42003562901,42003562901,42003562901,38300,"Pittsburgh, PA",3.75,4,42003562901
27761599,BP-2023-14168,BUILDING,HOUSING AUTHORITY OF THE CITY OFPITTSBURGH,Mistick Construction Company,CONSTRUCT 3-STORY SINGLE-FAMILY ATTACHED DWELLING WITH INTEGRAL PARKING (IN A GROUP OF 5 TOWN HOMES),NEW CONSTRUCTION,Residential,223373.0,2024-03-25,0011E00324000000,"1738 REED ST #424, Pittsburgh, PA 15219-",40.4398191177,-79.9819997078,6.0,Crawford-Roberts,3.0,15219.0,Completed,42003030500,42003030500,42003030500,38300,"Pittsburgh, PA",4.0,4,42003030500
27761600,BP-2023-14169,BUILDING,HOUSING AUTHORITY OF THE CITY OFPITTSBURGH,Mistick Construction Company,CONSTRUCT 3-STORY SINGLE-FAMILY ATTACHED DWELLING WITH INTEGRAL PARKING (IN A GROUP OF 5 TOWN HOMES),NEW CONSTRUCTION,Residential,223373.0,2024-03-25,0011E00324000000,"1738 REED ST #424, Pittsburgh, PA 15219-",40.4398191177,-79.9819997078,6.0,Crawford-Roberts,3.0,15219.0,Completed,42003030500,42003030500,42003030500,38300,"Pittsburgh, PA",4.0,4,42003030500
27761601,BP-2023-14170,BUILDING,HOUSING AUTHORITY OF THE CITY OFPITTSBURGH,Mistick Construction Company,CONSTRUCT 3-STORY SINGLE-FAMILY ATTACHED DWELLING WITH INTEGRAL PARKING (IN A GROUP OF 5 TOWN HOMES),NEW CONSTRUCTION,Residential,223373.0,2024-03-25,0011E00324000000,"1738 REED ST #424, Pittsburgh, PA 15219-",40.4398191177,-79.9819997078,6.0,Crawford-Roberts,3.0,15219.0,Completed,42003030500,42003030500,42003030500,38300,"Pittsburgh, PA",4.0,4,42003030500
27761602,BP-2023-14172,BUILDING,HOUSING AUTHORITY OF THE CITY OFPITTSBURGH,Mistick Construction Company,CONSTRUCT 3-STORY SINGLE-FAMILY ATTACHED DWELLING WITH INTEGRAL PARKING (IN A GROUP OF 5 TOWN HOMES),NEW CONSTRUCTION,Residential,223373.0,2024-03-25,0011E00324000000,"1738 REED ST #424, Pittsburgh, PA 15219-",40.4398191177,-79.9819997078,6.0,Crawford-Roberts,3.0,15219.0,Completed,42003030500,42003030500,42003030500,38300,"Pittsburgh, PA",4.0,4,42003030500
27761603,BP-2023-14173,BUILDING,HOUSING AUTHORITY OF THE CITY OFPITTSBURGH,Mistick Construction Company,CONSTRUCT 3-STORY SINGLE-FAMILY DWELLING,NEW CONSTRUCTION,Residential,223373.0,2024-03-25,0011E00324000000,"1738 REED ST #424, Pittsburgh, PA 15219-",40.4398191177,-79.9819997078,6.0,Crawford-Roberts,3.0,15219.0,Completed,42003030500,42003030500,42003030500,38300,"Pittsburgh, PA",4.0,4,42003030500
27761604,BP-2023-14174,BUILDING,HOUSING AUTHORITY OF THE CITY OFPITTSBURGH,Mistick Construction Company,CONSTRUCT 3-STORY SINGLE-FAMILY DWELLING,NEW CONSTRUCTION,Residential,223373.0,2024-03-25,0011E00324000000,"1738 REED ST #424, Pittsburgh, PA 15219-",40.4398191177,-79.9819997078,6.0,Crawford-Roberts,3.0,15219.0,Completed,42003030500,42003030500,42003030500,38300,"Pittsburgh, PA",4.0,4,42003030500
27761605,BP-2023-14175,BUILDING,HOUSING AUTHORITY OF THE CITY OFPITTSBURGH,Mistick Construction Company,CONSTRUCT 3-STORY SINGLE-FAMILY DWELLING,NEW CONSTRUCTION,Residential,223373.0,2024-03-25,0011E00324000000,"1738 REED ST #424, Pittsburgh, PA 15219-",40.4398191177,-79.9819997078,6.0,Crawford-Roberts,3.0,15219.0,Completed,42003030500,42003030500,42003030500,38300,"Pittsburgh, PA",4.0,4,42003030500
27761606,BP-2023-14176,BUILDING,REED ROBERTS HOUSING LIMITED PARTNERSHIP,Mistick Construction Company,CONSTRUCT 3-STORY SINGLE-FAMILY ATTACHED DWELLING WITH INTEGRAL PARKING (IN A GROUP OF 3 TOWN HOMES),NEW CONSTRUCTION,Residential,223373.0,2024-03-25,0011A00326000000,"1829 REED ST, Pittsburgh, PA 15219-",40.4410720618,-79.981645253,6.0,Crawford-Roberts,3.0,15219.0,Completed,42003030500,42003030500,42003030500,38300,"Pittsburgh, PA",4.0,4,42003030500
27761607,BP-2023-14178,BUILDING,REED ROBERTS HOUSING LIMITED PARTNERSHIP,Mistick Construction Company,CONSTRUCT 3-STORY SINGLE-FAMILY ATTACHED DWELLING WITH INTEGRAL PARKING (IN A GROUP OF 3 TOWN HOMES),NEW CONSTRUCTION,Residential,223373.0,2024-03-25,0011A00326000000,"1829 REED ST, Pittsburgh, PA 15219-",40.4410720618,-79.981645253,6.0,Crawford-Roberts,3.0,15219.0,Completed,42003030500,42003030500,42003030500,38300,"Pittsburgh, PA",4.0,4,42003030500
27761608,BP-2023-14179,BUILDING,REED ROBERTS HOUSING LIMITED PARTNERSHIP,Mistick Construction Company,CONSTRUCT 3-STORY SINGLE-FAMILY ATTACHED DWELLING WITH INTEGRAL PARKING (IN A GROUP OF 3 TOWN HOMES),NEW CONSTRUCTION,Residential,223373.0,2024-03-25,0011A00326000000,"1829 REED ST, Pittsburgh, PA 15219-",40.4410720618,-79.981645253,6.0,Crawford-Roberts,3.0,15219.0,Completed,42003030500,42003030500,42003030500,38300,"Pittsburgh, PA",4.0,4,42003030500
27761609,BP-2023-14181,BUILDING,REED ROBERTS HOUSING LIMITED PARTNERSHIP,Mistick Construction Company,CONSTRUCT 3-STORY TWO-FAMILY DWELLING,NEW CONSTRUCTION,Residential,223373.0,2024-03-27,0011A00326000000,"1829 REED ST, Pittsburgh, PA 15219-",40.4410720618,-79.981645253,6.0,Crawford-Roberts,3.0,15219.0,Completed,42003030500,42003030500,42003030500,38300,"Pittsburgh, PA",4.0,4,42003030500
27761620,BP-2023-14245,BUILDING,ENTROPY PROPERTIES LLC,Entropy Properties LLC,"NEW 3'-4"" SEGMENTAL BLOCK RETAINING WALL AND GEOGRID SUPPORTING NEW CONCRETE PARKING PAD SURCHARGE.",NEW CONSTRUCTION,Residential,7000.0,2023-09-14,0049P00219000000,"3948 MINTWOOD ST, Pittsburgh, 15224-",40.464033275,-79.9579457189,7.0,Lower Lawrenceville,6.0,15201.0,Issued,42003060300,42003060300,42003060300,38300,"Pittsburgh, PA",3.37,4,42003060300
27761640,BP-2023-14372,BUILDING,GRANDVIEW SOUTH HOMES LP,Mistick Construction Company,NEW 2 STORY HOUSE WITH REAR DECK AT 1ST FLOOR,NEW CONSTRUCTION,Residential,175000.0,2024-01-31,0003R00305000000,"8 RENWICK ST, Pittsburgh, PA 15210-",40.4240792076,-79.9902635484,3.0,Allentown,18.0,15210.0,Completed,42003180300,42003180300,42003180300,38300,"Pittsburgh, PA",3.0,3,42003180300
27761641,BP-2023-14374,BUILDING,GRANDVIEW SOUTH HOMES LP,Mistick Construction Company,NEW 3 STORY HOUSE WITH REAR DECK AT 2ND FLOOR,NEW CONSTRUCTION,Residential,175000.0,2024-01-31,0003R00306000000,"6 RENWICK ST, Pittsburgh, PA 15210-",40.4240119827,-79.9902632484,3.0,Allentown,18.0,15210.0,Completed,42003180300,42003180300,42003180300,38300,"Pittsburgh, PA",3.0,3,42003180300
27761671,BP-2023-14502,BUILDING,MCINTOSH MANAGEMENT LP,Iron Valley Modular87,CONSTRUCTION OF A 3 STORY MODULAR SINGLE FAMILY DWELLING (ATTACHED) WITH SITE BUILT FOUNDATION AND 2 CAR INTEGRAL GARAGE AND DECK AT FRONT,NEW CONSTRUCTION,Residential,150000.0,2023-12-08,0011D00043000000,"3117 ELLERS ST, Pittsburgh, PA 15213-",40.4411319958,-79.9672122877,6.0,West Oakland,4.0,15213.0,Completed,42003040200,42003040200,42003040200,38300,"Pittsburgh, PA",3.99,4,42003040200
27761672,BP-2023-14503,BUILDING,MCINTOSH MANAGEMENT LP,Iron Valley Modular87,CONSTRUCTION OF A 3 STORY MODULAR SINGLE FAMILY DWELLING (ATTACHED) WITH SITE BUILT FOUNDATION AND 2 CAR INTEGRAL GARAGE AND DECK AT FRONT,NEW CONSTRUCTION,Residential,150000.0,2023-12-08,0011D00042000000,"3119 ELLERS ST, Pittsburgh, PA 15213-",40.4411460381,-79.9671230102,6.0,West Oakland,4.0,15213.0,Completed,42003040200,42003040200,42003040200,38300,"Pittsburgh, PA",3.99,4,42003040200
27761673,BP-2023-14504,BUILDING,MCINTOSH MANAGEMENT LP,Iron Valley Modular87,CONSTRUCTION OF A 3 STORY MODULAR SINGLE FAMILY DWELLING (DETTACHED) WITH SITE BUILT FOUNDATION AND 2 CAR INTEGRAL GARAGE AND DECK AT FRONT,NEW CONSTRUCTION,Residential,150000.0,2023-12-08,0011D00041000000,"3121 ELLERS ST, Pittsburgh, PA 15213-",40.4411645987,-79.9670215006,6.0,West Oakland,4.0,15213.0,Completed,42003040200,42003040200,42003040200,38300,"Pittsburgh, PA",3.99,4,42003040200
27761751,BP-2023-15068,BUILDING,,Nigrelli Plumbing & Excavation,CONSTRUCTION OF WOOD-FRAMED THREE-STORY SINGLE-FAMILY DWELLING WITH ROOF DECK AND INTEGRAL DOUBLE-CAR GARAGE,NEW CONSTRUCTION,Residential,125000.0,2023-11-15,0082N00155000000,"5436 JACKSON ST, Pittsburgh, PA 15206-",40.4733604127,-79.9290798822,7.0,Morningside,11.0,15206.0,Completed,42003101400,42003101400,42003101400,38300,"Pittsburgh, PA",2.29,2,42003101400
27761755,BP-2023-15087,BUILDING,,J Marshall Construction Inc,INSTALL 7' TALL FENCE AT SIDE AND REAR OF SINGLE FAMILY DWELLING.,NEW CONSTRUCTION,Residential,13000.0,2023-11-06,0052C00303000000,"624 PITCAIRN PL, Pittsburgh, 15232-",40.4509109995,-79.9397636155,8.0,Shadyside,7.0,15232.0,Issued,42003070300,42003070300,42003070300,38300,"Pittsburgh, PA",1.84,2,42003070300
27761775,BP-2023-15142,BUILDING,HAZLEWOOD INITIATIVE INC,Shape Development Group LLC,CONSTRUCTION OF NEW SINGLE-FAMILY DWELLING,NEW CONSTRUCTION,Residential,150000.0,2023-12-12,0056C00241000000,"333 FLOWERS AVE, Pittsburgh, PA 15207-",40.4116705572,-79.9396850403,5.0,Hazelwood,15.0,15207.0,Completed,42003562300,42003562300,42003562300,38300,"Pittsburgh, PA",3.44,4,42003562300
27761844,BP-2023-15630,BUILDING,HAZELWOOD INITIATIVE INC,Shape Development Group LLC,NEW TWO STORY SINGLE FAMILY DWELLING.,NEW CONSTRUCTION,Residential,75000.0,2023-12-12,0056C00240000000,"337 FLOWERS AVE, Pittsburgh, PA 15207-",40.4117175053,-79.9395946278,5.0,Hazelwood,15.0,15207.0,Completed,42003562300,42003562300,42003562300,38300,"Pittsburgh, PA",3.44,4,42003562300
27761845,BP-2023-15632,BUILDING,HAZELWOOD INITIATIVE INC,Shape Development Group LLC,NEW 2 STORY SINGLE FAMILY DWELLING.,NEW CONSTRUCTION,Residential,75000.0,2023-12-12,0056C00239000000,"341 FLOWERS AVE, Pittsburgh, PA 15207-",40.4117599738,-79.9394958047,5.0,Hazelwood,15.0,15207.0,Completed,42003562300,42003562300,42003562300,38300,"Pittsburgh, PA",3.44,4,42003562300
27761871,BP-2023-15783,BUILDING,EASTSIDE LIMITED PARTNERSHIP III,PBI Construction Co LLC,"4,377 SF TENANT FIT-OUT ON GROUND FLOOR FOR DINING ESTABLISHMENT.",NEW CONSTRUCTION,Commercial,100000.0,2024-03-04,0084C00055000000,"6226 PENN AVE, Pittsburgh, PA 15206-",40.460015708,-79.9231934238,8.0,Shadyside,7.0,15206.0,Completed,42003070800,42003070800,42003070800,38300,"Pittsburgh, PA",2.9,3,42003070800
27761873,BP-2023-15842,BUILDING,ARSENAL 201-PHASE I LLC,X-Tile llc,"INTERIOR ALTERATIONS TO CONSTRUCT DEMISING WALL TO CREATE TWO SHELL TENANT SPACES (4,216 SQ FT AND 2,479 SQ FT) AND THE CONSTRUCTION OF INTERIOR AND EXTERIOR RAMPS.",NEW CONSTRUCTION,Commercial,150000.0,2024-01-31,0049E00128000000,"3913 BUTLER ST, Pittsburgh, PA 15201-",40.4685327573,-79.9639972173,7.0,Lower Lawrenceville,6.0,15201.0,Completed,42003060300,42003060300,42003060300,38300,"Pittsburgh, PA",3.37,4,42003060300
27761927,BP-2023-16160,BUILDING,OFFICE PARTNERS XXIII BLOCK G1 LLC,Sentinel Construction LLC,"PHASED BUILDING CONSTRUCTION FOR OFFICE TENANT FIT-OUT ON 25TH AND 26TH FLOORS INCLUDING, RESTROOMS, WALLS, CASEWORK, AND FINISHES",NEW CONSTRUCTION,Commercial,5875000.0,2024-01-29,0002C00450000100,"626 WASHINGTON PL #2501, Pittsburgh, PA 15219-",40.4415602968,-79.9914618561,6.0,Crawford-Roberts,3.0,15219.0,Issued,42003030500,42003030500,42003030500,38300,"Pittsburgh, PA",4.0,4,42003030500
27762076,BP-2023-17243,BUILDING,,"MM Marra Construction, Inc","NEW CONSTRUCTION OF 3 STORY SINGLE FAMILY DWELLING WITH INTEGRAL GARAGE, ROOFTOP DECK, FRONT AND REAR PORCH",NEW CONSTRUCTION,Residential,500000.0,2024-05-01,0049K00026000000,"290 39TH ST, Pittsburgh, PA 15201-",40.4652551742,-79.961300599,7.0,Lower Lawrenceville,6.0,15201.0,Completed,42003060300,42003060300,42003060300,38300,"Pittsburgh, PA",3.37,4,42003060300
27762078,BP-2023-17247,BUILDING,HUDSON SMALLMAN LP,The Hudson Group Inc,CONSTRUCTION OF 6 STORY APARTMENT BUILDING,NEW CONSTRUCTION,Commercial,11900000.0,2024-01-03,0025F00184000000,"2935 SMALLMAN ST, Pittsburgh, PA 15201-",40.4592203327,-79.9744889146,1.0,Strip District,6.0,15201.0,Completed,42003020300,42003020300,42003020300,38300,"Pittsburgh, PA",4.0,4,42003020300
27762079,BP-2023-17248,BUILDING,HUDSON RAILROAD LP,The Hudson Group Inc,"CONSTRUCTION OF NEW SIX STORY PODIUM STRUCTURE (IA ON GROUND IIIA 2-6th FLOORS) WITH TENANT AMENITY SPACE, OUTDOOR COURTYARD AND POOL AT FIRST STORY ROOF, APARTMENTS ON STORIES TWO THROUGH SIX",NEW CONSTRUCTION,Commercial,16100000.0,2024-01-03,0025F00110000000,"102 30TH ST #631, Pittsburgh, PA 15201-",40.4597006087,-79.9745783674,1.0,Strip District,6.0,15201.0,Application Finalization,42003020300,42003020300,42003020300,38300,"Pittsburgh, PA",4.0,4,42003020300
27762082,BP-2023-17255,BUILDING,,Mark Connolly Contracting,DEMOLITION OF EXISTING GARAGE AND CONSTRUCTION OF NEW DETATCHED GARAGE AT REAR OF EXISTING SINGLE-FAMILY DWELLING,NEW CONSTRUCTION,Residential,30000.0,2023-11-09,0177E00129000000,"1111 RICHMOND ST, Pittsburgh, 15218-",40.4304326329,-79.8983615671,5.0,Regent Square,14.0,15218.0,Issued,42003141200,42003141200,42003141200,38300,"Pittsburgh, PA",1.56,1,42003141200
27762206,BP-2023-17986,BUILDING,GRANDVIEW SOUTH HOMES LP,Mistick Construction Company,NEW 3 STORY HOUSE WITH PREFABRICATED FOUNDATION,NEW CONSTRUCTION,Residential,175000.0,2024-01-03,0014B00057000000,"719 EXCELSIOR ST, Pittsburgh, PA 15210-",40.4229180369,-79.9950334736,3.0,Allentown,18.0,15210.0,Completed,42003180300,42003180300,42003180300,38300,"Pittsburgh, PA",3.0,3,42003180300
27762208,BP-2023-17989,BUILDING,GRANDVIEW SOUTH HOMES LP,Mistick Construction Company,NEW 3 STORY HOUSE WITH PREFABRICATED FOUNDATION,NEW CONSTRUCTION,Residential,175000.0,2024-01-03,0014B00067000000,"728 EXCELSIOR ST, Pittsburgh, PA 15210-",40.4226432349,-79.9947498429,3.0,Allentown,18.0,15210.0,Completed,42003180300,42003180300,42003180300,38300,"Pittsburgh, PA",3.0,3,42003180300
27762210,BP-2023-17991,BUILDING,GRANDVIEW SOUTH HOMES LP,Mistick Construction Company,NEW 2 STORY HOUSE WITH PREFABRICATED FOUNDATION,NEW CONSTRUCTION,Residential,175000.0,2024-01-31,0014B00222000000,"803 EXCELSIOR ST, Pittsburgh, PA 15210-",40.4229757725,-79.9935776072,3.0,Allentown,18.0,15210.0,Completed,42003180300,42003180300,42003180300,38300,"Pittsburgh, PA",3.0,3,42003180300
27762211,BP-2023-17992,BUILDING,GRANDVIEW SOUTH HOMES LP,Mistick Construction Company,NEW 3 STORY HOUSE WITH PREFABRICATED FOUNDATION,NEW CONSTRUCTION,Residential,175000.0,2024-11-19,0014B00223000000,"805 EXCELSIOR ST, Pittsburgh, PA 15210-",40.4229770315,-79.9934828595,3.0,Allentown,18.0,15210.0,Completed,42003180300,42003180300,42003180300,38300,"Pittsburgh, PA",3.0,3,42003180300
27762212,BP-2023-17993,BUILDING,GRANDVIEW SOUTH HOMES LP,Mistick Construction Company,NEW 2 STORY HOUSE WITH PREFABRICATED FOUNDATION,NEW CONSTRUCTION,Residential,175000.0,2024-01-31,0014B00224000000,"807 EXCELSIOR ST, Pittsburgh, PA 15210-",40.4229774226,-79.9933875273,3.0,Allentown,18.0,15210.0,Completed,42003180300,42003180300,42003180300,38300,"Pittsburgh, PA",3.0,3,42003180300
27762227,BP-2023-18109,BUILDING,GRANDVIEW SOUTH HOMES LP,Mistick Construction Company,NEW 3 STORY HOUSE WITH PREFABRICATED FOUNDATION,NEW CONSTRUCTION,Residential,175000.0,2024-01-03,0014B00078000000,"45 ALLEN ST, Pittsburgh, PA 15210-",40.4224404312,-79.9940011363,3.0,Allentown,18.0,15210.0,Completed,42003180300,42003180300,42003180300,38300,"Pittsburgh, PA",3.0,3,42003180300
27762272,BP-2023-18323,BUILDING,GRANDVIEW SOUTH HOMES LP,Mistick Construction Company,NEW 3 STORY HOUSE WITH PREFABRICATED FOUNDATION,NEW CONSTRUCTION,Residential,175000.0,2024-01-03,0003P00186000000,"717 EUREKA ST, Pittsburgh, PA 15210-",40.42387665,-79.995086221,3.0,Allentown,18.0,15210.0,Completed,42003180300,42003180300,42003180300,38300,"Pittsburgh, PA",3.0,3,42003180300
27762273,BP-2023-18326,BUILDING,GRANDVIEW SOUTH HOMES LP,Mistick Construction Company,NEW 3 STORY HOUSE WITH PREFABRICATED FOUNDATION,NEW CONSTRUCTION,Residential,175000.0,2024-01-03,0003P00187000000,"719 EUREKA ST, Pittsburgh, PA 15210-",40.4238791418,-79.9949754744,3.0,Allentown,18.0,15210.0,Completed,42003180300,42003180300,42003180300,38300,"Pittsburgh, PA",3.0,3,42003180300
27762294,BP-2023-18427,BUILDING,GRANDVIEW SOUTH HOMES LP,Mistick Construction Company,CONSTRUCTION OF NEW THREE STORY BUILDING AS A SINGLE FAMILY (DETACHED) DWELLING WTH ONE PORCH AT FRONT; FIRST FLOOR DECK AND ONE CAR PARKING PAD AT REAR,NEW CONSTRUCTION,Residential,175000.0,2024-01-03,0014B00006000000,"724 EUREKA ST, Pittsburgh, PA 15210-",40.4234951571,-79.9948544176,3.0,Allentown,18.0,15210.0,Completed,42003180300,42003180300,42003180300,38300,"Pittsburgh, PA",3.0,3,42003180300
27762296,BP-2023-18429,BUILDING,GRANDVIEW SOUTH HOMES LP,Mistick Construction Company,CONSTRUCTION OF NEW THREE STORY BUILDING AS A SINGLE FAMILY (DETACHED) DWELLING WTH ONE PORCH AT FRONT; FIRST FLOOR DECK AND ONE CAR PARKING PAD AT REAR,NEW CONSTRUCTION,Residential,175000.0,2024-01-03,0014B00007000000,"726 EUREKA ST, Pittsburgh, PA 15210-",40.4234944527,-79.9947664643,3.0,Allentown,18.0,15210.0,Completed,42003180300,42003180300,42003180300,38300,"Pittsburgh, PA",3.0,3,42003180300
27762304,BP-2023-18473,BUILDING,RED FOX LLC,Oplinger Renovations,CONSTRUCTION OF NEW ONE-STORY BUILDING,NEW CONSTRUCTION,Commercial,900000.0,2024-04-01,0022D00109000000,"1901 BRIGHTON RD, Pittsburgh, 15212-",40.4603235851,-80.0184547241,6.0,California-Kirkbride,25.0,15212.0,Issued,42003565200,42003565200,42003565200,38300,"Pittsburgh, PA",4.0,4,42003565200
27762306,BP-2023-18499,BUILDING,GRANDVIEW SOUTH HOMES LP,Mistick Construction Company,NEW 2 STORY HOUSE WITH PREFABRICATED FOUNDATION,NEW CONSTRUCTION,Residential,175000.0,2024-01-31,0003P00281000000,"732 EUREKA ST, Pittsburgh, PA 15210-",40.4236005848,-79.9945071017,3.0,Allentown,18.0,15210.0,Completed,42003180300,42003180300,42003180300,38300,"Pittsburgh, PA",3.0,3,42003180300
27762308,BP-2023-18502,BUILDING,GRANDVIEW SOUTH HOMES LP,Mistick Construction Company,NEW 2 STORY HOUSE WITH PREFABRICATED FOUNDATION,NEW CONSTRUCTION,Residential,175000.0,2024-01-31,0003P00197000000,"731 EUREKA ST, Pittsburgh, PA 15210-",40.4238860563,-79.9945051939,3.0,Allentown,18.0,15210.0,Completed,42003180300,42003180300,42003180300,38300,"Pittsburgh, PA",3.0,3,42003180300
27762309,BP-2023-18504,BUILDING,GRANDVIEW SOUTH HOMES LP,Mistick Construction Company,NEW 2 STORY HOUSE WITH PREFABRICATED FOUNDATION,NEW CONSTRUCTION,Residential,175000.0,2024-01-31,0014B00010000000,"734 EUREKA ST, Pittsburgh, PA 15210-",40.4234997207,-79.9944171242,3.0,Allentown,18.0,15210.0,Completed,42003180300,42003180300,42003180300,38300,"Pittsburgh, PA",3.0,3,42003180300
27762310,BP-2023-18505,BUILDING,GRANDVIEW SOUTH HOMES LP,Mistick Construction Company,NEW 2 STORY HOUSE WITH PREFABRICATED FOUNDATION,NEW CONSTRUCTION,Residential,175000.0,2024-01-31,0003P00277000000,"740 EUREKA ST, Pittsburgh, PA 15210-",40.423586157,-79.9942357158,3.0,Allentown,18.0,15210.0,Completed,42003180300,42003180300,42003180300,38300,"Pittsburgh, PA",3.0,3,42003180300
27762437,BP-2023-19298,BUILDING,CITY OF BRIDGES COMMUNITY LAND TRUST,Module Build LLC,CONSTRUCTTION OF NEW MODULAR SINGLE-FAMILY DWELLING ON PRECAST FOUNDATION,NEW CONSTRUCTION,Residential,200000.0,2024-04-09,0050G00303000000,"5205 COLUMBO ST, Pittsburgh, PA 15224-",40.4692769622,-79.938829449,9.0,Garfield,10.0,15224.0,Completed,42003101900,42003101900,42003101900,38300,"Pittsburgh, PA",3.97,4,42003101900
27762444,BP-2023-19344,BUILDING,CRAWFORD JOHN LLC,"Paramount Contract Services, LLC",CONSTRUCTION OF 3 STORY 2 FAMILY ATTACHED DWELLING WITH INTEGRAL GARAGE IN LOWER LEVEL (Sub Building Permit for BP-2022-13065 ),NEW CONSTRUCTION,Commercial,275000.0,2023-12-01,0028H00223000000,"373 YARROW Way #2, Pittsburgh, PA 15213-",40.4400640167,-79.9517622328,3.0,Central Oakland,4.0,15213.0,Completed,42003040500,42003040500,42003040500,38300,"Pittsburgh, PA",3.0,3,42003040500
27762452,BP-2023-19380,BUILDING,CRAWFORD JOHN LLC,"Paramount Contract Services, LLC",CONSTRUCTION OF 3 STORY 2 FAMILY ATTACHED DWELLING WITH INTEGRAL GARAGE IN LOWER LEVEL (Sub Building Permit for BP-2022-13067 ),NEW CONSTRUCTION,Residential,275000.0,2023-12-01,0028H00221000000,"372 JONCAIRE ST #2, Pittsburgh, PA 15213-",40.4402874712,-79.9516551313,3.0,Central Oakland,4.0,15213.0,Completed,42003040500,42003040500,42003040500,38300,"Pittsburgh, PA",3.0,3,42003040500
27762453,BP-2023-19381,BUILDING,CRAWFORD JOHN LLC,"Paramount Contract Services, LLC",CONSTRUCTION OF 3 STORY 2 FAMILY ATTACHED DWELLING WITH INTEGRAL GARAGE IN LOWER LEVEL (Sub Building Permit for BP-2022-13068 ),NEW CONSTRUCTION,Commercial,275000.0,2023-12-01,0028H00222000000,"374 JONCAIRE ST #2, Pittsburgh, PA 15213-",40.4402668261,-79.9515456468,3.0,Central Oakland,4.0,15213.0,Completed,42003040500,42003040500,42003040500,38300,"Pittsburgh, PA",3.0,3,42003040500
27762454,BP-2023-19384,BUILDING,CRAWFORD JOHN LLC,"Paramount Contract Services, LLC",CONSTRUCTION OF 3 STORY 2 UNIT DWELLING WITH INTEGRAL GARAGE IN LOWER LEVEL,NEW CONSTRUCTION,Commercial,275000.0,2023-12-01,0028H00224000000,"371 YARROW Way #2, Pittsburgh, PA 15213-",40.4401082078,-79.9518450536,3.0,Central Oakland,4.0,15213.0,Completed,42003040500,42003040500,42003040500,38300,"Pittsburgh, PA",3.0,3,42003040500
27762456,BP-2023-19390,BUILDING,SHAKESPEARE STREET ASSOCIATES,OLIO Development Group,INITIAL TENANT FIT OUT ON PARTIAL FIRST FLOOR OF A 6-STORY PODIUM BUILDING,NEW CONSTRUCTION,Commercial,1200000.0,2025-03-05,0084G00258000000,"163 SHADY AVE #114, Pittsburgh, PA 15206-",40.4587972853,-79.9211060768,8.0,Shadyside,7.0,15206.0,Completed,42003070800,42003070800,42003070800,38300,"Pittsburgh, PA",2.9,3,42003070800
27762457,BP-2023-19394,BUILDING,PRIMARY CARE HEALTH CENTER INC,"Rycon Construction, Inc",NEW CONSTRUCTION OF A THREE STORY MEDICAL OFFICE AND OUTPATIENT BUILDING WITH ACCESSORY SURFACE PARKING LOT.,NEW CONSTRUCTION,Commercial,18300000.0,2024-09-05,0174N00077000000,"7225 HAMILTON AVE, Pittsburgh, PA 15208-",40.4545762561,-79.8960532333,9.0,Homewood South,13.0,15208.0,Issued,42003130800,42003130800,42003130800,38300,"Pittsburgh, PA",3.56,4,42003130800
27762473,BP-2023-19503,BUILDING,ALBION LAWRENCEVILLE LLC,Franjo Construction Corporation,"COMPLETION OF PHASED CONSTRUCTION OF NEW APARTMENT BUILDING: THIS PHASE INCLUDES SUPERSTRUCTURE ABOVE 2ND FLOOR MEZZANINE LEVEL; COMPLETE EXTERIOR SHELL, BUILDING CORE, AND INTERIOR FIT-OUT THROUGHOUT",NEW CONSTRUCTION,Commercial,31990000.0,2024-09-16,0119S00242000000,"5275 BUTLER ST #690, Pittsburgh, PA 15201-",40.4820317757,-79.9531533024,7.0,Upper Lawrenceville,10.0,15201.0,Completed,42003101100,42003101100,42003101100,38300,"Pittsburgh, PA",3.32,4,42003101100
27762483,BP-2023-19563,BUILDING,CARNEGIE MELLON UNIVERSITY,Gilbane Building Company,NEW CONSTRUCTION OF A 3-STORY BUILDING EXCLUDING FOUNDATION APPROVED UNDER BP-2023-14164,NEW CONSTRUCTION,Commercial,23890000.0,2024-05-21,0056A00143000000,"4601 Composite ST, Pittsburgh, PA 15207-",40.4135183581,-79.9465743822,5.0,Hazelwood,15.0,15207.0,Completed,42003562901,42003562901,42003562901,38300,"Pittsburgh, PA",3.75,4,42003562901
27762528,BP-2023-19862,BUILDING,GRANDVIEW SOUTH HOMES LP,Mistick Construction Company,"NEW STORY SINGLE FAMILY, SINGLE STORY DWELLING WITH PORCH AND FRONT AND REAR",NEW CONSTRUCTION,Residential,175000.0,2024-01-31,0003P00213000000,"6 ALLEN ST, Pittsburgh, PA 15210-",40.4239980757,-79.9936196793,3.0,Allentown,18.0,15210.0,Completed,42003180300,42003180300,42003180300,38300,"Pittsburgh, PA",3.0,3,42003180300
27762529,BP-2023-19864,BUILDING,GRANDVIEW SOUTH HOMES LP,Mistick Construction Company,NEW SINGLE STORY HOUSE WITH PREFABRICATED FOUNDATION,NEW CONSTRUCTION,Residential,175000.0,2024-01-31,0014A00215000000,"636 EXCELSIOR ST, Pittsburgh, PA 15210-",40.4226573833,-79.9959846303,3.0,Allentown,18.0,15210.0,Completed,42003180300,42003180300,42003180300,38300,"Pittsburgh, PA",3.0,3,42003180300
27762530,BP-2023-19865,BUILDING,GRANDVIEW SOUTH HOMES LP,Mistick Construction Company,NEW SINGLE STORY HOUSE WITH PREFABRICATED FOUNDATION,NEW CONSTRUCTION,Residential,175000.0,2024-01-31,0014A00314000000,"702 EXCELSIOR ST, Pittsburgh, PA 15210-",40.4226612161,-79.995653726,3.0,Allentown,18.0,15210.0,Completed,42003180300,42003180300,42003180300,38300,"Pittsburgh, PA",3.0,3,42003180300
27762624,BP-2023-20540,BUILDING,KILLARNEY LAND PARTNERS LLC,Infinity Custom Homes LP ,"CONSTRUCTION OF ATTACHED SINGLE FAMILY 4 STORY DWELLING AT 1623 GRANDVIEW AVE, TOWN I",NEW CONSTRUCTION,Commercial,325000.0,2024-12-24,0006G00010000000,"1623 GRANDVIEW AVE, Pittsburgh, PA 15211-",40.4405439125,-80.0239827781,2.0,Duquesne Heights,19.0,15211.0,Completed,42003191100,42003191100,42003191100,38300,"Pittsburgh, PA",3.42,4,42003191100
27762626,BP-2023-20548,BUILDING,KILLARNEY LAND PARTNERS LLC,Infinity Custom Homes LP ,CONSTRUCTION OF ATTACHED SINGLE FAMILY 4 STORY DWELLING AT 1621 GRANDVIEW AVE TOWN II,NEW CONSTRUCTION,Commercial,325000.0,2024-12-24,0006G00012000000,"1621 GRANDVIEW AVE, Pittsburgh, PA 15211-",40.4405090678,-80.0238978764,2.0,Duquesne Heights,19.0,15211.0,Completed,42003191100,42003191100,42003191100,38300,"Pittsburgh, PA",3.42,4,42003191100
27762627,BP-2023-20549,BUILDING,KILLARNEY LAND PARTNERS LLC,Infinity Custom Homes LP ,CONSTRUCTION OF ATTACHED SINGLE FAMILY 4 STORY DWELLING AT 1619 GRANDVIEW AVE TOWN II,NEW CONSTRUCTION,Commercial,325000.0,2024-12-24,0006G00015000000,"1619 GRANDVIEW AVE, Pittsburgh, PA 15211-",40.4404757556,-80.0238323885,2.0,Duquesne Heights,19.0,15211.0,Completed,42003191100,42003191100,42003191100,38300,"Pittsburgh, PA",3.42,4,42003191100
27762628,BP-2023-20550,BUILDING,KILLARNEY LAND PARTNERS LLC,Infinity Custom Homes LP ,CONSTRUCTION OF ATTACHED SINGLE FAMILY 4 STORY DWELLING AT (1617 GRANDVIEW AVE TYPE TOWN 1,NEW CONSTRUCTION,Commercial,325000.0,2024-12-24,0006G00016000000,"1617 GRANDVIEW AVE, Pittsburgh, PA 15211-",40.4404321481,-80.0237508775,2.0,Duquesne Heights,19.0,15211.0,Completed,42003191100,42003191100,42003191100,38300,"Pittsburgh, PA",3.42,4,42003191100
27762679,BP-2023-20825,BUILDING,SHAKESPEARE STREET ASSOCIATES,"JG Contracting Company, Inc.",CONSTRUCTION OF A PRE-CAST CONCRETE WALL,NEW CONSTRUCTION,Commercial,492800.0,2024-02-28,0084G00258000000,"163 SHADY AVE #114, Pittsburgh, PA 15206-",40.4587972853,-79.9211060768,8.0,Shadyside,7.0,15206.0,Completed,42003070800,42003070800,42003070800,38300,"Pittsburgh, PA",2.9,3,42003070800
27762735,BP-2023-21229,BUILDING,CITY OF BRIDGES COMMUNITY LAND TRUST,Shape Development Group LLC,"NEW CONSTRUCTION, 3-STORY CONDOMINIUM BUILDING WITH 4 DWELLING UNITS.",NEW CONSTRUCTION,Commercial,1350000.0,2024-06-24,0056B00326000000,"125 HAZELWOOD AVE #202, Pittsburgh, PA 15207-",40.4116286437,-79.9442056368,5.0,Hazelwood,15.0,15207.0,Completed,42003562901,42003562901,42003562901,38300,"Pittsburgh, PA",3.75,4,42003562901
27762860,BP-2024-00726,BUILDING,KILLARNEY LAND PARTNERS LLC,Infinity Custom Homes LP ,CONSTRUCTION OF ATTACHED SINGLE FAMILY 4 STORY DWELLING AT (1611 GRANDVIEW AVE TYPE TOWN 1,NEW CONSTRUCTION,Commercial,325000.0,2024-12-24,0006G00018000000,"1611 GRANDVIEW AVE, Pittsburgh, PA 15211-",40.4403797902,-80.0236520731,2.0,Duquesne Heights,19.0,15211.0,Completed,42003191100,42003191100,42003191100,38300,"Pittsburgh, PA",3.42,4,42003191100
27762861,BP-2024-00727,BUILDING,KILLARNEY LAND PARTNERS LLC,Infinity Custom Homes LP ,CONSTRUCTION OF ATTACHED SINGLE FAMILY 4 STORY DWELLING AT (1609 GRANDVIEW AVE TYPE TOWN II,NEW CONSTRUCTION,Commercial,325000.0,2024-12-24,0006G00019000000,"1609 GRANDVIEW AVE, Pittsburgh, PA 15211-",40.440336542,-80.0235701615,2.0,Duquesne Heights,19.0,15211.0,Completed,42003191100,42003191100,42003191100,38300,"Pittsburgh, PA",3.42,4,42003191100
27762862,BP-2024-00728,BUILDING,GRANDVIEW COMMONS LP,Infinity Custom Homes LP ,CONSTRUCTION OF ATTACHED SINGLE FAMILY 4 STORY DWELLING AT (1607 GRANDVIEW AVE TYPE TOWN II,NEW CONSTRUCTION,Commercial,325000.0,2024-12-24,0006G00020000000,"1607 GRANDVIEW AVE, Pittsburgh, PA 15211-",40.4403019962,-80.0235052807,2.0,Duquesne Heights,19.0,15211.0,Completed,42003191100,42003191100,42003191100,38300,"Pittsburgh, PA",3.42,4,42003191100
27762863,BP-2024-00729,BUILDING,GRANDVIEW COMMONS LP,Infinity Custom Homes LP ,CONSTRUCTION OF ATTACHED SINGLE FAMILY 4 STORY DWELLING AT (1605 GRANDVIEW AVE TYPE TOWN II,NEW CONSTRUCTION,Commercial,325000.0,2024-12-24,0006G00021000000,"1605 GRANDVIEW AVE, Pittsburgh, PA 15211-",40.4402737661,-80.0234356063,2.0,Duquesne Heights,19.0,15211.0,Completed,42003191100,42003191100,42003191100,38300,"Pittsburgh, PA",3.42,4,42003191100
27762864,BP-2024-00730,BUILDING,KILLARNEY LAND PARTNERS LLC,Infinity Custom Homes LP ,CONSTRUCTION OF ATTACHED SINGLE FAMILY 4 STORY DWELLING AT (1603 GRANDVIEW AVE TYPE TOWN I,NEW CONSTRUCTION,Commercial,325000.0,2024-12-24,0006G00022000000,"1603 GRANDVIEW AVE, Pittsburgh, PA 15211-",40.4402475089,-80.0233415802,2.0,Duquesne Heights,19.0,15211.0,Completed,42003191100,42003191100,42003191100,38300,"Pittsburgh, PA",3.42,4,42003191100
27762874,BP-2024-00754,BUILDING,WINDOM DEVELOPMENT LLC,Artisan Development Group LLC,CONSTRUCT A NEW TWO STORIES AND A BASEMENT SINGLE FAMILY DWELLING WITH A ROOF DECK AND A RETAINING WALL,NEW CONSTRUCTION,Residential,225000.0,2024-08-20,0003K00165000000,"620 WINDOM ST, Pittsburgh, PA 15203-",40.4271114307,-79.9931662843,3.0,South Side Slopes,17.0,15203.0,Issued,42003170600,42003170600,42003170600,38300,"Pittsburgh, PA",3.74,4,42003170600
27762888,BP-2024-00874,BUILDING,AMANI CHRISTIAN COMMUNITY DEVELOPMENTCORPORATION,Module Build LLC,NEW SINGLE FAMILY MODULAR DWELLING WITH MODULAR FOUNDATION SYSTEM,NEW CONSTRUCTION,Residential,200000.0,2024-07-17,0009M00167000000,"843 LEDLIE ST, Pittsburgh, PA 15219-",40.4469378987,-79.9833621168,6.0,Crawford-Roberts,3.0,15219.0,Completed,42003030500,42003030500,42003030500,38300,"Pittsburgh, PA",4.0,4,42003030500
27762889,BP-2024-00875,BUILDING,AMANI CHRISTIAN COMMUNITY DEVELOPMENTCORPORATION,Module Build LLC,NEW SINGLE FAMILY MODULAR DWELLING WITH MODULAR FOUNDATION SYSTEM,NEW CONSTRUCTION,Residential,200000.0,2024-07-17,0009M00169000000,"841 LEDLIE ST, Pittsburgh, PA 15219-",40.446882921,-79.9833222267,6.0,Crawford-Roberts,3.0,15219.0,Completed,42003030500,42003030500,42003030500,38300,"Pittsburgh, PA",4.0,4,42003030500
27762909,BP-2024-00973,BUILDING,OFFICE PARTNERS XXIII BLOCK G1 LLC,Sentinel Construction LLC,"PHASED BUILDING CONSTRUCTION FOR OFFICE TENANT FIT-OUT ON 16TH FLR INCLUDING, WALLS, CASEWORK, AND FINISHES",NEW CONSTRUCTION,Commercial,2000000.0,2024-03-26,0002C00450000100,"626 WASHINGTON PL #2501, Pittsburgh, PA 15219-",40.4415602968,-79.9914618561,6.0,Crawford-Roberts,3.0,15219.0,Issued,42003030500,42003030500,42003030500,38300,"Pittsburgh, PA",4.0,4,42003030500
27762913,BP-2024-00998,BUILDING,,Shadyside Nursery LLC,ADD 22.53' X 10' FIRST FLOOR DECK AT REAR OF SINGLE FAMILY DWELLING.,NEW CONSTRUCTION,Residential,14000.0,2024-02-22,0081C00244000000,"1149 MCCABE ST, Pittsburgh, 15201-",40.4797870204,-79.9398303192,9.0,Stanton Heights,10.0,15201.0,Completed,42003100500,42003100500,42003100500,38300,"Pittsburgh, PA",3.09,3,42003100500
27762985,BP-2024-01451,BUILDING,PUBLIC AUDITORIUM AUTH OF PITTSBURGH,Mascaro Construction Co LP,"INSTALLATION OF FREE-STANDING PEDESTAL AND ARTIFACT (KETCHUP BOTTLE), ACCESSORY TO EXISTING BUILDING",NEW CONSTRUCTION,Commercial,128680.0,2024-07-02,0009K00118000000,"1212 SMALLMAN ST, Pittsburgh, 15222-",40.4466359284,-79.992147371,1.0,Strip District,2.0,15222.0,Issued,42003020300,42003020300,42003020300,38300,"Pittsburgh, PA",4.0,4,42003020300
27763026,BP-2024-01665,BUILDING,ARSENAL 201-PHASE I LLC,"Rycon Construction, Inc","INITIAL TENANT FIT-OUT, INCLUDING NEW WALLS, RESTROOMS, CASEWORK, AND FINISHES.",NEW CONSTRUCTION,Commercial,250000.0,2024-04-25,0049E00128000000,"3913 BUTLER ST, Pittsburgh, PA 15201-",40.4685327573,-79.9639972173,7.0,Lower Lawrenceville,6.0,15201.0,Completed,42003060300,42003060300,42003060300,38300,"Pittsburgh, PA",3.37,4,42003060300
27763042,BP-2024-01797,BUILDING,OFFICE PARTNERS XXIII BLOCK G1 LLC,P. W. Campbell Contracting Co.,"INTERIOR ALTERATIONS FOR FIT-OUT OF RETAIL BANKING/ LOUNGE/ CAFE SPACE, INCLUDING NEW WALLS, FLOORS, RESTROOMS, STAIRS, LIFT, CASEWORK, AND FINISHES.",NEW CONSTRUCTION,Commercial,1500000.0,2024-05-10,0002C00450000100,"626 WASHINGTON PL #2501, Pittsburgh, PA 15219-",40.4415602968,-79.9914618561,6.0,Crawford-Roberts,3.0,15219.0,Completed,42003030500,42003030500,42003030500,38300,"Pittsburgh, PA",4.0,4,42003030500
27763047,BP-2024-01829,BUILDING,SHAKESPEARE STREET ASSOCIATES,FMS Construction Co,ALTERATIONS TO CORE AND SHELL BUILDING FOR INITIAL FIT-OUT OF GROCERY STORE.,NEW CONSTRUCTION,Commercial,452046.0,2024-12-19,0084G00258000000,"163 SHADY AVE #114, Pittsburgh, PA 15206-",40.4587972853,-79.9211060768,8.0,Shadyside,7.0,15206.0,Completed,42003070800,42003070800,42003070800,38300,"Pittsburgh, PA",2.9,3,42003070800
27763051,BP-2024-01838,BUILDING,LORE PPA BKSQ PARCEL B LLC,P.J. Dick Incorporated,"TENANT FIT OUT OF 11,814SQFT OF 2ND FLOOR SPACE INTO THREE SEPARATE TENANT SPACES.",NEW CONSTRUCTION,Commercial,286000.0,2024-03-13,0125J00120000000,"6501 LIVING PL, Pittsburgh, PA 15206-",40.4562370919,-79.9162070297,8.0,Shadyside,7.0,15206.0,Completed,42003070800,42003070800,42003070800,38300,"Pittsburgh, PA",2.9,3,42003070800
27763060,BP-2024-01881,BUILDING,,"Patina Construction and Development, LLC",CONSTRUCTION OF NEW TWO-STORY WOOD FRAMED SINGLE-FAMILY DWELLING WITH INTEGRAL TWO-CAR GARAGE AND ROOF DECKS AT SECOND-FLOOR LEVEL OF FRONT & REAR OF DWELLING. DWELLING LOCATED IN AMONGST AND ADJACENT TO REMAINING STONE WALLS LEFT AFTER DEMOLITION (DP-2022-15099) OF EXISTING RESIDENCE LEAVING FREE STANDING ONE-STORY STONE WALLS.,NEW CONSTRUCTION,Residential,1859339.0,2025-06-17,0052F00162000000,"624 MOREWOOD AVE, Pittsburgh, PA 15213-",40.4500836175,-79.9432378887,8.0,Shadyside,7.0,15213.0,Issued,42003070900,42003070900,42003070900,38300,"Pittsburgh, PA",1.57,1,42003070900
27763061,BP-2024-01883,BUILDING,NORTH SHORE XIV LLC,"Continental Building Company II, LLC","TENANT FIT-OUT OF 6,047 SQFT OF OFFICE SPACE ON 2ND FLOOR OF 7-STORY BUILDING.",NEW CONSTRUCTION,Commercial,367000.0,2024-03-20,0008K00022000000,"271 NORTH SHORE DR #700, Pittsburgh, PA 15212-",40.4460312776,-80.0093046886,6.0,North Shore,22.0,15212.0,Completed,42003981200,42003981200,42003981200,38300,"Pittsburgh, PA",4.0,4,42003981200
27763086,BP-2024-02055,BUILDING,OFFICE PARTNERS XXIII BLOCK G1 LLC,P. W. Campbell Contracting Co.,"INTERIOR ALTERATIONS, INCLUDING NEW WALLS, CASEWORK, AND FINSHES.",NEW CONSTRUCTION,Commercial,100000.0,2024-03-26,0002C00450000100,"626 WASHINGTON PL #2501, Pittsburgh, PA 15219-",40.4415602968,-79.9914618561,6.0,Crawford-Roberts,3.0,15219.0,Completed,42003030500,42003030500,42003030500,38300,"Pittsburgh, PA",4.0,4,42003030500
27763089,BP-2024-02077,BUILDING,BUNCHER COMPANY,P2 Contracting LLC,INITIAL TENANT FITOUT OF 1ST FLOOR TENANT SPACE AS RESTAURANT,NEW CONSTRUCTION,Commercial,1082451.0,2024-12-16,0009G00170000000,"1447 SMALLMAN ST, Pittsburgh, PA 15222-",40.4486022823,-79.9903585214,1.0,Strip District,2.0,15222.0,Completed,42003020300,42003020300,42003020300,38300,"Pittsburgh, PA",4.0,4,42003020300
27763100,BP-2024-02120,BUILDING,CREATIVE SOLUTIONS LLC,IDR LLC,"NEW THREE STORY STRUCTURE WITH TWO CAR INTEGRAL GARAGE AND 18'8"" X 11'9"" THIRD FLOOR DECK AT REAR & 8' X 6' SECOND FLOOR DECK AT SOUTHERLY SIDE, TWO CAR PARKING PAD AT REAR, 6' TALL FENCE ALONG NORTHERLY SIDE OF SINGLE FAMILY DWELLING.",NEW CONSTRUCTION,Residential,300000.0,2024-04-12,0024K00328000000,"909 RICKENBACH ST, Pittsburgh, PA 15212-",40.4568581576,-79.9934473985,1.0,East Allegheny,23.0,15212.0,Completed,42003563202,42003563202,42003563202,38300,"Pittsburgh, PA",3.99,4,42003563202
27763101,BP-2024-02124,BUILDING,,IDR LLC,"NEW THREE STORY STRUCTURE WITH TWO CAR INTEGRAL GARAGE AND 18'8"" X 11'9"" THIRD FLOOR DECK AT REAR & 8' X 6' SECOND FLOOR DECK AT SOUTHERLY SIDE, TWO CAR PARKING PAD AT REAR, 6' TALL FENCE ALONG NORTHERLY SIDE OF SINGLE FAMILY DWELLING.",NEW CONSTRUCTION,Residential,300000.0,2024-04-12,0024K00329000000,"911 RICKENBACH ST, Pittsburgh, PA 15212-",40.4569435572,-79.9934769393,1.0,East Allegheny,23.0,15212.0,Completed,42003563202,42003563202,42003563202,38300,"Pittsburgh, PA",3.99,4,42003563202
27763149,BP-2024-02436,BUILDING,ABRAHMS ADAM & TIFFANY (W),M2 Contracting and Design LLC,"SINGLE FAMILY 3 STORY WITH INTEGRATED 1 CAR GARAGE, 2ND FLOOR REAR DECK,  AND 3RD STORY FRONT COVERED DECK",NEW CONSTRUCTION,Residential,300000.0,2024-10-18,0003M00113000000,"1407 SARAH ST, Pittsburgh, PA 15203-",40.4277805388,-79.9838149891,3.0,South Side Flats,17.0,15203.0,Completed,42003170200,42003170200,42003170200,38300,"Pittsburgh, PA",4.0,4,42003170200
27763150,BP-2024-02437,BUILDING,ABRAHMS TIFFANY & ADAM C (H),M2 Contracting and Design LLC,2-FAMILY 3 STORY WITH INTEGRATED 2 CAR GARAGE AND 3RD STORY FRONT COVERED DECK,NEW CONSTRUCTION,Residential,300000.0,2024-10-18,0003M00112000000,"1403 SARAH ST #2, Pittsburgh, PA 15203-",40.4277801237,-79.9838913071,3.0,South Side Flats,17.0,15203.0,Issued,42003170200,42003170200,42003170200,38300,"Pittsburgh, PA",4.0,4,42003170200
27763234,BP-2024-02954,BUILDING,TCB EAST LIBERTY SOUTH COMMERCIAL,Nelcon Inc,"GROUND FLOOR, INTERIOR FIT-OUT OF EXISTING CORE & SHELL SPACE FOR NEW RETAIL STORE.",NEW CONSTRUCTION,Commercial,60000.0,2024-04-22,0084B00173000C00,"5818 PENN AVE, Pittsburgh, PA 15206-",40.4621549752,-79.9275565313,9.0,East Liberty,8.0,15206.0,Completed,42003111500,42003111500,42003111500,38300,"Pittsburgh, PA",3.87,4,42003111500
27763313,BP-2024-03498,BUILDING,BEATRICE ICON LLC,P. W. Campbell Contracting Co.,"CONSTRUCTION OF A NEW ONE-STORY BUILDING, INCLUDING SURFACE PARKING SPACES.",NEW CONSTRUCTION,Commercial,1500000.0,2025-03-05,0084G00239000000,"245 SHADY AVE, Pittsburgh, PA 15206-",40.4582089145,-79.9219426816,8.0,Shadyside,7.0,15206.0,Completed,42003070800,42003070800,42003070800,38300,"Pittsburgh, PA",2.9,3,42003070800
27763321,BP-2024-03545,BUILDING,DICOSTANZO MEHA & DAMIAN (W),"Prime 1 Enterprises, Inc",CONSTRUCTION OF 3 STORY DETACHED SINGLE FAMILY DWELLING INCLUDING PORCH ON SIDE AND SECOND FLOOR DECK AT REAR WITH DETACHED GARAGE AT REAR OF PROPERTY,NEW CONSTRUCTION,Residential,975000.0,2024-06-04,0008A00051000000,"829 WESTERN AVE, Pittsburgh, PA 15233-",40.4519722616,-80.0151285851,1.0,Allegheny West,22.0,15233.0,Completed,42003562700,42003562700,42003562700,38300,"Pittsburgh, PA",4.0,4,42003562700
27763459,BP-2024-04388,BUILDING,PADDISON ELENA THOMAS,Elena Thomas,CONSTRUCTION OF SINGLE FAMILY DETACHED DWELLING WITH INTEGRAL GARAGE AND BALCONIES FROM SECOND AND THIRD FLOORS IN FRONT,NEW CONSTRUCTION,Residential,215000.0,2024-11-27,0009M00322000000,"1907 WEBSTER AVE, Pittsburgh, PA 15219-",40.4454709799,-79.9830162032,6.0,Crawford-Roberts,3.0,15219.0,Issued,42003030500,42003030500,42003030500,38300,"Pittsburgh, PA",4.0,4,42003030500
27763526,BP-2024-04796,BUILDING,OFFICE PARTNERS XXIII BLOCK G1 LLC,Massaro Corporation,"INTERIOR ALTERATIONS FOR INITIAL TENANT FIT-OUT, INCLUDING NEW WALLS, CASEWORK, AND FINISHES.",NEW CONSTRUCTION,Commercial,355000.0,2024-07-17,0002C00450000000,"626 WASHINGTON PL #2501, Pittsburgh, PA 15219-",40.441712114,-79.9912748545,6.0,Crawford-Roberts,3.0,15219.0,Issued,42003030500,42003030500,42003030500,38300,"Pittsburgh, PA",4.0,4,42003030500
27763528,BP-2024-04808,BUILDING,ARSENAL 201-PHASE I LLC,X-Tile llc,"INITIAL TENANT FIT-OUT, INCLUDING NEW WALLS, RESTROOMS, CASEWORK, AND FINISHES.",NEW CONSTRUCTION,Commercial,80000.0,2024-08-19,0049E00128000000,"3913 BUTLER ST, Pittsburgh, PA 15201-",40.4685327573,-79.9639972173,7.0,Lower Lawrenceville,6.0,15201.0,Completed,42003060300,42003060300,42003060300,38300,"Pittsburgh, PA",3.37,4,42003060300
27763565,BP-2024-05014,BUILDING,MDK HOLDINGS LLC,Shape Development Group LLC,CONSTRUCT A NEW 3 STORY BUILDING TO INCLUDE 8 RESIDENTIAL APARTMENT UNITS (INCLUDING 2 TYPE B UNITS),NEW CONSTRUCTION,Commercial,1000000.0,2024-08-08,0050J00081000000,"4842 PENN AVE #303, Pittsburgh, PA 15224-",40.4651130984,-79.9455790183,7.0,Bloomfield,8.0,15224.0,Completed,42003080900,42003080900,42003080900,38300,"Pittsburgh, PA",3.0,3,42003080900
27763575,BP-2024-05085,BUILDING,KAJON MATERIALS LLC,Riva Ridge Real Estate Services Inc.,CONSTRUCTION OF WOOD & STEEL FRAMED THREE-STORY SINGLE-FAMILY DWELLING WITH INTEGRAL ONE-CAR GARAGE AND ROOF DECK AT THIRD FLOOR LEVEL,NEW CONSTRUCTION,Residential,250000.0,2024-05-10,0012N00012000000,"183 S 16TH ST, Pittsburgh, 15203-",40.4259223764,-79.9827538783,3.0,South Side Flats,17.0,15203.0,Issued,42003170200,42003170200,42003170200,38300,"Pittsburgh, PA",4.0,4,42003170200
27763579,BP-2024-05105,BUILDING,NORTH SHORE PLAZA LLC,"Continental Building Company II, LLC","CONSTRUCTION OF PLAZA WITH ACCESSORY STRUCTURES INCLUDING STAGE, RESTROOMS AND STORAGE. (FOOD STAND WITH PERGOLA AND EXTERIOR SEATING TO BE CONSTRUCTED UNDER BDA-2025-05979)",NEW CONSTRUCTION,Commercial,3000000.0,2024-09-05,0008K00036000000,"155 MAZEROSKI Way, Pittsburgh, PA 15212-",40.4473030103,-80.0079927279,6.0,North Shore,22.0,15212.0,Completed,42003981200,42003981200,42003981200,38300,"Pittsburgh, PA",4.0,4,42003981200
27763611,BP-2024-05300,BUILDING,ROCCO JOSEPH M,"Carmel Construction, Inc.",NEW CONSTRUCTION OF METAL WAREHOUSE AND OFFICE BUILDING,NEW CONSTRUCTION,Commercial,500000.0,2024-08-26,0068R00075000000,"2994 IDLEWOOD RD, Pittsburgh, PA 15205-",40.4243291029,-80.0744135004,2.0,East Carnegie,28.0,15205.0,Issued,42003562800,42003562800,42003562800,38300,"Pittsburgh, PA",2.78,3,42003562800
27763612,BP-2024-05313,BUILDING,PEOPLES NATURAL GAS COMPANY LLC,"Steel Nation Buildings, Inc.",CONSTRUCTION AND INSTALLATION OF PREFABRICATED NEW 1000SF GAS REGULATOR BUILDING,NEW CONSTRUCTION,Commercial,381500.0,2024-08-29,0042B00300000000,"446 STADIUM ST, Pittsburgh, PA 15204-",40.4603794161,-80.0582049547,2.0,Sheraden,20.0,15204.0,Issued,42003562500,42003562500,42003562500,38300,"Pittsburgh, PA",3.16,3,42003562500
27763658,BP-2024-05523,BUILDING,2700 PENN AVENUE PARTNERS LLC,Franjo Construction Corporation,CONSTRUCTION OF FOUR STORY TOWNHOUSE WITH INTEGRAL GARAGE,NEW CONSTRUCTION,Commercial,200000.0,2024-09-03,0025K00261000000,"319 27TH ST, Pittsburgh, PA 15222-",40.4558327029,-79.976702153,1.0,Strip District,6.0,15222.0,Issued,42003020300,42003020300,42003020300,38300,"Pittsburgh, PA",4.0,4,42003020300
27763659,BP-2024-05525,BUILDING,2700 PENN AVENUE PARTNERS LLC,Franjo Construction Corporation,CONSTRUCTION OF FOUR STORY TOWNHOUSE WITH INTEGRAL GARAGE,NEW CONSTRUCTION,Commercial,200000.0,2024-11-19,0025K00261000000,"319 27TH ST, Pittsburgh, PA 15222-",40.4558327029,-79.976702153,1.0,Strip District,6.0,15222.0,Issued,42003020300,42003020300,42003020300,38300,"Pittsburgh, PA",4.0,4,42003020300
27763883,BP-2024-06519,BUILDING,OFFICE PARTNERS XXIII BLOCK G1 LLC,Massaro Corporation,"PHASED BUILDING CONSTRUCTION FOR OFFICE TENANT FIT-OUT ON PARTIAL 19TH FLR INCLUDING, WALLS, CASEWORK, AND FINISHES",NEW CONSTRUCTION,Commercial,500000.0,2024-06-13,0002C00450000400,"632 WASHINGTON PL, Pittsburgh, PA 15219-",40.4416547248,-79.9916338482,6.0,Crawford-Roberts,3.0,15219.0,Issued,42003030500,42003030500,42003030500,38300,"Pittsburgh, PA",4.0,4,42003030500
27763922,BP-2024-06742,BUILDING,S&SF LLC,Incline Homes LLC,NEW 2 STORY STRUCTURE WITH FIRST FLOOR PORCH AND TWO (2) PARKING PADS AT REAR OF SINGLE FAMILY DWELLING.,NEW CONSTRUCTION,Residential,250000.0,2024-10-07,0050L00156000000,"5217 BROAD ST, Pittsburgh, PA 15224-",40.466183373,-79.9388375843,9.0,Garfield,10.0,15224.0,Completed,42003101900,42003101900,42003101900,38300,"Pittsburgh, PA",3.97,4,42003101900
27763966,BP-2024-06976,BUILDING,CD PARK 7 PITTSBURGH OWNER LLC,CitEmotion LLC,PROVIDING AN INTERIOR PARTION TO SUB-DIVIDE EXISTING COMMERCIAL SHELL SPACE.,NEW CONSTRUCTION,Commercial,8000.0,2024-07-17,0027D00060000000,"4500 CENTRE AVE #1019, Pittsburgh, PA 15213-",40.4513898314,-79.9525999311,8.0,North Oakland,4.0,15213.0,Completed,42003562000,42003562000,42003562000,38300,"Pittsburgh, PA",2.44,2,42003562000
27763985,BP-2024-07055,BUILDING,HOUSING AUTHORITY CITY OF PITTSBURGH,"Urban Companies, Inc.","TENANT FIT OUT OF PARTIALLY VACANT CORE AND SHELL SPACE TO CONSTRUCT OFFICES, RESTROOMS AND COURTROOMS IN EXISTING 3 STORY BUILDING.",NEW CONSTRUCTION,Commercial,100000.0,2024-07-08,0124J00266000000,"116 WINSLOW ST, Pittsburgh, PA 15206-",40.4652844329,-79.9133217409,9.0,Larimer,12.0,15206.0,Completed,42003120900,42003120900,42003120900,38300,"Pittsburgh, PA",3.84,4,42003120900
27764099,BP-2024-07735,BUILDING,,"Rycon Construction, Inc","INITIAL TENANT FIT-OUT OF NEW BAR AND RESTAURANT - INCLUDING NEW MEZZANINE, TOILET ROOMS, BULKHEADS, KITCHEN, ENTRY VESTIBULE, AND OUTDOOR SEATING",NEW CONSTRUCTION,Commercial,2500000.0,2025-11-26,0008K00035000000,"220 NORTH SHORE DR #628, Pittsburgh, PA 15212-",40.4468565587,-80.0080661064,6.0,North Shore,22.0,15212.0,Amendment Review,42003981200,42003981200,42003981200,38300,"Pittsburgh, PA",4.0,4,42003981200
27764171,BP-2024-08143,BUILDING,CARNEGIE MELLON UNIVERSITY,P.J. Dick Incorporated,"CONSTRUCTION OF FOUNDATION, SUPERSTRUCTURE AND RETAINING WALL FOR NEW BUILDING.",NEW CONSTRUCTION,Commercial,45000000.0,2024-09-03,0052N00059000000,"4644 FORBES AVE, Pittsburgh, PA 15213-",40.4440308089,-79.9478363646,8.0,North Oakland,4.0,15213.0,Issued,42003982200,42003982200,42003982200,38300,"Pittsburgh, PA",2.28,2,42003982200
27764239,BP-2024-08436,BUILDING,SALA JOHN,Shape Development Group LLC,CONSTRUCTION OF THREE-STORY WOOD-FRAMED SINGLE FAMILY DWELLING WITH INTEGRAL TWO-CAR GARAGE AND BASEMENT,NEW CONSTRUCTION,Residential,400000.0,2024-09-10,0081A00129000000,"5406 DUNCAN ST, Pittsburgh, PA 15201-",40.480855961,-79.9481472522,7.0,Upper Lawrenceville,10.0,15201.0,Completed,42003101100,42003101100,42003101100,38300,"Pittsburgh, PA",3.32,4,42003101100
27764299,BP-2024-08777,BUILDING,44TH & SUMMIT DEVELOPMENT LLC,"EKO2 Development, LLC",CONSTRUCTION OF 4 STORY SINGLE FAMILY ATTACHED DWELLING UNIT WITH INTEGRAL GARAGE AS PART OF 8 UNIT CLUSTER.,NEW CONSTRUCTION,Commercial,150000.0,2024-10-29,0049B00287000000,"233 43RD ST, Pittsburgh, PA 15201-",40.4704397556,-79.9590168681,7.0,Central Lawrenceville,9.0,15201.0,Issued,42003090200,42003090200,42003090200,38300,"Pittsburgh, PA",3.02,3,42003090200
27764301,BP-2024-08780,BUILDING,44TH & SUMMIT DEVELOPMENT LLC,"EKO2 Development, LLC",CONSTRUCTION OF 4 STORY SINGLE FAMILY ATTACHED DWELLING UNIT WITH INTEGRAL GARAGE AS PART OF 8 UNIT CLUSTER.,NEW CONSTRUCTION,Commercial,150000.0,2024-10-29,0049B00287000000,"233 43RD ST, Pittsburgh, PA 15201-",40.4704397556,-79.9590168681,7.0,Central Lawrenceville,9.0,15201.0,Completed,42003090200,42003090200,42003090200,38300,"Pittsburgh, PA",3.02,3,42003090200
27764302,BP-2024-08781,BUILDING,44TH & SUMMIT DEVELOPMENT LLC,"EKO2 Development, LLC",CONSTRUCTION OF 4 STORY SINGLE FAMILY ATTACHED DWELLING UNIT WITH INTEGRAL GARAGE AS PART OF 8 UNIT CLUSTER.,NEW CONSTRUCTION,Commercial,150000.0,2024-10-21,0049B00287000000,"233 43RD ST, Pittsburgh, PA 15201-",40.4704397556,-79.9590168681,7.0,Central Lawrenceville,9.0,15201.0,Issued,42003090200,42003090200,42003090200,38300,"Pittsburgh, PA",3.02,3,42003090200
27764304,BP-2024-08783,BUILDING,44TH & SUMMIT DEVELOPMENT LLC,"EKO2 Development, LLC",CONSTRUCTION OF 4 STORY SINGLE FAMILY ATTACHED DWELLING UNIT WITH INTEGRAL GARAGE AS PART OF 8 UNIT CLUSTER.,NEW CONSTRUCTION,Commercial,150000.0,2024-10-21,0049B00287000000,"233 43RD ST, Pittsburgh, PA 15201-",40.4704397556,-79.9590168681,7.0,Central Lawrenceville,9.0,15201.0,Completed,42003090200,42003090200,42003090200,38300,"Pittsburgh, PA",3.02,3,42003090200
27764305,BP-2024-08785,BUILDING,44TH & SUMMIT DEVELOPMENT LLC,"EKO2 Development, LLC",CONSTRUCTION OF 4 STORY SINGLE FAMILY ATTACHED DWELLING UNIT WITH INTEGRAL GARAGE AS PART OF 8 UNIT CLUSTER.,NEW CONSTRUCTION,Commercial,150000.0,2024-10-03,0049B00287000000,"233 43RD ST, Pittsburgh, PA 15201-",40.4704397556,-79.9590168681,7.0,Central Lawrenceville,9.0,15201.0,Application Finalization,42003090200,42003090200,42003090200,38300,"Pittsburgh, PA",3.02,3,42003090200
27764306,BP-2024-08786,BUILDING,44TH & SUMMIT DEVELOPMENT LLC,"EKO2 Development, LLC",CONSTRUCTION OF 4 STORY SINGLE FAMILY ATTACHED DWELLING UNIT WITH INTEGRAL GARAGE AS PART OF 8 UNIT CLUSTER.,NEW CONSTRUCTION,Commercial,150000.0,2024-10-03,0049B00287000000,"233 43RD ST, Pittsburgh, PA 15201-",40.4704397556,-79.9590168681,7.0,Central Lawrenceville,9.0,15201.0,Issued,42003090200,42003090200,42003090200,38300,"Pittsburgh, PA",3.02,3,42003090200
27764307,BP-2024-08787,BUILDING,44TH & SUMMIT DEVELOPMENT LLC,"EKO2 Development, LLC",CONSTRUCTION OF 4 STORY SINGLE FAMILY ATTACHED DWELLING UNIT WITH INTEGRAL GARAGE AS PART OF 8 UNIT CLUSTER.,NEW CONSTRUCTION,Commercial,150000.0,2024-09-16,0049B00287000000,"233 43RD ST, Pittsburgh, PA 15201-",40.4704397556,-79.9590168681,7.0,Central Lawrenceville,9.0,15201.0,Application Finalization,42003090200,42003090200,42003090200,38300,"Pittsburgh, PA",3.02,3,42003090200
27764308,BP-2024-08788,BUILDING,44TH & SUMMIT DEVELOPMENT LLC,"EKO2 Development, LLC",CONSTRUCTION OF 4 STORY SINGLE FAMILY ATTACHED DWELLING UNIT WITH INTEGRAL GARAGE AS PART OF 8 UNIT CLUSTER.,NEW CONSTRUCTION,Commercial,150000.0,2024-09-16,0049B00287000000,"233 43RD ST, Pittsburgh, PA 15201-",40.4704397556,-79.9590168681,7.0,Central Lawrenceville,9.0,15201.0,Completed,42003090200,42003090200,42003090200,38300,"Pittsburgh, PA",3.02,3,42003090200
27764309,BP-2024-08789,BUILDING,44TH & SUMMIT DEVELOPMENT LLC,"EKO2 Development, LLC",CONSTRUCTION OF 4 STORY SINGLE FAMILY ATTACHED DWELLING UNIT WITH INTEGRAL GARAGE AS PART OF 2 UNIT CLUSTER.,NEW CONSTRUCTION,Commercial,150000.0,2024-11-01,0049B00300000000,"254 44TH ST, Pittsburgh, PA 15201-",40.4702381546,-79.9583813074,7.0,Central Lawrenceville,9.0,15201.0,Issued,42003090200,42003090200,42003090200,38300,"Pittsburgh, PA",3.02,3,42003090200
27764310,BP-2024-08790,BUILDING,44TH & SUMMIT DEVELOPMENT LLC,"EKO2 Development, LLC",CONSTRUCTION OF 4 STORY SINGLE FAMILY ATTACHED DWELLING UNIT WITH INTEGRAL GARAGE AS PART OF 2 UNIT CLUSTER.,NEW CONSTRUCTION,Commercial,150000.0,2024-11-01,0049B00301000000,"256 44TH ST, Pittsburgh, PA 15201-",40.4701916967,-79.9583187082,7.0,Central Lawrenceville,9.0,15201.0,Issued,42003090200,42003090200,42003090200,38300,"Pittsburgh, PA",3.02,3,42003090200
27764311,BP-2024-08791,BUILDING,44TH & SUMMIT DEVELOPMENT LLC,RJS Construction Consulting LLC,CONSTRUCTION OF 4 STORY SINGLE FAMILY ATTACHED DWELLING UNIT WITH INTEGRAL GARAGE AS PART OF 2 UNIT CLUSTER.,NEW CONSTRUCTION,Commercial,150000.0,2024-09-05,0049B00287000000,"233 43RD ST, Pittsburgh, PA 15201-",40.4704397556,-79.9590168681,7.0,Central Lawrenceville,9.0,15201.0,Completed,42003090200,42003090200,42003090200,38300,"Pittsburgh, PA",3.02,3,42003090200
27764312,BP-2024-08792,BUILDING,44TH & SUMMIT DEVELOPMENT LLC,RJS Construction Consulting LLC,CONSTRUCTION OF 4 STORY SINGLE FAMILY ATTACHED DWELLING UNIT WITH INTEGRAL GARAGE AS PART OF 2 UNIT CLUSTER.,NEW CONSTRUCTION,Commercial,150000.0,2024-09-05,0049B00287000000,"233 43RD ST, Pittsburgh, PA 15201-",40.4704397556,-79.9590168681,7.0,Central Lawrenceville,9.0,15201.0,Completed,42003090200,42003090200,42003090200,38300,"Pittsburgh, PA",3.02,3,42003090200
27764389,BP-2024-09157,BUILDING,SPORTS & EXHIBITION AUTHORITY OFPITTSBURGH AND ALLEGHENY COUNTY,Massaro Corporation,CONSTRUCTION OF SITE BUILD UTILITY BUILDING,NEW CONSTRUCTION,Commercial,250000.0,2024-11-01,0002C00405000000,"632 WASHINGTON PL, Pittsburgh, PA 15219",40.4410124668,-79.9879197719,6.0,Crawford-Roberts,3.0,15219.0,Completed,42003030500,42003030500,42003030500,38300,"Pittsburgh, PA",4.0,4,42003030500
27764447,BP-2024-09599,BUILDING,2700 PENN AVENUE PARTNERS LLC,Franjo Construction Corporation,CONSTRUCTION OF FOUR STORY TOWNHOUSE WITH INTEGRAL GARAGE,NEW CONSTRUCTION,Commercial,250000.0,2024-11-19,0025K00261000000,"319 27TH ST, Pittsburgh, PA 15222-",40.4558327029,-79.976702153,1.0,Strip District,6.0,15222.0,Issued,42003020300,42003020300,42003020300,38300,"Pittsburgh, PA",4.0,4,42003020300
27764448,BP-2024-09600,BUILDING,2700 PENN AVENUE PARTNERS LLC,Franjo Construction Corporation,CONSTRUCTION OF FOUR STORY TOWNHOUSE WITH INTEGRAL GARAGE,NEW CONSTRUCTION,Commercial,250000.0,2024-11-19,0025K00261000000,"319 27TH ST, Pittsburgh, PA 15222-",40.4558327029,-79.976702153,1.0,Strip District,6.0,15222.0,Issued,42003020300,42003020300,42003020300,38300,"Pittsburgh, PA",4.0,4,42003020300
27764449,BP-2024-09601,BUILDING,2700 PENN AVENUE PARTNERS LLC,Franjo Construction Corporation,CONSTRUCTION OF 4 STORY TOWNHOUSE WITH INTEGRAL GARAGE,NEW CONSTRUCTION,Commercial,250000.0,2024-11-21,0025K00261000000,"319 27TH ST, Pittsburgh, PA 15222-",40.4558327029,-79.976702153,1.0,Strip District,6.0,15222.0,Issued,42003020300,42003020300,42003020300,38300,"Pittsburgh, PA",4.0,4,42003020300
27764451,BP-2024-10699,BUILDING,,Concrete Rose Construction LLC,"CONSTRUCTION OF A THREE-STORY WOOD-FRAMED, TWO-FAMILY DWELLING WITH SECOND FLOOR FRONT PORCH AND REAR LANDING & STAIRS.",NEW CONSTRUCTION,Residential,200000.0,2024-12-13,0174G00392000000,"7419 HERMITAGE ST, Pittsburgh, PA 15208-",40.4592081661,-79.8901196469,9.0,Homewood North,13.0,15208.0,Issued,42003130700,42003130700,42003130700,38300,"Pittsburgh, PA",3.5,4,42003130700
27764452,BP-2024-10700,BUILDING,,Concrete Rose Construction LLC,"CONSTRUCTION OF A THREE-STORY WOOD-FRAMED, TWO-FAMILY DWELLING WITH SECOND FLOOR FRONT PORCH AND REAR LANDING & STAIRS.",NEW CONSTRUCTION,Residential,200000.0,2024-12-13,0174G00394000000,"7423 HERMITAGE ST, Pittsburgh, PA 15208-",40.4591881057,-79.8900314849,9.0,Homewood North,13.0,15208.0,Issued,42003130700,42003130700,42003130700,38300,"Pittsburgh, PA",3.5,4,42003130700
27764453,BP-2024-10701,BUILDING,,Concrete Rose Construction LLC,"CONSTRUCTION OF A THREE-STORY WOOD-FRAMED, TWO-FAMILY DWELLING WITH SECOND FLOOR FRONT PORCH AND REAR LANDING & STAIRS.",NEW CONSTRUCTION,Residential,200000.0,2024-12-13,0174G00396000000,"7427 HERMITAGE ST, Pittsburgh, PA 15208-",40.4591688656,-79.8899454117,9.0,Homewood North,13.0,15208.0,Issued,42003130700,42003130700,42003130700,38300,"Pittsburgh, PA",3.5,4,42003130700
27764473,BP-2024-13989,BUILDING,,Mistick Construction Company,"CONSTRUCTION OF 3 STORY APARTMENT, BUILDING NUMBER A7 WITH 9 APARTMENTS (3) ONE BEDROOM AND (6) TWO BEDROOM UNITS",NEW CONSTRUCTION,Commercial,1664169.0,2025-05-29,0010C00100000000,"2702 Lucas CT, Pittsburgh, PA 15219-",40.4519346183,-79.9709651456,6.0,Bedford Dwellings,5.0,15219.0,Issued,42003050900,42003050900,42003050900,38300,"Pittsburgh, PA",3.99,4,42003050900
27764474,BP-2024-13990,BUILDING,,Mistick Construction Company,CONSTRUCTION OF 3 STORY APARTMENT BUILDING NUMBER A6 WITH 14 APARTMENTS (8) ONE BEDROOM AND (6) TWO BEDROOM UNITS,NEW CONSTRUCTION,Commercial,2362895.0,2025-05-29,0010C00100000000,"2702 Lucas CT, Pittsburgh, PA 15219-",40.4519346183,-79.9709651456,6.0,Bedford Dwellings,5.0,15219.0,Issued,42003050900,42003050900,42003050900,38300,"Pittsburgh, PA",3.99,4,42003050900
27764475,BP-2024-13991,BUILDING,,Mistick Construction Company,CONSTRUCTION OF 3 STORY APARTMENT BUILDING NUMBER A4 WITH 9 APARTMENTS (3) TWO BEDROOM AND (6) THREE BEDROOM UNITS,NEW CONSTRUCTION,Commercial,2102324.0,2025-05-29,0010C00100000000,"2702 Lucas CT, Pittsburgh, PA 15219-",40.4519346183,-79.9709651456,6.0,Bedford Dwellings,5.0,15219.0,Issued,42003050900,42003050900,42003050900,38300,"Pittsburgh, PA",3.99,4,42003050900
27764476,BP-2024-13992,BUILDING,,Mistick Construction Company,CONSTRUCTION OF 3 STORY APARTMENT BUILDING NO A3 WITH 9 APARTMENTS (3) TWO BEDROOM AND (6) THREE BEDROOM UNITS,NEW CONSTRUCTION,Commercial,2102324.0,2025-05-29,0010C00100000000,"2702 Lucas CT, Pittsburgh, PA 15219-",40.4519346183,-79.9709651456,6.0,Bedford Dwellings,5.0,15219.0,Issued,42003050900,42003050900,42003050900,38300,"Pittsburgh, PA",3.99,4,42003050900
27764477,BP-2024-13993,BUILDING,,Mistick Construction Company,"NEW THREE BEDROOM TWO STORY SINGLE FAMILY ATTACHED DWELLING, UNIT 100 IN BUILDING A1 (GROUP OF 4 TOWN HOMES)",NEW CONSTRUCTION,Residential,257838.0,2025-05-29,0010C00100000000,"2702 Lucas CT, Pittsburgh, PA 15219-",40.4519346183,-79.9709651456,6.0,Bedford Dwellings,5.0,15219.0,Completed,42003050900,42003050900,42003050900,38300,"Pittsburgh, PA",3.99,4,42003050900
27764478,BP-2024-13994,BUILDING,,Mistick Construction Company,"NEW THREE BEDROOM TWO STORY SINGLE FAMILY ATTACHED DWELLING, UNIT 101 IN BUILDING A1 (GROUP OF 4 TOWN HOMES)",NEW CONSTRUCTION,Residential,257838.0,2025-05-29,0010C00100000000,"2702 Lucas CT, Pittsburgh, PA 15219-",40.4519346183,-79.9709651456,6.0,Bedford Dwellings,5.0,15219.0,Completed,42003050900,42003050900,42003050900,38300,"Pittsburgh, PA",3.99,4,42003050900
27764479,BP-2024-13995,BUILDING,,Mistick Construction Company,"NEW THREE BEDROOM TWO STORY SINGLE FAMILY ATTACHED DWELLING, UNIT 102 IN BUILDING A1 (GROUP OF 4 TOWN HOMES)",NEW CONSTRUCTION,Residential,257838.0,2025-05-29,0010C00100000000,"2702 Lucas CT, Pittsburgh, PA 15219-",40.4519346183,-79.9709651456,6.0,Bedford Dwellings,5.0,15219.0,Issued,42003050900,42003050900,42003050900,38300,"Pittsburgh, PA",3.99,4,42003050900
27764480,BP-2024-13996,BUILDING,,Mistick Construction Company,"NEW THREE BEDROOM TWO STORY SINGLE FAMILY ATTACHED DWELLING, UNIT 103 IN BUILDING A1 (GROUP OF 4 TOWN HOMES)",NEW CONSTRUCTION,Residential,257838.0,2025-05-29,0010C00100000000,"2702 Lucas CT, Pittsburgh, PA 15219-",40.4519346183,-79.9709651456,6.0,Bedford Dwellings,5.0,15219.0,Completed,42003050900,42003050900,42003050900,38300,"Pittsburgh, PA",3.99,4,42003050900
27764481,BP-2024-13997,BUILDING,,Mistick Construction Company,"NEW FOUR BEDROOM THREE STORY SINGLE FAMILY ATTACHED DWELLING, UNIT 200 IN BUILDING A2 (GROUP OF 6 TOWN HOMES)",NEW CONSTRUCTION,Residential,276792.0,2025-05-29,0010C00100000000,"2702 Lucas CT, Pittsburgh, PA 15219-",40.4519346183,-79.9709651456,6.0,Bedford Dwellings,5.0,15219.0,Issued,42003050900,42003050900,42003050900,38300,"Pittsburgh, PA",3.99,4,42003050900
27764482,BP-2024-13998,BUILDING,,Mistick Construction Company,"NEW FOUR BEDROOM THREE STORY SINGLE FAMILY ATTACHED DWELLING, UNIT 201 IN BUILDING A2 (GROUP OF 6 TOWN HOMES)",NEW CONSTRUCTION,Residential,276792.0,2025-05-29,0010C00100000000,"2702 Lucas CT, Pittsburgh, PA 15219-",40.4519346183,-79.9709651456,6.0,Bedford Dwellings,5.0,15219.0,Issued,42003050900,42003050900,42003050900,38300,"Pittsburgh, PA",3.99,4,42003050900
27764483,BP-2024-13999,BUILDING,,Mistick Construction Company,"NEW THREE BEDROOM TWO STORY SINGLE FAMILY ATTACHED DWELLING, UNIT 202 IN BUILDING A2 (GROUP OF 6 TOWN HOMES)",NEW CONSTRUCTION,Residential,276792.0,2025-05-29,0010C00100000000,"2702 Lucas CT, Pittsburgh, PA 15219-",40.4519346183,-79.9709651456,6.0,Bedford Dwellings,5.0,15219.0,Issued,42003050900,42003050900,42003050900,38300,"Pittsburgh, PA",3.99,4,42003050900
27764484,BP-2024-14000,BUILDING,,Mistick Construction Company,"NEW THREE BEDROOM TWO STORY SINGLE FAMILY ATTACHED DWELLING, UNIT 203 IN BUILDING A2 (GROUP OF 6 TOWN HOMES)",NEW CONSTRUCTION,Residential,276792.0,2025-05-29,0010C00100000000,"2702 Lucas CT, Pittsburgh, PA 15219-",40.4519346183,-79.9709651456,6.0,Bedford Dwellings,5.0,15219.0,Issued,42003050900,42003050900,42003050900,38300,"Pittsburgh, PA",3.99,4,42003050900
27764485,BP-2024-14001,BUILDING,,Mistick Construction Company,"NEW THREE BEDROOM TWO STORY SINGLE FAMILY ATTACHED DWELLING, UNIT 204 IN BUILDING A2 (GROUP OF 6 TOWN HOMES)",NEW CONSTRUCTION,Residential,276792.0,2025-05-29,0010C00100000000,"2702 Lucas CT, Pittsburgh, PA 15219-",40.4519346183,-79.9709651456,6.0,Bedford Dwellings,5.0,15219.0,Issued,42003050900,42003050900,42003050900,38300,"Pittsburgh, PA",3.99,4,42003050900
27764486,BP-2024-14002,BUILDING,,Mistick Construction Company,"NEW THREE BEDROOM TWO STORY SINGLE FAMILY ATTACHED DWELLING, UNIT 205 IN BUILDING A2 (GROUP OF 6 TOWN HOMES)",NEW CONSTRUCTION,Residential,276792.0,2025-05-29,0010C00100000000,"2702 Lucas CT, Pittsburgh, PA 15219-",40.4519346183,-79.9709651456,6.0,Bedford Dwellings,5.0,15219.0,Issued,42003050900,42003050900,42003050900,38300,"Pittsburgh, PA",3.99,4,42003050900
27764487,BP-2024-14003,BUILDING,,Mistick Construction Company,"NEW THREE BEDROOM TWO STORY SINGLE FAMILY ATTACHED DWELLING, UNIT 500 IN BUILDING A5 (GROUP OF 6 TOWN HOMES)",NEW CONSTRUCTION,Residential,257839.0,2025-05-29,0010C00100000000,"2702 Lucas CT, Pittsburgh, PA 15219-",40.4519346183,-79.9709651456,6.0,Bedford Dwellings,5.0,15219.0,Issued,42003050900,42003050900,42003050900,38300,"Pittsburgh, PA",3.99,4,42003050900
27764488,BP-2024-14004,BUILDING,,Mistick Construction Company,"NEW THREE BEDROOM TWO STORY SINGLE FAMILY ATTACHED DWELLING, UNIT 501 IN BUILDING A5 (GROUP OF 6 TOWN HOMES)",NEW CONSTRUCTION,Residential,257839.0,2025-05-29,0010C00100000000,"2702 Lucas CT, Pittsburgh, PA 15219-",40.4519346183,-79.9709651456,6.0,Bedford Dwellings,5.0,15219.0,Issued,42003050900,42003050900,42003050900,38300,"Pittsburgh, PA",3.99,4,42003050900
27764489,BP-2024-14005,BUILDING,,Mistick Construction Company,"NEW THREE BEDROOM TWO STORY SINGLE FAMILY ATTACHED DWELLING, UNIT 502  IN BUILDING A5 (GROUP OF 6 TOWN HOMES)",NEW CONSTRUCTION,Residential,257839.0,2025-05-29,0010C00100000000,"2702 Lucas CT, Pittsburgh, PA 15219-",40.4519346183,-79.9709651456,6.0,Bedford Dwellings,5.0,15219.0,Issued,42003050900,42003050900,42003050900,38300,"Pittsburgh, PA",3.99,4,42003050900
27764490,BP-2024-14006,BUILDING,,Mistick Construction Company,"NEW THREE BEDROOM TWO STORY SINGLE FAMILY ATTACHED DWELLING, UNIT 503 IN BUILDING A5 (GROUP OF 6 TOWN HOMES)",NEW CONSTRUCTION,Residential,257839.0,2025-05-29,0010C00100000000,"2702 Lucas CT, Pittsburgh, PA 15219-",40.4519346183,-79.9709651456,6.0,Bedford Dwellings,5.0,15219.0,Issued,42003050900,42003050900,42003050900,38300,"Pittsburgh, PA",3.99,4,42003050900
27764491,BP-2024-14007,BUILDING,,Mistick Construction Company,"NEW THREE BEDROOM TWO STORY SINGLE FAMILY ATTACHED DWELLING, UNIT 504 IN BUILDING A5 (GROUP OF 6 TOWN HOMES)",NEW CONSTRUCTION,Residential,257839.0,2025-05-29,0010C00100000000,"2702 Lucas CT, Pittsburgh, PA 15219-",40.4519346183,-79.9709651456,6.0,Bedford Dwellings,5.0,15219.0,Issued,42003050900,42003050900,42003050900,38300,"Pittsburgh, PA",3.99,4,42003050900
27764492,BP-2024-14008,BUILDING,,Mistick Construction Company,"NEW THREE BEDROOM TWO STORY SINGLE FAMILY ATTACHED DWELLING, UNIT 505  IN BUILDING A5 (GROUP OF 6 TOWN HOMES)",NEW CONSTRUCTION,Residential,257839.0,2025-05-29,0010C00100000000,"2702 Lucas CT, Pittsburgh, PA 15219-",40.4519346183,-79.9709651456,6.0,Bedford Dwellings,5.0,15219.0,Issued,42003050900,42003050900,42003050900,38300,"Pittsburgh, PA",3.99,4,42003050900
27764494,BP-2025-00108,BUILDING,,Mistick Construction Company,CONSTRUCTION OF 3 STORY APARTMENT BUILDING NUMBER A8 WITH 13 APARTMENTS (7) ONE BEDROOM AND (6) TWO BEDROOM UNITS,NEW CONSTRUCTION,Commercial,1.0,2025-05-29,0010C00100000000,"2702 Lucas CT, Pittsburgh, PA 15219-",40.4519346183,-79.9709651456,6.0,Bedford Dwellings,5.0,15219.0,Issued,42003050900,42003050900,42003050900,38300,"Pittsburgh, PA",3.99,4,42003050900
27764497,BP-2025-04951,BUILDING,,Habitat for Humanity of Greater Pittsburgh,CONSTRUCITON OF SINGLE FAMILY ATTACHED DWELLING,NEW CONSTRUCTION,Residential,500000.0,2025-08-26,0125B00283000000,"554 LINCOLN AVE, Pittsburgh, PA 15206-",40.4613497396,-79.9079767566,9.0,Larimer,12.0,15206.0,Issued,42003120900,42003120900,42003120900,38300,"Pittsburgh, PA",3.84,4,42003120900
27764498,BP-2025-07214,BUILDING,,Mistick Construction Company,"IN PHASE III OF BEDFORD DWELLING, NEW 3 STORY BUILDING WITH 1 AND 2 BEDROOM APARTMENTS (10 UNITS TOTAL ) 1 TYPE A AND 5 TYPE B UNIT ON FIRST FLOOR",NEW CONSTRUCTION,Commercial,1.0,2026-09-14,0010F00300000000,"2281 BEDFORD AVE #104, Pittsburgh, PA 15219-",40.4495198705,-79.9763439431,6.0,Bedford Dwellings,5.0,15219.0,Issued,42003050900,42003050900,42003050900,38300,"Pittsburgh, PA",3.99,4,42003050900
27764499,BP-2025-07215,BUILDING,,Mistick Construction Company,NEW 3 STORY BUILDING WITH 2 AND 3 BEDROOM UNITS (TOTAL 9) APARTMENTS  (1 TYPE A AND 2 TYPE B),NEW CONSTRUCTION,Commercial,1.0,2026-09-14,0010F00300000000,"2281 BEDFORD AVE #104, Pittsburgh, PA 15219-",40.4495198705,-79.9763439431,6.0,Bedford Dwellings,5.0,15219.0,Issued,42003050900,42003050900,42003050900,38300,"Pittsburgh, PA",3.99,4,42003050900
27764500,BP-2025-07216,BUILDING,,Mistick Construction Company,NEW 3 STORY BUILDING E1  WITH 2 AND 3 BEDROOM UNITS (TOTAL 9) APARTMENTS  (2 TYPE A AND  1 TYPE B),NEW CONSTRUCTION,Commercial,1.0,2026-09-14,0010F00400000000,"2257 SOMERS DR, Pittsburgh, PA 15219-",40.4501701024,-79.9767810143,6.0,Bedford Dwellings,5.0,15219.0,Issued,42003050900,42003050900,42003050900,38300,"Pittsburgh, PA",3.99,4,42003050900
27764501,BP-2025-07217,BUILDING,,Mistick Construction Company,NEW 3 STORY BUILDING E2  WITH 2 AND 3 BEDROOM UNITS (TOTAL 9) APARTMENTS  (2 TYPE A AND 1 TYPE B),NEW CONSTRUCTION,Commercial,1.0,2026-09-14,0010F00400000000,"2257 SOMERS DR, Pittsburgh, PA 15219-",40.4501701024,-79.9767810143,6.0,Bedford Dwellings,5.0,15219.0,Issued,42003050900,42003050900,42003050900,38300,"Pittsburgh, PA",3.99,4,42003050900
27764502,BP-2025-07218,BUILDING,,Mistick Construction Company,CONSTRUCTION OF 3 STORY BUILDING E3  WITH 2 AND 3 BEDROOM UNITS (TOTAL 9) APARTMENTS  (3 TYPE B),NEW CONSTRUCTION,Commercial,1.0,2026-09-14,0010F00400000000,"2257 SOMERS DR, Pittsburgh, PA 15219-",40.4501701024,-79.9767810143,6.0,Bedford Dwellings,5.0,15219.0,Issued,42003050900,42003050900,42003050900,38300,"Pittsburgh, PA",3.99,4,42003050900
27764503,BP-2025-07219,BUILDING,,Mistick Construction Company,"NEW THREE STORY, THREE BEDROOM SINGLE FAMILY ATTACHED DWELLING, UNIT 100 IN BUILDING A (GROUP OF 7 TOWN HOMES)",NEW CONSTRUCTION,Residential,1.0,2026-09-14,0010F00300000000,"2281 BEDFORD AVE #104, Pittsburgh, PA 15219-",40.4495198705,-79.9763439431,6.0,Bedford Dwellings,5.0,15219.0,Issued,42003050900,42003050900,42003050900,38300,"Pittsburgh, PA",3.99,4,42003050900
27764504,BP-2025-07220,BUILDING,,Mistick Construction Company,"NEW THREE STORY, THREE BEDROOM SINGLE FAMILY ATTACHED DWELLING, UNIT 101 IN BUILDING A (GROUP OF 7 TOWN HOMES)",NEW CONSTRUCTION,Residential,1.0,2026-09-14,0010F00300000000,"2281 BEDFORD AVE #104, Pittsburgh, PA 15219-",40.4495198705,-79.9763439431,6.0,Bedford Dwellings,5.0,15219.0,Issued,42003050900,42003050900,42003050900,38300,"Pittsburgh, PA",3.99,4,42003050900
27764505,BP-2025-07221,BUILDING,,Mistick Construction Company,"NEW THREE STORY, THREE BEDROOM SINGLE FAMILY ATTACHED DWELLING, UNIT 102 IN BUILDING A (GROUP OF 7 TOWN HOMES)",NEW CONSTRUCTION,Residential,1.0,2026-09-14,0010F00300000000,"2281 BEDFORD AVE #104, Pittsburgh, PA 15219-",40.4495198705,-79.9763439431,6.0,Bedford Dwellings,5.0,15219.0,Issued,42003050900,42003050900,42003050900,38300,"Pittsburgh, PA",3.99,4,42003050900
27764506,BP-2025-07222,BUILDING,,Mistick Construction Company,"NEW THREE STORY, THREE BEDROOM SINGLE FAMILY ATTACHED DWELLING, UNIT 103 IN BUILDING A (GROUP OF 7 TOWN HOMES)",NEW CONSTRUCTION,Residential,1.0,2026-09-14,0010F00300000000,"2281 BEDFORD AVE #104, Pittsburgh, PA 15219-",40.4495198705,-79.9763439431,6.0,Bedford Dwellings,5.0,15219.0,Issued,42003050900,42003050900,42003050900,38300,"Pittsburgh, PA",3.99,4,42003050900
27764507,BP-2025-07223,BUILDING,,Mistick Construction Company,"NEW THREE STORY, THREE BEDROOM SINGLE FAMILY ATTACHED DWELLING, UNIT 104 IN BUILDING A (GROUP OF 7 TOWN HOMES)",NEW CONSTRUCTION,Residential,1.0,2026-09-14,0010F00300000000,"2281 BEDFORD AVE #104, Pittsburgh, PA 15219-",40.4495198705,-79.9763439431,6.0,Bedford Dwellings,5.0,15219.0,Issued,42003050900,42003050900,42003050900,38300,"Pittsburgh, PA",3.99,4,42003050900
27764508,BP-2025-07224,BUILDING,,Mistick Construction Company,"NEW THREE STORY, THREE BEDROOM SINGLE FAMILY ATTACHED DWELLING, UNIT 105 IN BUILDING A (GROUP OF 7 TOWN HOMES)",NEW CONSTRUCTION,Residential,1.0,2026-09-14,0010F00300000000,"2281 BEDFORD AVE #104, Pittsburgh, PA 15219-",40.4495198705,-79.9763439431,6.0,Bedford Dwellings,5.0,15219.0,Issued,42003050900,42003050900,42003050900,38300,"Pittsburgh, PA",3.99,4,42003050900
27764509,BP-2025-07225,BUILDING,,Mistick Construction Company,"NEW THREE STORY, THREE BEDROOM SINGLE FAMILY ATTACHED DWELLING, UNIT 106 IN BUILDING A (GROUP OF 7 TOWN HOMES)",NEW CONSTRUCTION,Residential,1.0,2026-09-14,0010F00300000000,"2281 BEDFORD AVE #104, Pittsburgh, PA 15219-",40.4495198705,-79.9763439431,6.0,Bedford Dwellings,5.0,15219.0,Issued,42003050900,42003050900,42003050900,38300,"Pittsburgh, PA",3.99,4,42003050900
27764512,BP-2025-08779,BUILDING,,Massaro Corporation,CONSTRUCTION OF NEW CONCESSION STAND,NEW CONSTRUCTION,Commercial,1000.0,2026-01-09,0056E00075000000,"4884 GLOSTER ST, Pittsburgh, PA 15207-",40.4100511292,-79.9458867174,5.0,Hazelwood,15.0,15207.0,Completed,42003562901,42003562901,42003562901,38300,"Pittsburgh, PA",3.75,4,42003562901
27764513,BP-2025-08780,BUILDING,,Massaro Corporation,"ALTERATIONS TO EXISTING 1 STORY BUILDING TO CREATE STORAGE, LOCKER ROOMS, AND TOILET ROOMS FOR SPORTS FIELD ON ADJACENT PARCEL",NEW CONSTRUCTION,Commercial,1000.0,2026-01-09,0056F00394000000,"4942 GLOSTER ST, Pittsburgh, PA 15207-",40.4088728706,-79.9455300188,5.0,Hazelwood,15.0,15207.0,Completed,42003562901,42003562901,42003562901,38300,"Pittsburgh, PA",3.75,4,42003562901
27764514,BP-2025-09222,BUILDING,,Residential Development & Construction Inc,NEW CONSTRUCTION OF 3-STORY TOWNHOME WITH INTEGRAL GARAGE AND DECKS,NEW CONSTRUCTION,Residential,337052.0,2026-01-27,0084M00036000000,"6348 KAUFMAN Way, Pittsburgh, PA 15206-",40.4567829891,-79.9200493342,8.0,Shadyside,7.0,15206.0,Issued,42003070800,42003070800,42003070800,38300,"Pittsburgh, PA",2.9,3,42003070800
27764515,BP-2025-09223,BUILDING,,Residential Development & Construction Inc,NEW CONSTRUCTION OF 3-STORY TOWNHOME WITH INTEGRAL GARAGE AND DECKS,NEW CONSTRUCTION,Residential,337052.0,2026-01-27,0084M00036000000,"6348 KAUFMAN Way, Pittsburgh, PA 15206-",40.4567829891,-79.9200493342,8.0,Shadyside,7.0,15206.0,Issued,42003070800,42003070800,42003070800,38300,"Pittsburgh, PA",2.9,3,42003070800
27764516,BP-2025-09224,BUILDING,,Residential Development & Construction Inc,NEW CONSTRUCTION OF 3-STORY TOWNHOME WITH INTEGRAL GARAGE AND DECKS,NEW CONSTRUCTION,Residential,337052.0,2026-01-27,0084M00036000000,"6348 KAUFMAN Way, Pittsburgh, PA 15206-",40.4567829891,-79.9200493342,8.0,Shadyside,7.0,15206.0,Issued,42003070800,42003070800,42003070800,38300,"Pittsburgh, PA",2.9,3,42003070800
27764517,BP-2026-00483,BUILDING,,Residential Development & Construction Inc,"NEW TOWNHOUSE INCLUDING FOUNDATION, WALLS, DOORS, AND FINSIHES.",NEW CONSTRUCTION,Residential,276559.0,2026-04-06,0084R00261000000,"6229 SELLERS ST, Pittsburgh, PA 15206-",40.4551107705,-79.9232347759,8.0,Shadyside,7.0,15206.0,Issued,42003070600,42003070600,42003070600,38300,"Pittsburgh, PA",1.79,2,42003070600
27764518,BP-2026-00484,BUILDING,,Residential Development & Construction Inc,"NEW TOWNHOUSE INCLUDING FOUNDATION, WALLS, DOORS, AND FINSIHES.",NEW CONSTRUCTION,Residential,276559.0,2026-04-06,0084R00261000000,"6229 SELLERS ST, Pittsburgh, PA 15206-",40.4551107705,-79.9232347759,8.0,Shadyside,7.0,15206.0,Issued,42003070600,42003070600,42003070600,38300,"Pittsburgh, PA",1.79,2,42003070600
27764519,BP-2026-00485,BUILDING,,Residential Development & Construction Inc,"NEW TOWNHOUSE INCLUDING FOUNDATION, WALLS, DOORS, AND FINSIHES.",NEW CONSTRUCTION,Residential,276559.0,2026-04-06,0084R00261000000,"6229 SELLERS ST, Pittsburgh, PA 15206-",40.4551107705,-79.9232347759,8.0,Shadyside,7.0,15206.0,Issued,42003070600,42003070600,42003070600,38300,"Pittsburgh, PA",1.79,2,42003070600
27764520,BP-2026-00486,BUILDING,,Residential Development & Construction Inc,"NEW TOWNHOUSE INCLUDING FOUNDATION, WALLS, DOORS, AND FINSIHES.",NEW CONSTRUCTION,Residential,276559.0,2026-04-06,0084R00261000000,"6229 SELLERS ST, Pittsburgh, PA 15206-",40.4551107705,-79.9232347759,8.0,Shadyside,7.0,15206.0,Issued,42003070600,42003070600,42003070600,38300,"Pittsburgh, PA",1.79,2,42003070600
27764521,BP-2026-00487,BUILDING,,Residential Development & Construction Inc,"NEW TOWNHOUSE INCLUDING FOUNDATION, WALLS, DOORS, AND FINSIHES.",NEW CONSTRUCTION,Residential,276559.0,2026-04-06,0084R00261000000,"6229 SELLERS ST, Pittsburgh, PA 15206-",40.4551107705,-79.9232347759,8.0,Shadyside,7.0,15206.0,Issued,42003070600,42003070600,42003070600,38300,"Pittsburgh, PA",1.79,2,42003070600
27764522,BP-2026-00488,BUILDING,,Residential Development & Construction Inc,"NEW TOWNHOUSE INCLUDING FOUNDATION, WALLS, DOORS, AND FINSIHES.",NEW CONSTRUCTION,Residential,276559.0,2026-04-06,0084R00261000000,"6229 SELLERS ST, Pittsburgh, PA 15206-",40.4551107705,-79.9232347759,8.0,Shadyside,7.0,15206.0,Issued,42003070600,42003070600,42003070600,38300,"Pittsburgh, PA",1.79,2,42003070600
27764523,BP-2026-00489,BUILDING,,Residential Development & Construction Inc,"NEW TOWNHOUSE INCLUDING FOUNDATION, WALLS, DOORS, AND FINSIHES.",NEW CONSTRUCTION,Residential,276559.0,2026-04-06,0084R00261000000,"6229 SELLERS ST, Pittsburgh, PA 15206-",40.4551107705,-79.9232347759,8.0,Shadyside,7.0,15206.0,Issued,42003070600,42003070600,42003070600,38300,"Pittsburgh, PA",1.79,2,42003070600
27764524,BP-2026-00490,BUILDING,,Residential Development & Construction Inc,"NEW TOWNHOUSE INCLUDING FOUNDATION, WALLS, DOORS, AND FINSIHES.",NEW CONSTRUCTION,Residential,276559.0,2026-04-06,0084R00261000000,"6229 SELLERS ST, Pittsburgh, PA 15206-",40.4551107705,-79.9232347759,8.0,Shadyside,7.0,15206.0,Issued,42003070600,42003070600,42003070600,38300,"Pittsburgh, PA",1.79,2,42003070600
27764525,BP-2026-00491,BUILDING,,Residential Development & Construction Inc,"NEW TOWNHOUSE INCLUDING FOUNDATION, WALLS, DOORS, AND FINSIHES.",NEW CONSTRUCTION,Residential,276559.0,2026-04-06,0084R00261000000,"6229 SELLERS ST, Pittsburgh, PA 15206-",40.4551107705,-79.9232347759,8.0,Shadyside,7.0,15206.0,Issued,42003070600,42003070600,42003070600,38300,"Pittsburgh, PA",1.79,2,42003070600
27764526,BP-2026-00492,BUILDING,,Residential Development & Construction Inc,"NEW TOWNHOUSE INCLUDING FOUNDATION, WALLS, DOORS, AND FINSIHES.",NEW CONSTRUCTION,Residential,276559.0,2026-04-06,0084R00261000000,"6229 SELLERS ST, Pittsburgh, PA 15206-",40.4551107705,-79.9232347759,8.0,Shadyside,7.0,15206.0,Issued,42003070600,42003070600,42003070600,38300,"Pittsburgh, PA",1.79,2,42003070600
27764527,BP-2026-00493,BUILDING,,Residential Development & Construction Inc,"NEW TOWNHOUSE INCLUDING FOUNDATION, WALLS, DOORS, AND FINSIHES.",NEW CONSTRUCTION,Residential,276559.0,2026-04-06,0084R00261000000,"6229 SELLERS ST, Pittsburgh, PA 15206-",40.4551107705,-79.9232347759,8.0,Shadyside,7.0,15206.0,Issued,42003070600,42003070600,42003070600,38300,"Pittsburgh, PA",1.79,2,42003070600
27764528,BP-2026-00494,BUILDING,,Residential Development & Construction Inc,"NEW TOWNHOUSE INCLUDING FOUNDATION, WALLS, DOORS, AND FINSIHES.",NEW CONSTRUCTION,Residential,276559.0,2026-04-06,0084R00261000000,"6229 SELLERS ST, Pittsburgh, PA 15206-",40.4551107705,-79.9232347759,8.0,Shadyside,7.0,15206.0,Issued,42003070600,42003070600,42003070600,38300,"Pittsburgh, PA",1.79,2,42003070600
27764529,BP-2026-00539,BUILDING,,Infinity Custom Homes LP ,"CONSTRUCTION OF ATTACHED SINGLE FAMILY 4 STORY DWELLING WITH INTEGRAL GARAGE, AND ROOF TERRACE AT (1505 GRANDVIEW AVE) UNIT 20 -101B",NEW CONSTRUCTION,Residential,325000.0,2026-09-25,0006G00044000000,"1505 GRANDVIEW AVE, Pittsburgh, PA 15211-",40.4396527056,-80.0222670401,2.0,Duquesne Heights,19.0,15211.0,Issued,42003191100,42003191100,42003191100,38300,"Pittsburgh, PA",3.42,4,42003191100
27764530,BP-2026-00540,BUILDING,,Infinity Custom Homes LP ,"CONSTRUCTION OF ATTACHED SINGLE FAMILY 4 STORY DWELLING WITH INTEGRAL GARAGE, AND ROOF TERRACE AT (1509 GRANDVIEW AVE) UNIT 19 -101C",NEW CONSTRUCTION,Residential,325000.0,2026-09-25,0006G00043000000,"1509 GRANDVIEW AVE, Pittsburgh, PA 15211-",40.4396893446,-80.0223298501,2.0,Duquesne Heights,19.0,15211.0,Issued,42003191100,42003191100,42003191100,38300,"Pittsburgh, PA",3.42,4,42003191100
27764531,BP-2026-00541,BUILDING,,Infinity Custom Homes LP ,"CONSTRUCTION OF ATTACHED SINGLE FAMILY 4 STORY DWELLING WITH INTEGRAL GARAGE, AND ROOF TERRACE AT (1513 GRANDVIEW AVE) UNIT 18 -101D",NEW CONSTRUCTION,Residential,325000.0,2026-09-25,0006G00042000000,"1513 GRANDVIEW AVE, Pittsburgh, PA 15211-",40.4397430131,-80.0223768469,2.0,Duquesne Heights,19.0,15211.0,Issued,42003191100,42003191100,42003191100,38300,"Pittsburgh, PA",3.42,4,42003191100
27764532,BP-2026-00542,BUILDING,,Infinity Custom Homes LP ,"CONSTRUCTION OF ATTACHED SINGLE FAMILY 4 STORY DWELLING WITH INTEGRAL GARAGE, AND ROOF TERRACE AT (1517 GRANDVIEW AVE) UNIT 17 -101E",NEW CONSTRUCTION,Residential,325000.0,2026-09-25,0006G00040000000,"1517 GRANDVIEW AVE, Pittsburgh, PA 15211-",40.4398011782,-80.0224195047,2.0,Duquesne Heights,19.0,15211.0,Issued,42003191100,42003191100,42003191100,38300,"Pittsburgh, PA",3.42,4,42003191100
27764533,BP-2026-00543,BUILDING,,Infinity Custom Homes LP ,"CONSTRUCTION OF ATTACHED SINGLE FAMILY 4 STORY DWELLING WITH INTEGRAL GARAGE, AND ROOF TERRACE AT (1521 GRANDVIEW AVE) UNIT 16 -101F",NEW CONSTRUCTION,Residential,325000.0,2026-09-25,0006G00039000000,"1521 GRANDVIEW AVE, Pittsburgh, PA 15211-",40.439842963,-80.0225521201,2.0,Duquesne Heights,19.0,15211.0,Issued,42003191100,42003191100,42003191100,38300,"Pittsburgh, PA",3.42,4,42003191100
27764534,BP-2026-00544,BUILDING,,Infinity Custom Homes LP ,"CONSTRUCTION OF ATTACHED SINGLE FAMILY 4 STORY DWELLING WITH INTEGRAL GARAGE, AND ROOF TERRACE AT (1539 GRANDVIEW AVE) UNIT 15 -102A",NEW CONSTRUCTION,Residential,325000.0,2026-09-25,0006G00037000000,"1539 GRANDVIEW AVE, Pittsburgh, PA 15211-",40.4399152279,-80.0226901128,2.0,Duquesne Heights,19.0,15211.0,Issued,42003191100,42003191100,42003191100,38300,"Pittsburgh, PA",3.42,4,42003191100
27764535,BP-2026-00545,BUILDING,,Infinity Custom Homes LP ,"CONSTRUCTION OF ATTACHED SINGLE FAMILY 4 STORY DWELLING WITH INTEGRAL GARAGE, AND ROOF TERRACE AT (1543 GRANDVIEW AVE) UNIT 14 -102B",NEW CONSTRUCTION,Residential,325000.0,2026-09-25,0006G00036000000,"1543 GRANDVIEW AVE, Pittsburgh, PA 15211-",40.4399680877,-80.0228048912,2.0,Duquesne Heights,19.0,15211.0,Issued,42003191100,42003191100,42003191100,38300,"Pittsburgh, PA",3.42,4,42003191100
27764536,BP-2026-00546,BUILDING,,Infinity Custom Homes LP ,"CONSTRUCTION OF ATTACHED SINGLE FAMILY 4 STORY DWELLING WITH INTEGRAL GARAGE, AND ROOF TERRACE AT (1547 GRANDVIEW AVE) UNIT 13 -102C",NEW CONSTRUCTION,Residential,325000.0,2026-09-25,0006G00034000000,"1547 GRANDVIEW AVE, Pittsburgh, PA 15211-",40.4399407071,-80.0229365249,2.0,Duquesne Heights,19.0,15211.0,Issued,42003191100,42003191100,42003191100,38300,"Pittsburgh, PA",3.42,4,42003191100
27764537,BP-2026-00547,BUILDING,,Infinity Custom Homes LP ,"CONSTRUCTION OF ATTACHED SINGLE FAMILY 4 STORY DWELLING WITH INTEGRAL GARAGE, AND ROOF TERRACE AT (1551 GRANDVIEW AVE) UNIT 12 -102D",NEW CONSTRUCTION,Residential,325000.0,2026-09-25,0006G00033000000,"1551 GRANDVIEW AVE, Pittsburgh, PA 15211-",40.4400143743,-80.0229341988,2.0,Duquesne Heights,19.0,15211.0,Issued,42003191100,42003191100,42003191100,38300,"Pittsburgh, PA",3.42,4,42003191100
27764538,BP-2026-00548,BUILDING,,Infinity Custom Homes LP ,"CONSTRUCTION OF ATTACHED SINGLE FAMILY 4 STORY DWELLING WITH INTEGRAL GARAGE, AND ROOF TERRACE AT (1555 GRANDVIEW AVE) UNIT 11 -102E",NEW CONSTRUCTION,Residential,325000.0,2026-09-25,0006G00032000000,"1555 GRANDVIEW AVE, Pittsburgh, PA 15211-",40.4400096129,-80.0230665696,2.0,Duquesne Heights,19.0,15211.0,Issued,42003191100,42003191100,42003191100,38300,"Pittsburgh, PA",3.42,4,42003191100
27764539,BP-2026-00549,BUILDING,,Infinity Custom Homes LP ,"CONSTRUCTION OF ATTACHED SINGLE FAMILY 4 STORY DWELLING WITH INTEGRAL GARAGE, AND ROOF TERRACE AT (1557 GRANDVIEW AVE) UNIT 10 -102F",NEW CONSTRUCTION,Residential,325000.0,2026-09-25,0006G00030000000,"1557 GRANDVIEW AVE, Pittsburgh, PA 15211-",40.4401235873,-80.0230894297,2.0,Duquesne Heights,19.0,15211.0,Issued,42003191100,42003191100,42003191100,38300,"Pittsburgh, PA",3.42,4,42003191100
27764540,BP-2026-02194,BUILDING,,Habitat for Humanity of Greater Pittsburgh,"NEW CONSTRUCTION OF A DETACHED DWELLING, SITE WORK, SLAB ON GRADE, AND PARKING PAD",NEW CONSTRUCTION,Residential,210000.0,2026-06-04,0175B00058000000,"7610 TIOGA ST, Pittsburgh, PA 15208-",40.451582516,-79.891364391,9.0,Homewood South,13.0,15221.0,Issued,42003130800,42003130800,42003130800,38300,"Pittsburgh, PA",3.56,4,42003130800
27764541,BP-2026-02195,BUILDING,,Habitat for Humanity of Greater Pittsburgh,"NEW CONSTRUCTION OF A DETACHED DWELLING, SITE WORK, SLAB ON GRADE, AND PARKING PAD",NEW CONSTRUCTION,Residential,210000.0,2026-06-04,0175B00060000000,"7614 TIOGA ST, Pittsburgh, PA 15208-",40.4515243871,-79.8912379308,9.0,Homewood South,13.0,15221.0,Issued,42003130800,42003130800,42003130800,38300,"Pittsburgh, PA",3.56,4,42003130800
27764542,BP-2026-02696,BUILDING,,Concrete Rose Construction LLC,CONSTRUCTION OF AN ATTACHED TWO-STORY TWO-FAMILY DWELLING WITH FRONT PORCH AND DECK STRUCTURE,NEW CONSTRUCTION,Residential,400000.0,2026-10-06,0124N00096000000,"135 MAYFLOWER ST, Pittsburgh, PA 15206",40.4636917792,-79.9149192413,9.0,Larimer,12.0,15206.0,Issued,42003120900,42003120900,42003120900,38300,"Pittsburgh, PA",3.84,4,42003120900
27764543,BP-2026-02697,BUILDING,,Concrete Rose Construction LLC,CONSTRUCTION OF AN ATTACHED TWO-STORY TWO-FAMILY DWELLING WITH FRONT PORCH AND DECK STRUCTURE,NEW CONSTRUCTION,Residential,400000.0,2026-10-06,0124N00096000A00,"137 MAYFLOWER ST, Pittsburgh, PA 15206",40.4636545347,-79.9148795622,9.0,Larimer,12.0,15206.0,Issued,42003120900,42003120900,42003120900,38300,"Pittsburgh, PA",3.84,4,42003120900
