_id,permit_id,permit_type,work_description,work_type,total_project_value,issue_date,parcel_num,address,latitude,longitude,council_district,neighborhood,ward,zip_code,tract,tract_clean,GEOID20,CBSA10,HRI2020,INTERVAL2020,GEOID20_clean,year
27746739,BP-2019-00108,BUILDING,Construction of a two-family townhome,NEW CONSTRUCTION,210000.0,2019-08-26,0084K00146000000,"360 LAMONT PL, Pittsburgh, 15232-",40.4554476305,-79.9271681715,8.0,Shadyside,7.0,15232.0,42003070500,42003070500,42003070500,38300,2.74,3,42003070500,2019
27746743,BP-2019-00134,BUILDING,"TENANT FIT-OUT PARTIAL 1ST FLOOR, ENTIRE 2ND & 3RD FLOORS - BUILDING D",NEW CONSTRUCTION,2105022.0,2019-07-24,0025F00290000000,"2865 RAILROAD ST #301, Pittsburgh, PA 15222-",40.459215123,-79.9765905494,1.0,Strip District,6.0,15222.0,42003020300,42003020300,42003020300,38300,4.0,4,42003020300,2019
27746754,BP-2019-00208,BUILDING,"CONSTRUCT THREE STORY SINGLE FAMILY DWELLING
AMENDMENT: ADD ROOF TOP DECK AND SPIRAL STAIR ON THIRD STORY
AMENDMENT WITHDRAWAL PER APPLICANT REQUEST 
AMENDMENT2  04/13/2021- REMOVE LOWER DECK FROM SCOPE OF WORK",NEW CONSTRUCTION,345000.0,2019-08-13,0049C00273000000,"4623 BANCROFT ST, Pittsburgh, PA 15201-",40.4710226045,-79.9549601922,7.0,Central Lawrenceville,9.0,15201.0,42003090200,42003090200,42003090200,38300,3.02,3,42003090200,2019
27746762,BP-2019-00266,BUILDING,NEW CONSTRUCTION,NEW CONSTRUCTION,255000.0,2019-11-05,0028N00100000000,"210 OPHELIA ST, Pittsburgh, PA 15213-",40.4353699488,-79.9646152587,3.0,South Oakland,4.0,15213.0,42003040900,42003040900,42003040900,38300,3.51,4,42003040900,2019
27746771,BP-2019-00295,BUILDING,CONSTRUCTION OF A 3 STORY BUILDING - BUILDING D,NEW CONSTRUCTION,4810641.0,2019-06-21,0025F00290000000,"2865 RAILROAD ST #301, Pittsburgh, PA 15222-",40.459215123,-79.9765905494,1.0,Strip District,6.0,15222.0,42003020300,42003020300,42003020300,38300,4.0,4,42003020300,2019
27746849,BP-2019-00663,BUILDING,NEW PLAYGROUND,NEW CONSTRUCTION,3500.0,2020-03-09,0022L00118000000,No primary address specified,40.4561159296,-80.024291651,6.0,Manchester,21.0,15233.0,42003565200,42003565200,42003565200,38300,4.0,4,42003565200,2020
27746905,BP-2019-00945,BUILDING,Construction of new 1 story structure as vehicle repair garage,NEW CONSTRUCTION,1696754.0,2019-10-14,0051E00124000000,"824 GROSS ST, Pittsburgh, PA 15224-",40.4576541993,-79.9493593377,7.0,Bloomfield,8.0,15224.0,42003080200,42003080200,42003080200,38300,3.0,3,42003080200,2019
27746960,BP-2019-01219,BUILDING,"CONSTRUCTION OF HOSPITAL WITH REHABILITATION CENTER, RESEARCH LABS, AND ASSOCIATED PARKING STRUCTURE  WITH PEDESTRIAN BRIDGE",NEW CONSTRUCTION,122680909.0,2020-02-07,0002M00310000000,"1622 LOCUST ST, Pittsburgh, PA 15219-",40.436106554,-79.9835922908,6.0,Bluff,1.0,15219.0,42003010302,42003010302,42003010302,38300,4.0,4,42003010302,2020
27747021,BP-2019-01649,BUILDING,CONSTRUCT A 2-STORY SINGLE FAMILY PREFABRICATED MODULAR DWELLING WITH INTEGRAL GARAGE AND DECK OFF THE FIRST FLOOR.,NEW CONSTRUCTION,150000.0,2021-09-20,0050L00007000000,"5249 BROWN Way, Pittsburgh, PA 15224-",40.4672761476,-79.9385861354,9.0,Garfield,10.0,15224.0,42003101900,42003101900,42003101900,38300,3.97,4,42003101900,2021
27747022,BP-2019-01650,BUILDING,"CONSTRUCTION OF A NEW 3-STORY SINGLE FAMILY DWELLING WITH SINGLE ATTACHED SINGLE CAR GARAGE, ROOFTOP DECK AND ROOFTOP VESTIBULE.",NEW CONSTRUCTION,160000.0,2019-09-19,0119S00041000000,"5310 DRESDEN Way, Pittsburgh, PA 15201-",40.4819657697,-79.9517074758,7.0,Upper Lawrenceville,10.0,15201.0,42003101100,42003101100,42003101100,38300,3.32,4,42003101100,2019
27747028,BP-2019-01683,BUILDING,CONSTRUCT NEW BANK,NEW CONSTRUCTION,902048.0,2019-12-03,0083N00198000000,"5576 PENN AVE, Pittsburgh, PA 15206-",40.4633715048,-79.9311578202,9.0,Friendship,8.0,15206.0,42003080700,42003080700,42003080700,38300,3.01,3,42003080700,2019
27747033,BP-2019-01712,BUILDING,FOUNDATIONS AND SUPERSTRUCTURE FOR NEW 7 STORY HOTEL,NEW CONSTRUCTION,6772455.0,2019-09-25,0007L00032000000,"757 CASINO DR, Pittsburgh, PA 15212-",40.447128815,-80.0220214965,6.0,Chateau,21.0,15233.0,42003980600,42003980600,42003980600,38300,4.0,4,42003980600,2019
27747087,BP-2019-01999,BUILDING,"NEW 4 BEDROOM HOUSE WITH INTEGRAL PARKING, ROOF DECK AND REAR DECK.",NEW CONSTRUCTION,175000.0,2019-08-13,0006G00005000000,"1654 RUTLEDGE ST, Pittsburgh, PA 15211-",40.4403534346,-80.0244418974,2.0,Duquesne Heights,19.0,15211.0,42003191100,42003191100,42003191100,38300,3.42,4,42003191100,2019
27747088,BP-2019-02005,BUILDING,"NEW 4 BEDROOM HOUSE WITH INTEGRAL PARKING, ROOF DECK",NEW CONSTRUCTION,175000.0,2019-08-13,0006G00003000000,"1660 RUTLEDGE ST, Pittsburgh, PA 15211-",40.4404141555,-80.0245325211,2.0,Duquesne Heights,19.0,15211.0,42003191100,42003191100,42003191100,38300,3.42,4,42003191100,2019
27747127,BP-2019-02218,BUILDING,NEW DETACHED 2 STORY SINGLE FAMILY DWELLING WITH INTEGRAL 1 CAR GARAGE,NEW CONSTRUCTION,140000.0,2019-10-25,0026B00322000000,"3711 MELWOOD AVE, Pittsburgh, PA 15213-",40.4601935184,-79.958430797,7.0,Polish Hill,6.0,15213.0,42003060500,42003060500,42003060500,38300,3.56,4,42003060500,2019
27747129,BP-2019-02223,BUILDING,NEW ATTACHED TWO-STORY SINGLE FAMILY DWELLING WITH SLAB ON GRADE AND LOW SLOPED ROOF,NEW CONSTRUCTION,20000.0,2020-11-04,0174A00223000000,"7037 HERMITAGE ST, Pittsburgh, PA 15208-",40.4611766947,-79.8985995504,9.0,Homewood North,13.0,15208.0,42003130700,42003130700,42003130700,38300,3.5,4,42003130700,2020
27747146,BP-2019-02311,BUILDING,CONSTRUCTION OF 7 STORY HOTEL ADDITION ATTACHED TO EXISTING CASINO,NEW CONSTRUCTION,976510.0,2019-11-18,0007L00032000000,"757 CASINO DR, Pittsburgh, PA 15212-",40.447128815,-80.0220214965,6.0,Chateau,21.0,15233.0,42003980600,42003980600,42003980600,38300,4.0,4,42003980600,2019
27747223,BP-2019-02808,BUILDING,"Masonary Garage,  24'x22'4x13'",NEW CONSTRUCTION,40400.0,2019-09-09,0114M00207000000,"3828 ATKINS ST, Pittsburgh, 15212-",40.4863226351,-80.034370608,1.0,Brighton Heights,27.0,15212.0,42003270800,42003270800,42003270800,38300,2.11,2,42003270800,2019
27747232,BP-2019-02885,BUILDING,"INTERIOR TENANT FIT-OUT OF APPROXIMATELY 180,000 SF OF OFFICE SPACE OF AN EXISTING CORE/SHELL OFFICE BUILDING.  TENANT WILL OCCUPY PART OF LEVEL 1, PART OF LEVEL 4, AND THE ENTIRETY OF LEVELS 5, 6, 7, 8, AND 9.  PROJECT INCLUDES FIT-OUT OF EXTERIOR ROOF TERRACES ON LEVEL 8.  AMENDED FOR OFFICE LAYOUT REVISIONS ON LEVELS 5, 7, 8 AND 9.",NEW CONSTRUCTION,12096292.0,2019-10-02,0125J00120000000,"6501 LIVING PL, Pittsburgh, PA 15206-",40.4562370919,-79.9162070297,8.0,Shadyside,7.0,15206.0,42003070800,42003070800,42003070800,38300,2.9,3,42003070800,2019
27747254,BP-2019-02983,BUILDING,INTERIOR AND EXTERIOR ALTERATIONS FOR TENANT FITOUT,NEW CONSTRUCTION,140000.0,2019-09-23,0028F00185000000,"3423 FORBES AVE #1026, Pittsburgh, PA 15213-",40.4391016971,-79.9608796729,6.0,Central Oakland,4.0,15213.0,42003040500,42003040500,42003040500,38300,3.0,3,42003040500,2019
27747410,BP-2019-03908,BUILDING,CONSTRUCTION OF NEW 3-STORY SINGLE FAMILY DWELLING WITH ROOFTOP DECK AND INTEGRAL 2-CAR GARAGE,NEW CONSTRUCTION,200000.0,2021-01-20,0049N00363000000,"504 37TH ST, Pittsburgh, PA 15201-",40.4625895156,-79.9623287275,7.0,Lower Lawrenceville,6.0,15201.0,42003060300,42003060300,42003060300,38300,3.37,4,42003060300,2021
27747436,BP-2019-04077,BUILDING,NEW 2 STORY SINGLE FAMILY DWELLING,NEW CONSTRUCTION,140000.0,2019-11-18,0083A00264000000,"5456 BLACK ST, Pittsburgh, PA 15206-",40.4697813583,-79.9311121191,9.0,Garfield,11.0,15206.0,42003111400,42003111400,42003111400,38300,2.66,3,42003111400,2019
27747437,BP-2019-04078,BUILDING,"NEW 2 STORY SINGLE FAMILY DWELLING
AMENDMENT: NEW 3 STORY SINGLE FAMILY DWELLING",NEW CONSTRUCTION,175000.0,2019-11-18,0083A00266000000,"5454 BLACK ST, Pittsburgh, PA 15206-",40.4698168029,-79.9312044652,9.0,Garfield,11.0,15206.0,42003111400,42003111400,42003111400,38300,2.66,3,42003111400,2019
27747447,BP-2019-04173,BUILDING,CONSTRUCT MODULAR 3 STORY SINGLE FAMILY DWELLING WITH INTEGRAL GARAGE AND 3RD FLOOR FRONT ROOD DECK,NEW CONSTRUCTION,350000.0,2020-03-11,0026F00039000000,"3501 MELWOOD AVE, Pittsburgh, PA 15213-",40.4592922936,-79.9614018051,7.0,Polish Hill,6.0,15219.0,42003060500,42003060500,42003060500,38300,3.56,4,42003060500,2020
27747448,BP-2019-04175,BUILDING,FOUNDATION FOR 48' x 12' MODULAR OFFICE TRAILER WITH RAMP AND STEPS AT USED TRUCK FACILITY,NEW CONSTRUCTION,20000.0,2019-11-26,0069A00116000000,"2405 WOODMERE DR, Pittsburgh, PA 15205-",40.4412946775,-80.0801705146,2.0,Fairywood,28.0,15205.0,42003563000,42003563000,42003563000,38300,2.29,2,42003563000,2019
27747469,BP-2019-04338,BUILDING,3 STORY SINGLE FAMILY DWELLING WITH DECK ON 2ND & 3RD FL WITH INTEGRAL GARAGE.,NEW CONSTRUCTION,200000.0,2021-09-03,0004L00324000000,"435 NEFF ST, Pittsburgh, PA 15211-",40.4277917278,-80.0044568574,2.0,Mount Washington,19.0,15211.0,42003191400,42003191400,42003191400,38300,3.12,3,42003191400,2021
27747470,BP-2019-04339,BUILDING,3 STORY SINGLE FAMILY DWELLING WITH DECKS ON 2ND & 3RD FL & INTEGRAL GARAGE,NEW CONSTRUCTION,200000.0,2021-07-26,0004L00326000000,"433 NEFF ST, Pittsburgh, PA 15211-",40.4278182633,-80.004397527,2.0,Mount Washington,19.0,15211.0,42003191400,42003191400,42003191400,38300,3.12,3,42003191400,2021
27747474,BP-2019-04364,BUILDING,"NEW 3 STORY HOUSE WITH HABITABLE BASEMENT BELOW, EXTERIOR DECK AT 1ST FLOOR AND ON TOP OF 2ND FLOOR. 2 CAR GARAGE",NEW CONSTRUCTION,150000.0,2019-09-27,0080H00011000000,"5177 KEYSTONE ST, Pittsburgh, PA 15201-",40.479150247,-79.9531857587,7.0,Upper Lawrenceville,10.0,15201.0,42003101100,42003101100,42003101100,38300,3.32,4,42003101100,2019
27747482,BP-2019-04408,BUILDING,CONSTRUCTION OF 3-STORY SINGLE FAMILY DWELLING,NEW CONSTRUCTION,240000.0,2020-09-15,0012F00068000000,"1912 FOX Way, Pittsburgh, PA 15203-",40.4298755577,-79.9784182121,3.0,South Side Flats,17.0,15203.0,42003170200,42003170200,42003170200,38300,4.0,4,42003170200,2020
27747527,BP-2019-04645,BUILDING,"SITE WORK AND FOUNDATION TO GRADE CONSTRUCTION FOR NEW MIXED-USE HIGHRISE: INCLUDING CAISSONS, GRADE BEAMS, SLABS, COLUMNS, AND STEEL: 
-
NO SUPERSTRUCTURE, INTERIOR WALLS, PRECAST ELEMENTS, OR WORK ABOVE GRADE UNDER THIS PERMIT.",NEW CONSTRUCTION,8200000.0,2019-11-26,0083N00125000000,"141 S SAINT CLAIR ST #601, Pittsburgh, PA 15206-",40.4623681682,-79.9296214621,9.0,East Liberty,8.0,15206.0,42003111500,42003111500,42003111500,38300,3.87,4,42003111500,2019
27747528,BP-2019-04661,BUILDING,CONSTRUCTION OF AN ATTACHED 3-STORY SINGLE FAMILY DWELLING WITH INTEGRAL 1-CAR GARAGE,NEW CONSTRUCTION,295200.0,2020-10-14,0052G00133000000,"5131 5TH AVE, Pittsburgh, PA 15232-",40.4481567579,-79.9373961933,8.0,Shadyside,7.0,15232.0,42003070300,42003070300,42003070300,38300,1.84,2,42003070300,2020
27747580,BP-2019-04994,BUILDING,INTERIOR FIT-OUT OF 7000 SQ' OF 8TH FLOOR FOR UNIV. OF PITTSBURGH DEPARTMENT OF COMPUTATIONAL BIOLOGY,NEW CONSTRUCTION,203000.0,2019-11-06,0028F00206000000,"3422 FORBES AVE, Pittsburgh, PA 15213-",40.4387606883,-79.9602788913,3.0,Central Oakland,4.0,15213.0,42003040500,42003040500,42003040500,38300,3.0,3,42003040500,2019
27747590,BP-2019-05054,BUILDING,CONSTRUCTION OF NEW MASONRY BUILDING,NEW CONSTRUCTION,43750.0,2020-06-08,0034D00020000000,"300 MICHIGAN ST, Pittsburgh, PA 15210-",40.4133449042,-80.0021041632,3.0,Beltzhoover,18.0,15210.0,42003562400,42003562400,42003562400,38300,3.0,3,42003562400,2020
27747593,BP-2019-05090,BUILDING,"TENANT FIT-OUT FOR OFFICE, RESEARCH LAB AND VEHICLE STORAGE",NEW CONSTRUCTION,7034318.0,2019-11-01,0055J00114000000,"4339 LYTLE ST, Pittsburgh, PA 15207-",40.4159064666,-79.9484456346,5.0,Hazelwood,15.0,15207.0,42003562901,42003562901,42003562901,38300,3.75,4,42003562901,2019
27747602,BP-2019-05153,BUILDING,2 SOLAR CANOPY STRUCTURES AT SURFACE PARKING LOT,NEW CONSTRUCTION,300000.0,2019-12-13,0056E00012000000,"46 Beehive ST #201, Pittsburgh, PA 15207-",40.4168147047,-79.9501182858,5.0,Hazelwood,15.0,15207.0,42003562901,42003562901,42003562901,38300,3.75,4,42003562901,2019
27747603,BP-2019-05154,BUILDING,CONSTRUCT 2 SOLAR CANOPY STRUCTURES AT SURFACE PARKING LOT,NEW CONSTRUCTION,600000.0,2019-12-19,0056E00002000000,"54 HAZELWOOD AVE, Pittsburgh, PA 15217-",40.4094243128,-79.9483375417,5.0,Hazelwood,15.0,15207.0,42003562901,42003562901,42003562901,38300,3.75,4,42003562901,2019
27747604,BP-2019-05155,BUILDING,CONSTRUCT 1 SOLAR CANOPY STRUCTURE,NEW CONSTRUCTION,120000.0,2019-12-13,0056E00006000000,"4601 LYTLE ST, Pittsburgh, PA 15207-",40.4135927325,-79.9474528345,5.0,Hazelwood,15.0,15207.0,42003562901,42003562901,42003562901,38300,3.75,4,42003562901,2019
27747632,BP-2019-05338,BUILDING,CONSTRUCTION OF 4 STORY SINGLE FAMILY DWELLING WITH ATTACHED GARAGE AND ROOFTOP DECK,NEW CONSTRUCTION,175000.0,2020-01-30,0049J00321000000,"206 39TH ST, Pittsburgh, PA 15201-",40.467267564,-79.9636151473,7.0,Lower Lawrenceville,6.0,15201.0,42003060300,42003060300,42003060300,38300,3.37,4,42003060300,2020
27747650,BP-2019-05455,BUILDING,"CONSTRUCT 3-STORY HOUSE WITH BASEMENT, FRONT PORCH, REAR DECK, & FRONT ROOFTOP DECK",NEW CONSTRUCTION,200000.0,2020-12-02,0083K00083000000,"315 N SAINT CLAIR ST, Pittsburgh, PA 15206-",40.4654340887,-79.9275409964,9.0,East Liberty,11.0,15206.0,42003111500,42003111500,42003111500,38300,3.87,4,42003111500,2020
27747651,BP-2019-05456,BUILDING,"CONSTRUCT 3-STORY HOUSE WITH BASEMENT, FRONT PORCH, REAR DECK, & FRONT ROOFTOP DECK",NEW CONSTRUCTION,200000.0,2021-01-12,0083K00082000000,"317 N SAINT CLAIR ST, Pittsburgh, PA 15206-",40.4654949376,-79.9274984667,9.0,East Liberty,11.0,15206.0,42003111500,42003111500,42003111500,38300,3.87,4,42003111500,2021
27747657,BP-2019-05492,BUILDING,NEW CONSTRUCTION OF A 3-STORY 18 UNIT APARTMENT BUILDING WITH BASEMENT,NEW CONSTRUCTION,2354552.0,2020-01-22,0010S00075000000,"239 BLAKEY CT #310, Pittsburgh, PA 15219-",40.4445641169,-79.9691318132,6.0,Terrace Village,5.0,15213.0,42003051000,42003051000,42003051000,38300,3.92,4,42003051000,2020
27747658,BP-2019-05493,BUILDING,CONSTRUCT A 59 UNIT 4 STORY MULTI-FAMILY DWELLING WITH SURFACE PARKING,NEW CONSTRUCTION,7717698.0,2020-01-22,0010S00072000000,"10 TURRENTINE PL #208, Pittsburgh, PA 15213-",40.4442830894,-79.970501214,6.0,Terrace Village,5.0,15213.0,42003051000,42003051000,42003051000,38300,3.92,4,42003051000,2020
27747660,BP-2019-05495,BUILDING,"CONSTRUCT NEW 3-STORY APARTMENT BUILDING TO INCLUDE 3 UNITS ON FIRST LEVEL, 10 UNITS ON SECOND LEVEL, 10 UNITS ON THIRD LEVEL, AND 10 UNITS ON FOUR LEVEL",NEW CONSTRUCTION,4316678.0,2020-01-21,0010S00075000000,"239 BLAKEY CT #310, Pittsburgh, PA 15219-",40.4445641169,-79.9691318132,6.0,Terrace Village,5.0,15213.0,42003051000,42003051000,42003051000,38300,3.92,4,42003051000,2020
27747661,BP-2019-05496,BUILDING,CONSTRUCTION OF NEW THREE STORY WOOD FRAMED APARTMENT BUILDING,NEW CONSTRUCTION,3924254.0,2020-01-17,0010S00075000000,"239 BLAKEY CT #310, Pittsburgh, PA 15219-",40.4445641169,-79.9691318132,6.0,Terrace Village,5.0,15213.0,42003051000,42003051000,42003051000,38300,3.92,4,42003051000,2020
27747668,BP-2019-05531,BUILDING,NEW THREE STORY SINGLE FAMILY DWELLING WITH DECKS ON 2ND & 3RD FL WITH INTEGRAL GARAGE.,NEW CONSTRUCTION,200000.0,2021-09-03,0004L00328000000,"431 NEFF ST, Pittsburgh, PA 15211-",40.427842456,-80.0043371381,2.0,Mount Washington,19.0,15211.0,42003191400,42003191400,42003191400,38300,3.12,3,42003191400,2021
27747691,BP-2019-05700,BUILDING,"FIRST FIT OUT OF TENANT SPACE SUITE 164 IN CORE & SHELL ONE STORY WAREHOUSE BUILDING. FIT OUT TO BE UNSEPARATED WAREHOUSE (S-1) IN THE BACK WITH OFFICE (B) USE IN THE FRONT. 
THE WAREHOUSE IS LABELED AS VEHICLE GRAPHICS S-1, VEHICLES ARE STORED/WORKED ON IN THE WAREHOUSE. VEHICLE VENTILATION IS REQUIRED.",NEW CONSTRUCTION,120000.0,2020-05-20,0107R00041000000,"519 NAPOR BLVD, Pittsburgh, PA 15205-",40.4432092565,-80.0869698352,2.0,Fairywood,28.0,15205.0,42003563000,42003563000,42003563000,38300,2.29,2,42003563000,2020
27747713,BP-2019-05831,BUILDING,DCED CONSTRUCTION WAIVER GRANTED - PHASED CONSTRUCTION - FOUNDATION FOR 9 STORY STRUCTURE,NEW CONSTRUCTION,1294660.0,2019-12-19,0009G00170000000,"1447 SMALLMAN ST, Pittsburgh, PA 15222-",40.4486022823,-79.9903585214,1.0,Strip District,2.0,15222.0,42003020300,42003020300,42003020300,38300,4.0,4,42003020300,2019
27747714,BP-2019-05835,BUILDING,3 STORY SINGLE FAMILY DWELLING WITH DECK ON 2ND & 3RD FL WITH INTEGRAL GARAGE,NEW CONSTRUCTION,200000.0,2021-09-03,0004L00322000000,"437 NEFF ST, Pittsburgh, PA 15211-",40.4277664615,-80.0045168923,2.0,Mount Washington,19.0,15211.0,42003191400,42003191400,42003191400,38300,3.12,3,42003191400,2021
27747730,BP-2019-05951,BUILDING,NEW DETACHED GARAGE,NEW CONSTRUCTION,15000.0,2020-01-14,0083F00317000000,"525 N EUCLID AVE, Pittsburgh, 15206-",40.4676003867,-79.9250820463,9.0,East Liberty,11.0,15206.0,42003111300,42003111300,42003111300,38300,2.51,3,42003111300,2020
27747750,BP-2019-06027,BUILDING,NEW 2 STORY SINGLE FAMILY DWELLING ON EXISTING FOUNDATION,NEW CONSTRUCTION,35000.0,2020-01-08,0012K00221000000,"124 S 21ST ST, Pittsburgh, 15203-",40.427119177,-79.9767019405,3.0,South Side Flats,17.0,15203.0,42003170200,42003170200,42003170200,38300,4.0,4,42003170200,2020
27747759,BP-2019-06098,BUILDING,"CONSTRUCTION OF MODULAR 3-STORY TOWNHOUSE WITH INTEGRAL GARAGE, PRE-CAST FOUNDATION, REAR DECK AND ROOFTOP DECK",NEW CONSTRUCTION,220000.0,2020-11-04,0023E00383000000,"1601 BUENA VISTA ST, Pittsburgh, PA 15212-",40.4580994714,-80.0151314895,6.0,Central Northside,25.0,15212.0,42003565100,42003565100,42003565100,38300,3.98,4,42003565100,2020
27747760,BP-2019-06099,BUILDING,"CONSTRUCTION OF MODULAR 3-STORY TOWNHOUSE WITH INTEGRAL GARAGE, PRE-CAST FOUNDATION, REAR DECK AND ROOFTOP DECK",NEW CONSTRUCTION,220000.0,2020-11-05,0023E00382000000,"1603 BUENA VISTA ST, Pittsburgh, PA 15212-",40.4581599511,-80.0151516334,6.0,Central Northside,25.0,15212.0,42003565100,42003565100,42003565100,38300,3.98,4,42003565100,2020
27747761,BP-2019-06100,BUILDING,"CONSTRUCTION OF MODULAR 3-STORY TOWNHOUSE WITH INTEGRAL GARAGE, PRE-CAST FOUNDATION, REAR DECK AND ROOFTOP DECK",NEW CONSTRUCTION,220000.0,2020-11-04,0023E00381000000,"1605 BUENA VISTA ST, Pittsburgh, PA 15212-",40.4582129544,-80.0151681609,6.0,Central Northside,25.0,15212.0,42003565100,42003565100,42003565100,38300,3.98,4,42003565100,2020
27747762,BP-2019-06101,BUILDING,"CONSTRUCTION OF MODULAR 3-STORY TOWNHOUSE WITH INTEGRAL GARAGE, PRE-CAST FOUNDATION, REAR DECK AND ROOFTOP DECK",NEW CONSTRUCTION,220000.0,2020-11-04,0023E00380000000,"1607 BUENA VISTA ST, Pittsburgh, PA 15212-",40.4582657656,-80.0151858968,6.0,Central Northside,25.0,15212.0,42003565100,42003565100,42003565100,38300,3.98,4,42003565100,2020
27747763,BP-2019-06102,BUILDING,"CONSTRUCTION OF MODULAR 3-STORY TOWNHOUSE WITH INTEGRAL GARAGE, PRE-CAST FOUNDATION, REAR DECK AND ROOFTOP DECK",NEW CONSTRUCTION,220000.0,2020-11-04,0023E00379000000,"1609 BUENA VISTA ST, Pittsburgh, PA 15212-",40.4583185894,-80.0152029649,6.0,Central Northside,25.0,15212.0,42003565100,42003565100,42003565100,38300,3.98,4,42003565100,2020
27747765,BP-2019-06105,BUILDING,"CONSTRUCTION OF MODULAR 3-STORY TOWNHOUSE WITH INTEGRAL GARAGE, PRE-CAST FOUNDATION, REAR DECK AND ROOFTOP DECK",NEW CONSTRUCTION,220000.0,2020-11-05,0023E00378000000,"1611 BUENA VISTA ST, Pittsburgh, PA 15212-",40.4583788178,-80.0152224251,6.0,Central Northside,25.0,15212.0,42003565100,42003565100,42003565100,38300,3.98,4,42003565100,2020
27747808,BP-2019-06307,BUILDING,"CONSTRUCTION OF MODULAR 3-STORY SINGLE FAMILY DWELLING WITH INTEGRAL GARAGE, PRE-CAST FOUNDATION",NEW CONSTRUCTION,150000.0,2021-03-15,0006K00366000000,"431 SHALER ST, Pittsburgh, PA 15211-",40.4363336849,-80.0260125344,2.0,Duquesne Heights,19.0,15211.0,42003191100,42003191100,42003191100,38300,3.42,4,42003191100,2021
27747809,BP-2019-06308,BUILDING,CONSTRUCT 3-STORY HOUSE WITH INTEGRAL PARKING & ROOFTOP DECK,NEW CONSTRUCTION,200000.0,2020-02-04,0006K00303000000,"415 CLARENCE ST, Pittsburgh, PA 15211-",40.4361976811,-80.0253322331,2.0,Duquesne Heights,19.0,15211.0,42003191100,42003191100,42003191100,38300,3.42,4,42003191100,2020
27747840,BP-2019-06395,BUILDING,"CONSTRUCTION OF THREE STORY, MASONRY VENEERED WOOD FRAMED, 8 UNIT APARTMENT BUILDING AND SITE WORK.  AMENDED TO REVISE FOUNDATION DETAILS.",NEW CONSTRUCTION,752000.0,2020-01-29,0011J00173000000,"1721 LOCUST ST #302, Pittsburgh, PA 15219-",40.4368142278,-79.9820075982,6.0,Bluff,1.0,15219.0,42003010302,42003010302,42003010302,38300,4.0,4,42003010302,2020
27747992,BP-2019-07202,BUILDING,CONSTRUCTION OF 5 STORY APARTMENT BUILDING WITH 343 UNITS,NEW CONSTRUCTION,24500000.0,2020-08-27,0049E00132000000,"129 39TH ST, Pittsburgh, PA 15201-",40.4695679428,-79.9653329962,7.0,Lower Lawrenceville,6.0,15201.0,42003060300,42003060300,42003060300,38300,3.37,4,42003060300,2020
27748001,BP-2019-07230,BUILDING,FOUNDATION ONLY FOR NEW 5 STORY RESIDENTIAL APARTMENT BUILDING,NEW CONSTRUCTION,2012000.0,2020-08-25,0049E00132000000,"129 39TH ST, Pittsburgh, PA 15201-",40.4695679428,-79.9653329962,7.0,Lower Lawrenceville,6.0,15201.0,42003060300,42003060300,42003060300,38300,3.37,4,42003060300,2020
27748009,BP-2019-07287,BUILDING,"Office Fit-out  at partial third floor, Level 2 alterations, No change of use",NEW CONSTRUCTION,330000.0,2020-01-03,0025J00049000000,"2545 RAILROAD ST #301, Pittsburgh, PA 15222-",40.4561914637,-79.9812618033,1.0,Strip District,2.0,15222.0,42003020300,42003020300,42003020300,38300,4.0,4,42003020300,2020
27748054,BP-2019-07469,BUILDING,"CONSTRUCT  NEW BUILDING - PHASED CONSTRUCTION OF FOUNDATION & PARTIAL STRUCTURE (UP TO 2ND LEVEL) FOR 6 STORY STRUCTURE, & SITE WORK",NEW CONSTRUCTION,4518500.0,2020-05-04,0024S00072000000,"2239 RAILROAD ST, Pittsburgh, 15222-",40.4544230904,-79.9838339608,1.0,Strip District,2.0,15222.0,42003020300,42003020300,42003020300,38300,4.0,4,42003020300,2020
27748055,BP-2019-07478,BUILDING,"PHASED CONSTRUCTION - NEW TWO STORY STRUCTURE TO INCLUDE OFFICE, PARKING, AND CORE AND SHELL SPACE",NEW CONSTRUCTION,1900000.0,2020-03-05,0084F00324000000,"235 SPAHR ST, Pittsburgh, PA 15232-",40.45782655,-79.9271135515,8.0,Shadyside,7.0,15232.0,42003070500,42003070500,42003070500,38300,2.74,3,42003070500,2020
27748061,BP-2019-07515,BUILDING,INTERIOR FIT OUT OF BASEMENT LEVEL D FOR EDUCATIONAL CLASSROOMS,NEW CONSTRUCTION,769156.0,2020-01-06,0053B00100000000,"4927 MARGARET MORRISON ST, Pittsburgh, PA 15213-",40.4417684612,-79.94390358,8.0,Squirrel Hill North,14.0,15213.0,42003140100,42003140100,42003140100,38300,1.09,1,42003140100,2020
27748096,BP-2019-07739,BUILDING,CONSTRUCT NEW 3 STORY STRUCTURE WITH 8 DWELLING UNITS,NEW CONSTRUCTION,948000.0,2020-01-29,0011J00179000000,"308 MILTENBERGER ST #302, Pittsburgh, PA 15219-",40.4368426269,-79.9816941799,6.0,Bluff,1.0,15219.0,42003010302,42003010302,42003010302,38300,4.0,4,42003010302,2020
27748317,BP-2019-08660,BUILDING,CONSTRUCTION OF NEW 3-STORY TOWNHOUSE IN ROW OF 10 TOWNHOUSES WITH INTEGRAL 1-CAR GARAGE,NEW CONSTRUCTION,55000.0,2020-03-13,0011H00400000000,"110 BURROWS ST, Pittsburgh, PA 15213-",40.4397091347,-79.966902345,6.0,West Oakland,4.0,15213.0,42003040200,42003040200,42003040200,38300,3.99,4,42003040200,2020
27748318,BP-2019-08661,BUILDING,CONSTRUCTION OF NEW 3-STORY TOWNHOUSE IN A ROW OF 10 TOWNHOUSES WITH INTEGRAL 1-CAR GARAGE,NEW CONSTRUCTION,55000.0,2020-03-13,0011H00402000000,"112 BURROWS ST, Pittsburgh, PA 15213-",40.4396528501,-79.9668934587,6.0,West Oakland,4.0,15213.0,42003040200,42003040200,42003040200,38300,3.99,4,42003040200,2020
27748319,BP-2019-08662,BUILDING,CONSTRUCTION OF NEW 3-STORY TOWNHOUSE IN A ROW OF 10 TOWNHOUSES WITH INTEGRAL 1-CAR GARAGE,NEW CONSTRUCTION,55000.0,2020-03-13,0011H00404000000,"114 BURROWS ST, Pittsburgh, PA 15213-",40.4396046569,-79.9668816349,6.0,West Oakland,4.0,15213.0,42003040200,42003040200,42003040200,38300,3.99,4,42003040200,2020
27748320,BP-2019-08663,BUILDING,CONSTRUCTION OF NEW 3-STORY TOWNHOUSE IN A ROW OF 10 TOWNHOUSES WITH INTEGRAL 1-CAR GARAGE,NEW CONSTRUCTION,55000.0,2020-03-17,0011H00406000000,"116 BURROWS ST, Pittsburgh, PA 15213-",40.4395566423,-79.9668698799,6.0,West Oakland,4.0,15213.0,42003040200,42003040200,42003040200,38300,3.99,4,42003040200,2020
27748321,BP-2019-08664,BUILDING,CONSTRUCTION OF NEW 3-STORY TOWNHOUSE IN A ROW OF 10 TOWNHOUSES WITH INTEGRAL 1-CAR GARAGE,NEW CONSTRUCTION,55000.0,2020-03-17,0011H00408000000,"118 BURROWS ST, Pittsburgh, PA 15213-",40.4395077604,-79.966859087,6.0,West Oakland,4.0,15213.0,42003040200,42003040200,42003040200,38300,3.99,4,42003040200,2020
27748322,BP-2019-08665,BUILDING,CONSTRUCTION OF NEW 3-STORY TOWNHOUSE IN A ROW OF 10 TOWNHOUSES WITH INTEGRAL 1-CAR GARAGE,NEW CONSTRUCTION,55000.0,2020-03-17,0011H00410000000,"120 BURROWS ST, Pittsburgh, PA 15213-",40.4394591989,-79.9668464886,6.0,West Oakland,4.0,15213.0,42003040200,42003040200,42003040200,38300,3.99,4,42003040200,2020
27748329,BP-2019-08734,BUILDING,CONSTRUCTION OF NEW 3-STORY TOWNHOUSE IN A ROW OF 10 TOWNHOUSES WITH INTEGRAL 1-CAR GARAGE,NEW CONSTRUCTION,55000.0,2020-03-17,0011H00412000000,"122 BURROWS ST, Pittsburgh, PA 15213-",40.4394106615,-79.9668339853,6.0,West Oakland,4.0,15213.0,42003040200,42003040200,42003040200,38300,3.99,4,42003040200,2020
27748330,BP-2019-08735,BUILDING,CONSTRUCTION OF NEW 3-STORY TOWNHOUSE IN A ROW OF 10 TOWNHOUSES WITH INTEGRAL 1-CAR GARAGE,NEW CONSTRUCTION,55000.0,2020-03-17,0011H00414000000,"124 BURROWS ST, Pittsburgh, PA 15213-",40.4393620089,-79.9668234657,6.0,West Oakland,4.0,15213.0,42003040200,42003040200,42003040200,38300,3.99,4,42003040200,2020
27748331,BP-2019-08736,BUILDING,CONSTRUCTION OF NEW 3-STORY TOWNHOUSE IN A ROW OF 10 TOWNHOUSES WITH INTEGRAL 1-CAR GARAGE,NEW CONSTRUCTION,55000.0,2020-03-17,0011H00416000000,"126 BURROWS ST, Pittsburgh, PA 15213-",40.439313985,-79.9668109335,6.0,West Oakland,4.0,15213.0,42003040200,42003040200,42003040200,38300,3.99,4,42003040200,2020
27748333,BP-2019-08738,BUILDING,CONSTRUCTION OF NEW 3-STORY TOWNHOUSE IN A ROW OF 10 TOWNHOUSES WITH INTEGRAL 1-CAR GARAGE,NEW CONSTRUCTION,55000.0,2020-03-17,0011H00418000000,"128 BURROWS ST, Pittsburgh, PA 15213-",40.4392650574,-79.9667989847,6.0,West Oakland,4.0,15213.0,42003040200,42003040200,42003040200,38300,3.99,4,42003040200,2020
27748334,BP-2019-08739,BUILDING,CONSTRUCTION OF NEW 3-STORY TOWNHOUSE WITH INTEGRAL 1-CAR GARAGE,NEW CONSTRUCTION,55000.0,2020-03-17,0011H00422000000,"132 BURROWS ST, Pittsburgh, PA 15213-",40.4391631097,-79.9667735921,6.0,West Oakland,4.0,15213.0,42003040200,42003040200,42003040200,38300,3.99,4,42003040200,2020
27748335,BP-2019-08740,BUILDING,CONSTRUCTION OF NEW 3-STORY TOWNHOUSE WITH INTEGRAL 1-CAR GARAGE,NEW CONSTRUCTION,55000.0,2020-03-17,0011H00424000000,"134 BURROWS ST, Pittsburgh, PA 15213-",40.4391144437,-79.9667617022,6.0,West Oakland,4.0,15213.0,42003040200,42003040200,42003040200,38300,3.99,4,42003040200,2020
27748336,BP-2019-08741,BUILDING,CONSTRUCTION OF NEW 3-STORY TOWNHOUSE WITH INTEGRAL 1-CAR GARAGE,NEW CONSTRUCTION,55000.0,2020-03-13,0011H00426000000,"136 BURROWS ST, Pittsburgh, PA 15213-",40.4390658883,-79.9667501992,6.0,West Oakland,4.0,15213.0,42003040200,42003040200,42003040200,38300,3.99,4,42003040200,2020
27748344,BP-2019-08803,BUILDING,CONSTRUCTION OF NEW 3-STORY TOWNHOUSE WITH INTEGRAL 1-CAR GARAGE,NEW CONSTRUCTION,55000.0,2020-03-13,0011H00428000000,"138 BURROWS ST, Pittsburgh, PA 15213-",40.4390101113,-79.9667392441,6.0,West Oakland,4.0,15213.0,42003040200,42003040200,42003040200,38300,3.99,4,42003040200,2020
27748381,BP-2019-08989,BUILDING,"CONSTRUCTION OF 4 STORY SINGLE-FAMILY DWELLING WITH SECOND STORY DECK, FOURTH STORY ROOF DECK AND INTEGRAL GARAGE",NEW CONSTRUCTION,200000.0,2020-01-30,0049J00322000000,"208 39TH ST, Pittsburgh, PA 15201-",40.467214096,-79.9635398255,7.0,Lower Lawrenceville,6.0,15201.0,42003060300,42003060300,42003060300,38300,3.37,4,42003060300,2020
27748435,BP-2019-09342,BUILDING,CONSTRUCTION OF A 4-STORY TOWNHOUSE WITH 2 CAR INTEGRAL GARAGE,NEW CONSTRUCTION,295200.0,2020-10-14,0052G00133000000,"5131 5TH AVE, Pittsburgh, PA 15232-",40.4481567579,-79.9373961933,8.0,Shadyside,7.0,15232.0,42003070300,42003070300,42003070300,38300,1.84,2,42003070300,2020
27748436,BP-2019-09343,BUILDING,CONSTRUCTION OF A 4-STORY TOWNHOUSE WITH 2 CAR INTEGRAL GARAGE,NEW CONSTRUCTION,295200.0,2020-10-14,0052G00133000000,"5131 5TH AVE, Pittsburgh, PA 15232-",40.4481567579,-79.9373961933,8.0,Shadyside,7.0,15232.0,42003070300,42003070300,42003070300,38300,1.84,2,42003070300,2020
27748437,BP-2019-09344,BUILDING,CONSTRUCTION OF A 4-STORY TOWNHOUSE WITH 2 CAR INTEGRAL GARAGE,NEW CONSTRUCTION,295200.0,2020-10-14,0052G00133000000,"5131 5TH AVE, Pittsburgh, PA 15232-",40.4481567579,-79.9373961933,8.0,Shadyside,7.0,15232.0,42003070300,42003070300,42003070300,38300,1.84,2,42003070300,2020
27748438,BP-2019-09345,BUILDING,CONSTRUCTION OF A 4-STORY TOWNHOUSE WITH 2 CAR INTEGRAL GARAGE,NEW CONSTRUCTION,295200.0,2020-10-14,0052G00133000000,"5131 5TH AVE, Pittsburgh, PA 15232-",40.4481567579,-79.9373961933,8.0,Shadyside,7.0,15232.0,42003070300,42003070300,42003070300,38300,1.84,2,42003070300,2020
27748447,BP-2019-09389,BUILDING,NEW SINGLE FAMILY DWELLING,NEW CONSTRUCTION,100000.0,2020-08-25,0006K00301000000,"419 CLARENCE ST, Pittsburgh, PA 15211-",40.4361235399,-80.0253776732,2.0,Duquesne Heights,19.0,15211.0,42003191100,42003191100,42003191100,38300,3.42,4,42003191100,2020
27748467,BP-2019-09494,BUILDING,CONSTRUCTION OF FOUNDATION AND SUPERSTRUCTURE FOR FUTURE 6 STORY OFFICE BUILDING ABOVE 1 LEVEL OF UNDERGROUND PARKING,NEW CONSTRUCTION,5000000.0,2020-05-07,0025F00288000000,"75 HOPPER PL #301, Pittsburgh, PA 15222-",40.458771362,-79.9772398962,1.0,Strip District,6.0,15222.0,42003020300,42003020300,42003020300,38300,4.0,4,42003020300,2020
27748494,BP-2019-09587,BUILDING,"PARTIAL DEMOLITION OF EXISTING BUILDING (DP-2020-00000) TO CREATE NEW BUILDING, CORE AND SHELL. INSTALL NEW EXTERIOR WALLS TO ENCLOSE NORTH AND WEST SIDES OF NEWLY CREATED BUILDING. PROVIDE SITE WORK AND LANDSCAPING REQUIRED FOR OCCUPANCY OF NEW BUILDING 
AMENDED (03-31-2022) TO INCLUDE ADDITIONAL SITE DRAINS",NEW CONSTRUCTION,200000.0,2020-05-15,0070N00120000002,"2270 ROSWELL DR, Pittsburgh, PA 15205-",40.4450218346,-80.080342908,2.0,Fairywood,28.0,15205.0,42003563000,42003563000,42003563000,38300,2.29,2,42003563000,2020
27748497,BP-2019-09627,BUILDING,"PARTIAL DEMOLITION OF EXISTING BUILDING TO CREATE NEW BUILDING, CORE AND SHELL. INSTALL NEW EXTERIOR WALLS TO ENCLOSE NORTH AND SOUTH SIDES OF NEWLY CREATED BUILDING. PROVIDE SITE WORK AND LANDSCAPING REQUIRED FOR OCCUPANCY OF NEW BUILDING",NEW CONSTRUCTION,200000.0,2020-05-15,0070N00120000002,"2270 ROSWELL DR, Pittsburgh, PA 15205-",40.4450218346,-80.080342908,2.0,Fairywood,28.0,15205.0,42003563000,42003563000,42003563000,38300,2.29,2,42003563000,2020
27748504,BP-2019-09676,BUILDING,CONSTRUCTION OF 4 STORY SINGLE-FAMILY DWELLING WITH FOURTH STORY ROOF DECK AND INTEGRAL GARAGE,NEW CONSTRUCTION,200000.0,2020-01-30,0049J00320000000,"204 39TH ST, Pittsburgh, PA 15201-",40.4673352849,-79.9637163209,7.0,Lower Lawrenceville,6.0,15201.0,42003060300,42003060300,42003060300,38300,3.37,4,42003060300,2020
27748578,BP-2019-10149,BUILDING,CONSTRUCTION OF NEW 1 STORY 72000 SF DOLLAR GENERAL,NEW CONSTRUCTION,266000.0,2020-05-28,0094J00196000000,"2417 BROWNSVILLE RD, Pittsburgh, PA 15210-",40.3871747804,-79.9822429403,4.0,Carrick,29.0,15210.0,42003290400,42003290400,42003290400,38300,2.06,2,42003290400,2020
27748630,BP-2019-10470,BUILDING,NEW BUILDING PHASED CONSTRUCTION - CONSTRUCT FOUNDATION AND SUPERSTRUCTURE OF NEW 6 STORY DORMITORY,NEW CONSTRUCTION,6000000.0,2020-02-12,0052J00074000000,"4735 5TH AVE, Pittsburgh, PA 15213-",40.4476132808,-79.9458306973,8.0,Shadyside,7.0,15213.0,42003070900,42003070900,42003070900,38300,1.57,1,42003070900,2020
27748646,BP-2019-10590,BUILDING,CONSTRUCTION OF SITE RETAINING WALLS / PERIMETER FENCE ACCESSORY TO TOWNHOUSES,NEW CONSTRUCTION,115000.0,2020-01-27,0009D00297000000,"1744 WATERFRONT PL, Pittsburgh, PA 15222-",40.4514419346,-79.9868749545,1.0,Strip District,2.0,15222.0,42003020300,42003020300,42003020300,38300,4.0,4,42003020300,2020
27748694,BP-2019-10867,BUILDING,CONSTRUCTION OF NEW 4 STORY MASONRY AND WOOD FRAMED DWELLING.,NEW CONSTRUCTION,120000.0,2020-08-28,0080H00271000000,"713 52ND ST, Pittsburgh, PA 15201-",40.4780841232,-79.9508657032,7.0,Upper Lawrenceville,10.0,15201.0,42003101100,42003101100,42003101100,38300,3.32,4,42003101100,2020
27748749,BP-2019-11180,BUILDING,CONSTRUCT NEW 6 STORY OPEN PARKING GARAGE,NEW CONSTRUCTION,5095000.0,2021-03-04,0049E00132000000,"129 39TH ST, Pittsburgh, PA 15201-",40.4695679428,-79.9653329962,7.0,Lower Lawrenceville,6.0,15201.0,42003060300,42003060300,42003060300,38300,3.37,4,42003060300,2021
27748750,BP-2019-11185,BUILDING,NEW 3 STORY SINGLE FAMILY DWELLING,NEW CONSTRUCTION,410000.0,2020-05-12,0012S00125000000,"2830 LARKINS Way, Pittsburgh, PA 15203-",40.4247122344,-79.9661609897,3.0,South Side Flats,16.0,15203.0,42003160900,42003160900,42003160900,38300,4.0,4,42003160900,2020
27748808,BP-2019-11431,BUILDING,CONSTRUCT NEW 6 STORY APARTMENT BUILDING,NEW CONSTRUCTION,5000000.0,2020-09-16,0011E00037000000,"1709 5TH AVE #101, Pittsburgh, PA 15219-",40.4386324646,-79.9821031662,6.0,Crawford-Roberts,3.0,15219.0,42003030500,42003030500,42003030500,38300,4.0,4,42003030500,2020
27748856,BP-2019-11750,BUILDING,NEW 3-STORY SINGLE FAMILY MODULAR DWELLING,NEW CONSTRUCTION,10000.0,2020-03-10,0125K00018000000,"6706 MCPHERSON BLVD, Pittsburgh, 15208-",40.4553189626,-79.9101883922,9.0,Point Breeze North,14.0,15208.0,42003140500,42003140500,42003140500,38300,2.13,2,42003140500,2020
27748902,BP-2020-00128,BUILDING,CONSTRUCTION OF A  50' X 190' PRE-ENGINEERED METAL STORAGE BUILDING.,NEW CONSTRUCTION,462566.0,2020-06-24,0075K00060000000,"3300 PREBLE AVE #420, Pittsburgh, PA 15233-",40.4748309616,-80.0430510996,2.0,Marshall-Shadeland,27.0,15233.0,42003980900,42003980900,42003980900,38300,3.93,4,42003980900,2020
27748982,BP-2020-00622,BUILDING,CONSTRUCT SOLAR 'TREE' TO SUPPORT SOLAR PANELS AS PART OF INSTALLATION UNDER EP-2019-11537,NEW CONSTRUCTION,29120.0,2020-05-01,0044G00250000000,"2837 NEW BEAVER AVE, Pittsburgh, PA 15233-",40.4676674232,-80.0391830421,2.0,Marshall-Shadeland,27.0,15233.0,42003980900,42003980900,42003980900,38300,3.93,4,42003980900,2020
27749048,BP-2020-01057,BUILDING,"INTERIOR RENO FOR OFFICE USE ON 18,990 SF 4TH FLOOR OF EXISTING 12TH FLOOR.",NEW CONSTRUCTION,387000.0,2020-06-18,0125J00120000000,"6501 LIVING PL, Pittsburgh, PA 15206-",40.4562370919,-79.9162070297,8.0,Shadyside,7.0,15206.0,42003070800,42003070800,42003070800,38300,2.9,3,42003070800,2020
27749056,BP-2020-01125,BUILDING,"NEW DEEP FOUNDATION IN FOOTPRINT OF EXISTING FOUNDATION FOR; FOUNDATION, SUPERSTRUCTURE, AND BUILDING ENVELOPE (CORE + SHELL) TO PROVIDE WEATHER ENVELOPE OF PHASED CONSTRUCTION OF A 2 STORY SINGLE FAMILY RESIDENCE WITH SIDE DECK AT FIRST FLOOR.",NEW CONSTRUCTION,320000.0,2020-07-15,0006H00045000000,"1318 GRANDVIEW AVE, Pittsburgh, PA 15211",40.4387700516,-80.0197836159,2.0,Duquesne Heights,19.0,15219.0,42003191100,42003191100,42003191100,38300,3.42,4,42003191100,2020
27749066,BP-2020-01206,BUILDING,NEW 2 STORY SINGLE FAMILY DWELLING WITH PORCH IN THE FRONT.,NEW CONSTRUCTION,277000.0,2020-05-15,0055B00293000000,"4232 LYDIA ST, Pittsburgh, 15207-",40.4223266057,-79.9419171412,5.0,Greenfield,15.0,15207.0,42003151600,42003151600,42003151600,38300,3.68,4,42003151600,2020
27749083,BP-2020-01293,BUILDING,CONSTRUCTION OF NEW 1003 SQ. FT. DRIVE-THROUGH ONLY DONUT SHOP,NEW CONSTRUCTION,600000.0,2020-06-30,0035A00192000000,No primary address specified,40.4123959868,-80.0304062567,2.0,Beechview,20.0,15216.0,42003191600,42003191600,42003191600,38300,3.08,3,42003191600,2020
27749084,BP-2020-01300,BUILDING,INTERIOR RENOVATION FOR TENANT BUILD OUT into a Dunkin' Donuts restaurant,NEW CONSTRUCTION,300000.0,2020-08-07,0027D00060000000,"4500 CENTRE AVE #1019, Pittsburgh, PA 15213-",40.4513898314,-79.9525999311,8.0,North Oakland,4.0,15213.0,42003562000,42003562000,42003562000,38300,2.44,2,42003562000,2020
27749087,BP-2020-01341,BUILDING,CONSTRUCT SHELL AND FIT-OUT OF NEW 6 STORY BUILDING - RELATED TO BP-2019-10470,NEW CONSTRUCTION,12000000.0,2020-07-08,0052J00074000000,"4735 5TH AVE, Pittsburgh, PA 15213-",40.4476132808,-79.9458306973,8.0,Shadyside,7.0,15213.0,42003070900,42003070900,42003070900,38300,1.57,1,42003070900,2020
27749101,BP-2020-01455,BUILDING,PHASED CONSTRUCTION - 3-STORY PARKING GARAGE TO SERVE FUTURE 8-STORY STRUCTURE,NEW CONSTRUCTION,7339000.0,2020-08-19,0009G00170000000,"1447 SMALLMAN ST, Pittsburgh, PA 15222-",40.4486022823,-79.9903585214,1.0,Strip District,2.0,15222.0,42003020300,42003020300,42003020300,38300,4.0,4,42003020300,2020
27749122,BP-2020-01571,BUILDING,"NEW PHASED CONSTRUCTION - SUPERSTRUCTURE, ENVELOPE, AND CORE & SHELL FOR FUTURE FIT-OUT, INCLUDING COMMON AREAS & AMENITIES SPACES",NEW CONSTRUCTION,37051584.0,2020-07-27,0083N00125000000,"141 S SAINT CLAIR ST #601, Pittsburgh, PA 15206-",40.4623681682,-79.9296214621,9.0,East Liberty,8.0,15206.0,42003111500,42003111500,42003111500,38300,3.87,4,42003111500,2020
27749126,BP-2020-01603,BUILDING,CONSTRUCTION OF NEW 3-STORY SINGLE FAMILY DWELLING WITH ROOFTOP DECK AND INTEGRAL 2-CAR GARAGE,NEW CONSTRUCTION,200000.0,2021-01-20,0049N00361000000,"502 37TH ST, Pittsburgh, PA 15201-",40.462680187,-79.962341723,7.0,Lower Lawrenceville,6.0,15201.0,42003060300,42003060300,42003060300,38300,3.37,4,42003060300,2021
27749134,BP-2020-01646,BUILDING,CONSTRUCT NEW TEN STORY COMMERCIAL STRUCTURE- FOUNDATION AND SUPERSTRUCTURE FOR 5TH AND HALKET INNOVATION RESEARCH TOWER,NEW CONSTRUCTION,33156000.0,2020-08-20,0028E00019000000,"3368 5TH AVE #102, Pittsburgh, PA 15213-",40.4386625166,-79.962266529,6.0,South Oakland,4.0,15213.0,42003040900,42003040900,42003040900,38300,3.51,4,42003040900,2020
27749176,BP-2020-01919,BUILDING,NEW SINGLE FAMILY DWELLING WITH INTEGRAL GARAGE & DECK.,NEW CONSTRUCTION,50000.0,2020-06-12,0080G00294000000,"5114 STANTON AVE, Pittsburgh, PA 15201-",40.4782432764,-79.9552373072,7.0,Upper Lawrenceville,10.0,15201.0,42003101100,42003101100,42003101100,38300,3.32,4,42003101100,2020
27749187,BP-2020-02022,BUILDING,CONSTRUCTION OF 5 STORY OPEN PARKING GARAGE WITH PARTIAL FIRST FLOOR AS VACANT TENANT SPACE,NEW CONSTRUCTION,9299485.0,2021-06-01,0025F00159000000,"2805 SMALLMAN ST, Pittsburgh, PA 15222-",40.4581127332,-79.9764731199,1.0,Strip District,6.0,15222.0,42003020300,42003020300,42003020300,38300,4.0,4,42003020300,2021
27749199,BP-2020-02074,BUILDING,"CONSTRUCT NEW THREE STORY ATTACHED TOWNHOUSE WITH INTEGRAL GARAGE WITH ROOFTOP DECK, DECK AT GRADE, AND ROOFTOP DECK AT DWELLING UNIT",NEW CONSTRUCTION,175000.0,2020-06-24,0049J00227000000,"222 38TH ST, Pittsburgh, PA 15201-",40.4662210869,-79.9638318173,7.0,Lower Lawrenceville,6.0,15201.0,42003060300,42003060300,42003060300,38300,3.37,4,42003060300,2020
27749200,BP-2020-02077,BUILDING,"CONSTRUCT NEW THREE STORY ATTACHED TOWNHOUSE WITH INTEGRAL GARAGE WITH ROOFTOP DECK, DECK AT GRADE, AND ROOFTOP DECK AT DWELLING UNIT",NEW CONSTRUCTION,175000.0,2020-06-24,0049J00228000000,"224 38TH ST, Pittsburgh, PA 15201-",40.466180676,-79.9637811413,7.0,Lower Lawrenceville,6.0,15201.0,42003060300,42003060300,42003060300,38300,3.37,4,42003060300,2020
27749201,BP-2020-02078,BUILDING,"CONSTRUCT NEW THREE STORY ATTACHED TOWNHOUSE WITH INTEGRAL GARAGE WITH ROOFTOP DECK, DECK AT GRADE, AND ROOFTOP DECK AT DWELLING UNIT",NEW CONSTRUCTION,175000.0,2020-06-24,0049J00229000000,"226 38TH ST, Pittsburgh, PA 15201-",40.4661404165,-79.9637301025,7.0,Lower Lawrenceville,6.0,15201.0,42003060300,42003060300,42003060300,38300,3.37,4,42003060300,2020
27749213,BP-2020-02120,BUILDING,"NEW CONSTRUCTION OF 3 STORY SINGLE FAMILY DWELLING WITH REAR DECK AT GROUND AND THIRD LEVELS, AND ONE STORY GARAGE AT REAR.",NEW CONSTRUCTION,262925.0,2020-10-05,0083F00235000000,"513 N SAINT CLAIR ST, Pittsburgh, PA 15206-",40.4678613675,-79.9260783769,9.0,East Liberty,11.0,15206.0,42003111300,42003111300,42003111300,38300,2.51,3,42003111300,2020
27749214,BP-2020-02121,BUILDING,NEW CONSTRUCTION OF 3 STORY SINGLE FAMILY DWELLING WITH REAR DECK AT GROUND AND THIRD LEVELS AND ONE STORY GARAGE AT REAR,NEW CONSTRUCTION,262925.0,2020-10-01,0083F00234000000,"511 N SAINT CLAIR ST, Pittsburgh, PA 15206-",40.4677967124,-79.9261215635,9.0,East Liberty,11.0,15206.0,42003111300,42003111300,42003111300,38300,2.51,3,42003111300,2020
27749215,BP-2020-02123,BUILDING,NEW CONSTRUCTION OF 4 UNIT APARTMENT BUILDING,NEW CONSTRUCTION,397582.0,2020-12-10,0124J00300000000,"132 WINSLOW ST, Pittsburgh, PA 15206-",40.4650521708,-79.9129207668,9.0,Larimer,12.0,15206.0,42003120900,42003120900,42003120900,38300,3.84,4,42003120900,2020
27749216,BP-2020-02125,BUILDING,NEW CONSTRUCTION OF SINGLE FAMILY ATTACHED DWELLING,NEW CONSTRUCTION,89218.0,2020-12-10,0124J00300000000,"132 WINSLOW ST, Pittsburgh, PA 15206-",40.4650521708,-79.9129207668,9.0,Larimer,12.0,15206.0,42003120900,42003120900,42003120900,38300,3.84,4,42003120900,2020
27749217,BP-2020-02126,BUILDING,NEW CONSTRUCTION OF SINGLE FAMILY ATTACHED DWELLING,NEW CONSTRUCTION,89218.0,2020-12-10,0124J00300000000,"132 WINSLOW ST, Pittsburgh, PA 15206-",40.4650521708,-79.9129207668,9.0,Larimer,12.0,15206.0,42003120900,42003120900,42003120900,38300,3.84,4,42003120900,2020
27749218,BP-2020-02127,BUILDING,NEW CONSTRUCTION OF 3 SINGLE FAMILY ATTACHED DWELLING,NEW CONSTRUCTION,89218.0,2020-12-10,0124J00300000000,"132 WINSLOW ST, Pittsburgh, PA 15206-",40.4650521708,-79.9129207668,9.0,Larimer,12.0,15206.0,42003120900,42003120900,42003120900,38300,3.84,4,42003120900,2020
27749248,BP-2020-02295,BUILDING,CONSTRUCTION OF THREE STORY CONCRETE AND WOOD FRAMED DWELLING WITH ROOF DECK,NEW CONSTRUCTION,315000.0,2020-05-21,0080G00066000000,"4837 BLACKBERRY Way, Pittsburgh, PA 15201-",40.4771973279,-79.9576410454,7.0,Central Lawrenceville,9.0,15201.0,42003090100,42003090100,42003090100,38300,4.0,4,42003090100,2020
27749274,BP-2020-02459,BUILDING,2 STORY SINGLE FAMILY DWELLING WITH DETACHED GARAGE,NEW CONSTRUCTION,125000.0,2020-06-03,0022G00230000000,"1227 COLUMBUS AVE, Pittsburgh, 15233-",40.4580101073,-80.024513657,6.0,Manchester,21.0,15233.0,42003565200,42003565200,42003565200,38300,4.0,4,42003565200,2020
27749302,BP-2020-02630,BUILDING,CONSTRUCTION OF MIXED USE 5 STORY PEDESTAL BUILDING AND 42 CAR PARKING LOT,NEW CONSTRUCTION,6684000.0,2021-04-13,0010N00281000000,"2033 CENTRE AVE, Pittsburgh, PA 15219",40.4446496962,-79.9794685506,6.0,Middle Hill,5.0,15219.0,42003050100,42003050100,42003050100,38300,4.0,4,42003050100,2021
27749313,BP-2020-02710,BUILDING,FIRST TENANT FIT OUT OF 4TH THROUGH 6TH AND PARTIAL 7TH FLOOR AS OFFICE IN 8 STORY STRUCTURE,NEW CONSTRUCTION,80000.0,2020-08-25,0028F00206000000,"3422 FORBES AVE, Pittsburgh, PA 15213-",40.4387606883,-79.9602788913,3.0,Central Oakland,4.0,15213.0,42003040500,42003040500,42003040500,38300,3.0,3,42003040500,2020
27749323,BP-2020-02805,BUILDING,CONSTRUCTION OF A 2-STORY SINGLE FAMILY DWELLING WITH FRONT PORCH,NEW CONSTRUCTION,187700.0,2021-04-15,0175B00322000000,"520 N BRADDOCK AVE, Pittsburgh, PA 15208-",40.4518007897,-79.8915469733,9.0,Homewood South,13.0,15221.0,42003130800,42003130800,42003130800,38300,3.56,4,42003130800,2021
27749324,BP-2020-02808,BUILDING,"CONSTRUCTION TO COMPLETION OF 7 STORY APARTMENT BUILDING WITH PARKING, OFFICE, AND RETAIL SPACE.  THIS PHASE TO INCLUDE ALL NON FOUNDATION AND STEEL WORK. - AMENDED TO INCLUDE 6TH FLOOR FIRE PLACE AND GARAGE GATE",NEW CONSTRUCTION,30165932.0,2020-09-04,0024S00072000000,"2239 RAILROAD ST, Pittsburgh, 15222-",40.4544230904,-79.9838339608,1.0,Strip District,2.0,15222.0,42003020300,42003020300,42003020300,38300,4.0,4,42003020300,2020
27749330,BP-2020-02850,BUILDING,"Construct new detached 2 stories, 3 bedrooms, single family dwelling",NEW CONSTRUCTION,187700.0,2021-05-03,0175B00323000000,"518 N BRADDOCK AVE, Pittsburgh, PA 15208-",40.4517016796,-79.8916206525,9.0,Homewood South,13.0,15221.0,42003130800,42003130800,42003130800,38300,3.56,4,42003130800,2021
27749331,BP-2020-02853,BUILDING,CONSTRUCTION OF A 2-STORY SINGLE FAMILY DWELLING WITH FRONT PORCH,NEW CONSTRUCTION,187700.0,2021-04-15,0175B00324000000,"516 N BRADDOCK AVE, Pittsburgh, PA 15208-",40.4516016927,-79.8916928632,9.0,Homewood South,13.0,15221.0,42003130800,42003130800,42003130800,38300,3.56,4,42003130800,2021
27749338,BP-2020-02907,BUILDING,CONSTRUCTION OF 3 STORY MODULAR HOME WITH SITE BUILT ROOF DECK AND INTEGRAL ONE-CAR GARAGE,NEW CONSTRUCTION,200000.0,2020-05-11,0121E00202000000,"6512 ADELPHIA ST, Pittsburgh, PA 15206-",40.4877551335,-79.9304397698,7.0,Stanton Heights,10.0,15206.0,42003101800,42003101800,42003101800,38300,2.96,3,42003101800,2020
27749352,BP-2020-02992,BUILDING,BUILD 3-STORY HOUSE (NO BASEMENT),NEW CONSTRUCTION,350000.0,2021-02-16,0084M00308000000,"313 DENNISTON ST, Pittsburgh, PA 15206-",40.4557546882,-79.9193800261,8.0,Shadyside,7.0,15206.0,42003070800,42003070800,42003070800,38300,2.9,3,42003070800,2021
27749379,BP-2020-03131,BUILDING,"NEW TENANT FIT OUT OF AN EXISTING CORE & SHELL SPACE FOR BAGEL RESTAURANT INCLUDES NEW WALLS, CEILINGS, DOORS & HARDWARE, CASEWORK AND FINISHES AS WELL AS TOILET ROOMS",NEW CONSTRUCTION,110000.0,2021-03-10,0049E00128000000,"3913 BUTLER ST, Pittsburgh, PA 15201-",40.4685327573,-79.9639972173,7.0,Lower Lawrenceville,6.0,15201.0,42003060300,42003060300,42003060300,38300,3.37,4,42003060300,2021
27749381,BP-2020-03148,BUILDING,"NEW 3 STORY SINGLE FAMILY DWELLING WITH INTEGRAL 2 CAR GARAGE.
AMENDMENT TO ALLOW FIRE-TREATED PLYWOOD TO BE RUN HORIZONTALLY WITHOUT BLOCKING.",NEW CONSTRUCTION,0.0,2020-06-26,0006L00138000000,"325 AUGUSTA ST, Pittsburgh, PA 15211-",40.4368082545,-80.0230201685,2.0,Duquesne Heights,19.0,15211.0,42003191100,42003191100,42003191100,38300,3.42,4,42003191100,2020
27749423,BP-2020-03437,BUILDING,"CONSTRUCT NEW TWO STORY, DETACHED SINGLE FAMILY DWELLING WITH INTEGRAL GARAGE, EXTERIOR DECKS AND RETAINING WALL",NEW CONSTRUCTION,390000.0,2020-08-06,0086J00205000000,"1712 MURDOCH RD, Pittsburgh, PA 15217-",40.4373849482,-79.9310734887,5.0,Squirrel Hill South,14.0,15217.0,42003141300,42003141300,42003141300,38300,1.93,2,42003141300,2020
27749427,BP-2020-03454,BUILDING,CONSTRUCT A 3-STORY BUILDNG (NO BASEMENT) WITH A PENTHOUSE,NEW CONSTRUCTION,12171800.0,2021-03-01,0008E00185000000,"807 RIDGE AVE, Pittsburgh, PA 15212-",40.4501384828,-80.0138191834,1.0,Allegheny West,22.0,15212.0,42003562700,42003562700,42003562700,38300,4.0,4,42003562700,2021
27749440,BP-2020-03537,BUILDING,CORE AND SHELL FOR 8 STORY STRUCTURE,NEW CONSTRUCTION,20320148.0,2020-08-18,0009G00170000000,"1447 SMALLMAN ST, Pittsburgh, PA 15222-",40.4486022823,-79.9903585214,1.0,Strip District,2.0,15222.0,42003020300,42003020300,42003020300,38300,4.0,4,42003020300,2020
27749462,BP-2020-03706,BUILDING,NEW 3 STORY SINGLE FAMILY DWELLING WITH INTEGRAL GARAGE AND ROOF DECK,NEW CONSTRUCTION,200000.0,2020-08-12,0006K00284000000,"422 CLARENCE ST, Pittsburgh, PA 15211-",40.4361190335,-80.025858093,2.0,Duquesne Heights,19.0,15211.0,42003191100,42003191100,42003191100,38300,3.42,4,42003191100,2020
27749478,BP-2020-03851,BUILDING,"NEW THREE (3) STORY SINGLE FAMILY DWELLING WITH 5'x23' DECK OFF the SECOND FLOOR AT REAR, 5'X23' DECK OFF the THIRD FLOOR AT REAR, AND ROOFTOP DECK.",NEW CONSTRUCTION,200000.0,2021-01-20,0025M00096000000,"3115 BRERETON ST, Pittsburgh, 15219-",40.4568745508,-79.9665466654,7.0,Polish Hill,6.0,15219.0,42003060500,42003060500,42003060500,38300,3.56,4,42003060500,2021
27749481,BP-2020-03875,BUILDING,NEW 3 STORY SINGLE FAMILY DWELLING WITH INTEGRAL GARAGE AND ROOF DECK,NEW CONSTRUCTION,200000.0,2020-08-12,0006K00281000000,"418 CLARENCE ST, Pittsburgh, PA 15211-",40.4362627543,-80.0257573428,2.0,Duquesne Heights,19.0,15211.0,42003191100,42003191100,42003191100,38300,3.42,4,42003191100,2020
27749489,BP-2020-03915,BUILDING,"CONSTRUCTION OF NEW PUMP, CHEMICAL, AND TREATMENT BUILDINGS, TANKS, AND PIPE GALLERIES AND EXTEND AND REPAIR EXISTING RIVER WALL - AMENDED TO MODIFY EAST AND WEST FINAL SETTLING TANK ACCESS LADDERS AND PLATFORMS",NEW CONSTRUCTION,79143996.0,2020-08-28,0075E00002000000,"3300 PREBLE AVE #840, Pittsburgh, PA 15233-",40.4785218975,-80.0458007601,2.0,Brighton Heights,27.0,15212.0,42003270100,42003270100,42003270100,38300,2.33,2,42003270100,2020
27749492,BP-2020-03925,BUILDING,"CONSTRUCT NEW 3 STORY SINGLE FAMILY DWELLING WITH INTEGRAL 2 CAR GARAGE AND DECKS AT 2ND FLOOR REAR, 3RD FLOOR REAR, AND ROOF.",NEW CONSTRUCTION,200000.0,2021-01-20,0025M00102000000,"3116 DOBSON ST, Pittsburgh, PA 15219-",40.4570595621,-79.9665588168,7.0,Polish Hill,6.0,15219.0,42003060500,42003060500,42003060500,38300,3.56,4,42003060500,2021
27749500,BP-2020-03953,BUILDING,CONSTRUCT NEW 3 STORY SINGLE FAMILY RESIDENCE,NEW CONSTRUCTION,200000.0,2020-08-12,0006K00283000000,"420 CLARENCE ST, Pittsburgh, PA 15211-",40.4361912023,-80.0258081498,2.0,Duquesne Heights,19.0,15211.0,42003191100,42003191100,42003191100,38300,3.42,4,42003191100,2020
27749501,BP-2020-03954,BUILDING,"SINGLE FAMILY DWELLING, 3-STORIES ABOVE GRADE IN ADDITION TO WALKOUT BASEMENT, ROOF DECK AND INTEGRAL ONE CAR GARAGE",NEW CONSTRUCTION,200000.0,2020-08-12,0006K00285000000,"424 CLARENCE ST, Pittsburgh, PA 15211-",40.4360472627,-80.0259087283,2.0,Duquesne Heights,19.0,15211.0,42003191100,42003191100,42003191100,38300,3.42,4,42003191100,2020
27749512,BP-2020-04066,BUILDING,FOUNDATION ONLY FOR NEW FOUR STORY APARTMENT BUILDING,NEW CONSTRUCTION,2000000.0,2021-02-24,0052R00060000000,"5093 FORBES AVE, Pittsburgh, PA 15213-",40.4445944176,-79.9397408558,8.0,Squirrel Hill North,14.0,15213.0,42003140100,42003140100,42003140100,38300,1.09,1,42003140100,2021
27749515,BP-2020-04087,BUILDING,NEW 2 STORY SINGLE FAMILY DWELLING WITH DECK & INTEGRAL 2 CAR GARAGE.,NEW CONSTRUCTION,175000.0,2020-05-29,0006R00173000000,"450 SWEETBRIAR ST, Pittsburgh, PA 15211-",40.4344167807,-80.022759842,2.0,Duquesne Heights,19.0,15211.0,42003191100,42003191100,42003191100,38300,3.42,4,42003191100,2020
27749519,BP-2020-04118,BUILDING,NEW 2 STORY SINGLE FAMILY DWELLING WITH DECK & INTEGRAL 2 CAR GARAGE.,NEW CONSTRUCTION,175000.0,2020-05-29,0006R00175000000,"452 SWEETBRIAR ST, Pittsburgh, PA 15211-",40.4343312738,-80.0227986455,2.0,Duquesne Heights,19.0,15211.0,42003191100,42003191100,42003191100,38300,3.42,4,42003191100,2020
27749520,BP-2020-04121,BUILDING,CONSTRUCT 6-STORY STRUCTURE,NEW CONSTRUCTION,8000000.0,2020-11-16,0008K00035000000,"220 NORTH SHORE DR #628, Pittsburgh, PA 15212-",40.4468565587,-80.0080661064,6.0,North Shore,22.0,15212.0,42003981200,42003981200,42003981200,38300,4.0,4,42003981200,2020
27749521,BP-2020-04124,BUILDING,NEW 2 STORY SINGLE FAMILY DWELLING WITH DECK & INTEGRAL 2 CAR GARAGE.,NEW CONSTRUCTION,175000.0,2020-05-29,0006R00177000000,"454 SWEETBRIAR ST, Pittsburgh, PA 15211-",40.4342454815,-80.0228369611,2.0,Duquesne Heights,19.0,15211.0,42003191100,42003191100,42003191100,38300,3.42,4,42003191100,2020
27749552,BP-2020-04349,BUILDING,CONSTRUCTION OF NEW MIXED USE BUILDING WITH INTEGRAL PARKING AND ADJACENT RETAINING WALL,NEW CONSTRUCTION,10900000.0,2021-07-26,0087G00155000000,"5808 FORWARD AVE, Pittsburgh, PA 15217-",40.4293998406,-79.9229964275,5.0,Squirrel Hill South,14.0,15217.0,42003141400,42003141400,42003141400,38300,2.0,2,42003141400,2021
27749577,BP-2020-04511,BUILDING,"PHASED CONSTRUCTION OF 6 STORY BUILDING - SUPERSTRUCTURE, CORE, SHELL, AND FIT-OUT OF PORTION OF 1ST FLR",NEW CONSTRUCTION,5000.0,2020-10-19,0025K00162000000,"2635 PENN AVE #508, Pittsburgh, PA 15222-",40.455798496,-79.9776779877,1.0,Strip District,2.0,15222.0,42003020300,42003020300,42003020300,38300,4.0,4,42003020300,2020
27749604,BP-2020-04645,BUILDING,"CONSTRUCTION OF TWO STORY WOOD FRAMED COMMERCIAL BUILDING WITH BITUMINOUS PAVED PARKING LOT, CONCRETE SIDEWALK AND REINF. CONC. RETAINING WALL AT REAR.",NEW CONSTRUCTION,1750000.0,2020-12-11,0055H00200000000,"705 HAZELWOOD AVE, Pittsburgh, PA 15217-",40.4200304837,-79.9328580186,5.0,Greenfield,15.0,15217.0,42003151700,42003151700,42003151700,38300,2.52,3,42003151700,2020
27749623,BP-2020-04745,BUILDING,CORE AND SHELL OF 6 STORY STRUCTURE ABOVE 1 LEVEL OF UNDERGROUND PARKING,NEW CONSTRUCTION,12575000.0,2020-09-09,0025F00288000000,"75 HOPPER PL #301, Pittsburgh, PA 15222-",40.458771362,-79.9772398962,1.0,Strip District,6.0,15222.0,42003020300,42003020300,42003020300,38300,4.0,4,42003020300,2020
27749624,BP-2020-04752,BUILDING,"INSTALLATION OF PREFABRICATED STRUCTURE FOR VISITOR SCREENING, FENCE, AND SITE WORK WITH PARKING, SITE WORK WORK FOR UTILITY, SOIL ERROSION AND WATER MANAGEMENT",NEW CONSTRUCTION,995500.0,2021-05-05,0030B00121000000,"3381 E CARSON ST, Pittsburgh, PA 15203-",40.4223563803,-79.9589277056,3.0,South Side Flats,16.0,15203.0,42003160900,42003160900,42003160900,38300,4.0,4,42003160900,2021
27749634,BP-2020-04818,BUILDING,"NEW SINGLE FAMILY, FRAMED, ATTACHED ONE SIDE, 3 STORY DWELLING WITH DETACHED, SINGLE STORY, 2 CAR GARAGE IN REAR (GARAGE IS ATTACHED TO ADJACENT GARAGE). THE ADJACENT ATTACHED DWELLING IS UNDER BP-2020-04822 AT 145 46TH ST.",NEW CONSTRUCTION,300000.0,2020-07-06,0080P00268000000,"143 46TH ST, Pittsburgh, PA 15201-",40.4743073732,-79.9604993778,7.0,Central Lawrenceville,9.0,15201.0,42003090100,42003090100,42003090100,38300,4.0,4,42003090100,2020
27749635,BP-2020-04822,BUILDING,"NEW SINGLE FAMILY, FRAMED, ATTACHED ONE SIDE, 3 STORY DWELLING WITH ROOF DECK AND DETACHED 2 CAR GARAGE IN REAR (GARAGE IS ATTACHED TO ADJACENT GARAGE). THE ADJACENT ATTACHED DWELLING IS UNDER BP-2020-04822 AT 145 46TH ST.",NEW CONSTRUCTION,300000.0,2020-07-06,0080P00266000000,"145 46TH ST, Pittsburgh, PA 15201-",40.4742681755,-79.9604447539,7.0,Central Lawrenceville,9.0,15201.0,42003090100,42003090100,42003090100,38300,4.0,4,42003090100,2020
27749653,BP-2020-04905,BUILDING,"EXTERIOR AND INTERIOR RENOVATIONS FOR NEW TENANT FIT OUT AND USE AS OFFICE AND WAREHOUSE STORAGE (BUILDING #1A, SUITE 103) IN EXISTING ONE STORY COMMERCIAL STRUCTURE",NEW CONSTRUCTION,130000.0,2020-08-10,0107R00040000000,"463 NAPOR BLVD #121, Pittsburgh, PA 15205-",40.4426931777,-80.0859878913,2.0,Fairywood,28.0,15205.0,42003563000,42003563000,42003563000,38300,2.29,2,42003563000,2020
27749662,BP-2020-04936,BUILDING,"NEW 3 STORY SINGLE FAMILY HOME WITH INTEGRAL GARAGE, AND DECKS ON 2ND FLR, 3RD FLR, AND ROOF.
AMENDMENT ADDS FOUNDATION ALTERATION/REPAIR FOR EXIST CONDITIONS.",NEW CONSTRUCTION,0.0,2020-10-28,0049N00202000000,"3439 DENNY ST, Pittsburgh, 15201-",40.4626501233,-79.9651612234,7.0,Lower Lawrenceville,6.0,15201.0,42003060300,42003060300,42003060300,38300,3.37,4,42003060300,2020
27749736,BP-2020-05304,BUILDING,SITE WORK & RETAINING WALLS ASSOCIATED WITH A NEW IN GROUND SWIMMING POOL ... THE SWIMMING POOL TO BE INCLUDED IN THE SCOPE OF WORK ON A FUTURE APPLICATION.,NEW CONSTRUCTION,70000.0,2020-07-09,0004A00024000000,"242 BIGHAM ST, Pittsburgh, 15211-",40.4331997715,-80.0154680326,2.0,Mount Washington,19.0,15211.0,42003190300,42003190300,42003190300,38300,3.14,3,42003190300,2020
27749757,BP-2020-05411,BUILDING,INTERIOR ALTERATIONS FOR OFFICE FIT OUT,NEW CONSTRUCTION,190000.0,2020-10-16,0048S00220000000,"3433 BUTLER ST #404, Pittsburgh, PA 15201-",40.4632209194,-79.967178151,7.0,Lower Lawrenceville,6.0,15201.0,42003060300,42003060300,42003060300,38300,3.37,4,42003060300,2020
27749815,BP-2020-05649,BUILDING,CONSTRUCT NEW FOUR STORY DORMITORY APARTMENT BUILDING WITH 37 UNITS,NEW CONSTRUCTION,13700000.0,2021-03-26,0052R00060000000,"5093 FORBES AVE, Pittsburgh, PA 15213-",40.4445944176,-79.9397408558,8.0,Squirrel Hill North,14.0,15213.0,42003140100,42003140100,42003140100,38300,1.09,1,42003140100,2021
27749879,BP-2020-06225,BUILDING,CONSTRUCTION OF AN ATTACHED 3-STORY SINGLE FAMILY DWELLING,NEW CONSTRUCTION,200000.0,2020-08-14,0083K00008000000,"409 N BEATTY ST, Pittsburgh, PA 15206-",40.4656021053,-79.9248588112,9.0,East Liberty,11.0,15206.0,42003111500,42003111500,42003111500,38300,3.87,4,42003111500,2020
27749883,BP-2020-06243,BUILDING,2 STORY SINGLE FAMILY DWELLING WITH DETACHED GARAGE,NEW CONSTRUCTION,125000.0,2020-06-10,0022F00296000000,"1247 COLUMBUS AVE, Pittsburgh, 15233-",40.4579063858,-80.0250943216,6.0,Manchester,21.0,15233.0,42003565200,42003565200,42003565200,38300,4.0,4,42003565200,2020
27749884,BP-2020-06245,BUILDING,NEW 2-STORY SINGLE FAMILY DETACHED DWELLING WITH DETACHED 1-STORY GARAGE.,NEW CONSTRUCTION,125000.0,2020-06-03,0022K00056000000,"1708 FULTON ST, Pittsburgh, 15233-",40.4574549621,-80.025486432,6.0,Manchester,21.0,15233.0,42003565200,42003565200,42003565200,38300,4.0,4,42003565200,2020
27749885,BP-2020-06246,BUILDING,NEW 2-STORY SINGLE FAMILY DETACHED DWELLING WITH DETACHED 1-STORY GARAGE.,NEW CONSTRUCTION,125000.0,2020-06-03,0022K00058000000,"1714 FULTON ST, Pittsburgh, 15233-",40.4575478583,-80.0255148393,6.0,Manchester,21.0,15233.0,42003565200,42003565200,42003565200,38300,4.0,4,42003565200,2020
27749886,BP-2020-06247,BUILDING,NEW 2-STORY SINGLE FAMILY DETACHED DWELLING WITH DETACHED 1-STORY GARAGE.,NEW CONSTRUCTION,125000.0,2020-06-03,0022F00290000000,"1732 FULTON ST, Pittsburgh, 15233-",40.4577991409,-80.0255908858,6.0,Manchester,21.0,15233.0,42003565200,42003565200,42003565200,38300,4.0,4,42003565200,2020
27749887,BP-2020-06251,BUILDING,NEW 3 STORY SINGLE FAMILY TOWNHOUSE AS PART OF GROUPING OF 4 WITH 3RD FLOOR DECK AND INTEGRAL PARKING.,NEW CONSTRUCTION,200000.0,2020-08-19,0023F00086000000,"134 E JEFFERSON ST, Pittsburgh, PA 15212-",40.4594150218,-80.0096758609,1.0,Central Northside,25.0,15212.0,42003565100,42003565100,42003565100,38300,3.98,4,42003565100,2020
27749904,BP-2020-06324,BUILDING,PHASED CONSTRUCTION - FIT-OUT OF 1ST FLOOR TENANT SPACE AS A RESTAURANT,NEW CONSTRUCTION,65000.0,2021-08-30,0025N00101000000,"2552 SMALLMAN ST, Pittsburgh, PA 15222-",40.4549553695,-79.9796122559,1.0,Strip District,2.0,15222.0,42003020300,42003020300,42003020300,38300,4.0,4,42003020300,2021
27749931,BP-2020-06557,BUILDING,SOLA SALON(6488 SF) STUDIOS IN A 1 STORY STRUCTURE WITH A MEZZANINE.,NEW CONSTRUCTION,589245.0,2020-07-10,0051L00262000000,"5259 LIBERTY AVE, Pittsburgh, PA 15224-",40.4573786627,-79.9401755564,7.0,Bloomfield,8.0,15224.0,42003080600,42003080600,42003080600,38300,3.0,3,42003080600,2020
27749933,BP-2020-06570,BUILDING,CONSTRUCTION OF 3 STORY SINGLE FAMILY DWELLING AND RETAINING WALL,NEW CONSTRUCTION,48000.0,2020-09-24,0006R00063000000,"454 WYOLA ST, Pittsburgh, PA 15211-",40.4345607807,-80.0238937263,2.0,Duquesne Heights,19.0,15211.0,42003191100,42003191100,42003191100,38300,3.42,4,42003191100,2020
27749963,BP-2020-06820,BUILDING,CONSTRUCTION OF NEW TWO FAMILY DWELLING,NEW CONSTRUCTION,75000.0,2023-09-08,0050H00036000000,"5352 HILLCREST ST, Pittsburgh, PA 15224-",40.4676292113,-79.9356194061,9.0,Garfield,10.0,15224.0,42003101900,42003101900,42003101900,38300,3.97,4,42003101900,2023
27749967,BP-2020-06857,BUILDING,CONSTRUCTION OF NEW TWO FAMILY DWELLING WITH TWO (2) CAR PARKING PAD AT REAR AND 4' HIGH FENCE ALONG SIDE PROPERTY LINES AT REAR,NEW CONSTRUCTION,75000.0,2023-09-08,0050H00037000000,"5354 HILLCREST ST, Pittsburgh, PA 15224-",40.4676213335,-79.9355521919,9.0,Garfield,10.0,15224.0,42003101900,42003101900,42003101900,38300,3.97,4,42003101900,2023
27749968,BP-2020-06858,BUILDING,CONSTRUCTION OF NEW TWO FAMILY DWELLING,NEW CONSTRUCTION,75000.0,2023-09-08,0050H00038000000,"5356 HILLCREST ST, Pittsburgh, PA 15224-",40.4676079042,-79.9354845406,9.0,Garfield,10.0,15224.0,42003101900,42003101900,42003101900,38300,3.97,4,42003101900,2023
27749981,BP-2020-06956,BUILDING,"CONSTRUCT NEW THREE STORY, SINGLE FAMILY DWELLING WITH INTEGRAL GARAGE AND ROOF DECK",NEW CONSTRUCTION,220000.0,2020-12-10,0003N00246000000,"247 ZUZU CIR, Pittsburgh, 15210-",40.4253581805,-79.9965010989,3.0,Allentown,18.0,15210.0,42003180300,42003180300,42003180300,38300,3.0,3,42003180300,2020
27749982,BP-2020-06958,BUILDING,"CONSTRUCT NEW THREE STORY, SINGLE FAMILY DWELLING WITH INTEGRAL GARAGE AND ROOF DECK",NEW CONSTRUCTION,220000.0,2020-12-10,0003N00247000000,"249 ZUZU CIR, Pittsburgh, 15210-",40.4252473447,-79.9963782302,3.0,Allentown,18.0,15210.0,42003180300,42003180300,42003180300,38300,3.0,3,42003180300,2020
27749983,BP-2020-06960,BUILDING,NEW 2 STORY SINGLE FAMILY DWELLING WITH A DECK AT REAR & AN INTEGRAL GARAGE.,NEW CONSTRUCTION,120000.0,2021-03-15,0004E00068000000,"466 GRACE ST, Pittsburgh, PA 15211-",40.4289052748,-80.0144993078,2.0,Mount Washington,19.0,15211.0,42003191400,42003191400,42003191400,38300,3.12,3,42003191400,2021
27749986,BP-2020-06968,BUILDING,NEW 3 STORY SINGLE FAMILY MIDDLE TOWNHOUSE UNIT.,NEW CONSTRUCTION,225000.0,2020-11-23,0053H00231000000,"202 SCHENLEY RD, Pittsburgh, 15217-",40.4397622105,-79.9369158061,8.0,Squirrel Hill North,14.0,15217.0,42003140100,42003140100,42003140100,38300,1.09,1,42003140100,2020
27750024,BP-2020-07343,BUILDING,NEW SINGLE FAMILY DETACHED 2 STORY DWELLING,NEW CONSTRUCTION,352000.0,2020-10-20,0131N00042000000,"4315 Bench Way, Pittsburgh, PA 15120-",40.3967017909,-79.91433997,5.0,New Homestead,31.0,15207.0,42003565300,42003565300,42003565300,38300,4.0,4,42003565300,2020
27750032,BP-2020-07421,BUILDING,NEW 3-STORY SINGLE-FAMILY TOWNHOUSE AS PART OF GROUPING OF 4 WITH 3RD FLOOR DECK AND INTEGRAL PARKING.,NEW CONSTRUCTION,200000.0,2020-08-18,0023F00084000000,"132 E JEFFERSON ST, Pittsburgh, PA 15212-",40.4594665188,-80.009621655,1.0,Central Northside,25.0,15212.0,42003565100,42003565100,42003565100,38300,3.98,4,42003565100,2020
27750033,BP-2020-07422,BUILDING,NEW 3 STORY SINGLE FAMILY TOWNHOUSE AS PART OF GROUPING OF 4 WITH 3RD FLOOR DECK AND INTEGRAL PARKING.,NEW CONSTRUCTION,200000.0,2020-08-18,0023F00085000000,"130 E JEFFERSON ST, Pittsburgh, PA 15212-",40.4594821912,-80.0095614886,1.0,Central Northside,25.0,15212.0,42003565100,42003565100,42003565100,38300,3.98,4,42003565100,2020
27750034,BP-2020-07423,BUILDING,NEW 3 STORY SINGLE FAMILY TOWNHOUSE AS PART OF GROUPING OF 4 WITH 3RD FLOOR DECK AND INTEGRAL PARKING.,NEW CONSTRUCTION,200000.0,2020-08-18,0023F00083000000,"128 E JEFFERSON ST, Pittsburgh, PA 15212-",40.4594946746,-80.0094957381,1.0,Central Northside,25.0,15212.0,42003565100,42003565100,42003565100,38300,3.98,4,42003565100,2020
27750095,BP-2020-07874,BUILDING,NEW 2 STORY SINGLE FAMILY DWELLING WITH DETACHED GARAGE.,NEW CONSTRUCTION,236525.0,2021-01-04,0083F00233000000,"509 N SAINT CLAIR ST, Pittsburgh, PA 15206-",40.4677322292,-79.9261550749,9.0,East Liberty,11.0,15206.0,42003111300,42003111300,42003111300,38300,2.51,3,42003111300,2021
27750186,BP-2020-08631,BUILDING,"NEW 3 STORY, FRAMED, SINGLE FAMILY DWELLING WITH INTEGRAL ONE CAR GARAGE, ADJACENT TO MIRROR DWELLING UNDER BP-2020-10830. 
MEXICAN WAR STREET HISTORIC
AMENDMENT # 1 TO CHANGE FOUNDATION TO PRECAST",NEW CONSTRUCTION,200000.0,2021-05-18,0023F00327000000,"1509 ARCH ST, Pittsburgh, PA 15212-",40.458133248,-80.0098823456,1.0,Central Northside,25.0,15212.0,42003565100,42003565100,42003565100,38300,3.98,4,42003565100,2021
27750187,BP-2020-08636,BUILDING,"NEW 3 STORY, FRAMED, SINGLE-FAMILY DWELLING WITH INTEGRAL ONE-CAR GARAGE. EACH HOUSE IS ON A SEPARATE PARCEL.",NEW CONSTRUCTION,200000.0,2021-05-25,0023F00335000000,"1514 ARCH ST, Pittsburgh, PA 15212-",40.4583008089,-80.0094096675,1.0,Central Northside,25.0,15212.0,42003565100,42003565100,42003565100,38300,3.98,4,42003565100,2021
27750189,BP-2020-08652,BUILDING,"NEW 3 STORY, FRAMED, SINGLE FAMILY DWELLING WITH ONE CAR INTEGRAL GARAGE",NEW CONSTRUCTION,200000.0,2021-05-18,0023F00289000000,"211 ALPINE AVE, Pittsburgh, PA 15212-",40.4582041459,-80.0100896517,1.0,Central Northside,25.0,15212.0,42003565100,42003565100,42003565100,38300,3.98,4,42003565100,2021
27750190,BP-2020-08653,BUILDING,"CONSTRUCT NEW THREE STORY, DETACHED, FRAMED, SINGLE FAMILY DWELLING WITH INTEGRAL ONE CAR GARAGE",NEW CONSTRUCTION,200000.0,2021-05-18,0023F00285000000,"217 ALPINE AVE, Pittsburgh, PA 15212-",40.4581542145,-80.0102945135,1.0,Central Northside,25.0,15212.0,42003565100,42003565100,42003565100,38300,3.98,4,42003565100,2021
27750262,BP-2020-09048,BUILDING,SITE AND FOUNDATION WORK ONLY (UP TO 1ST FLOOR SLAB) FOR NEW 6 STORY APARTMENT BUILDING,NEW CONSTRUCTION,1170000.0,2021-01-19,0084E00262000000,"5819 CENTRE AVE #101, Pittsburgh, PA 15206-",40.4583462957,-79.9314571941,7.0,East Liberty,8.0,15206.0,42003111500,42003111500,42003111500,38300,3.87,4,42003111500,2021
27750272,BP-2020-09174,BUILDING,"NEW 3 STORY, FRAMED, SINGLE FAMILY DWELLING WITH INTEGRAL ONE CAR GARAGE; ADJACENT TO MIRROR DWELLING UNDER BP-2020-08652. EACH HOUSE IS ON A SEPARATE PARCEL.  
MEXICAN WAR STREET HISTORIC
AMEND # 1 TO CHANGE FOUNDATION TO PRECAST",NEW CONSTRUCTION,200000.0,2021-05-18,0023F00287000000,"213 ALPINE AVE, Pittsburgh, PA 15212-",40.4581746278,-80.0101684625,1.0,Central Northside,25.0,15212.0,42003565100,42003565100,42003565100,38300,3.98,4,42003565100,2021
27750292,BP-2020-09352,BUILDING,CONSTRUCTION OF 3 STORY SINGLE FAMILY DWELLING AND RETAINING WALL,NEW CONSTRUCTION,152000.0,2020-10-26,0006R00064000000,"450 WYOLA ST, Pittsburgh, PA 15211-",40.434652209,-80.0238402579,2.0,Duquesne Heights,19.0,15211.0,42003191100,42003191100,42003191100,38300,3.42,4,42003191100,2020
27750326,BP-2020-09627,BUILDING,NEW 2 STORY SINGLE FAMILY DWELLING.,NEW CONSTRUCTION,320000.0,2020-10-29,0006M00137000000,No primary address specified,40.4358298612,-80.0183487298,2.0,Mount Washington,19.0,15211.0,42003190300,42003190300,42003190300,38300,3.14,3,42003190300,2020
27750353,BP-2020-09837,BUILDING,"PHASED CONSTRUCTION (ABOVEGROUND SUPER STRUCTURE, CORE, SHELL, & FITOUT) OF NEW 6 STORY APARTMENT BUILDING WITH GROUND FLOOR AMENITIES AND RETAIL TENANT SPACE",NEW CONSTRUCTION,18360485.0,2021-03-23,0084E00262000000,"5819 CENTRE AVE #101, Pittsburgh, PA 15206-",40.4583462957,-79.9314571941,7.0,East Liberty,8.0,15206.0,42003111500,42003111500,42003111500,38300,3.87,4,42003111500,2021
27750430,BP-2020-10389,BUILDING,NEW SINGLE FAMILY DWELLING WITH INTEGRAL GARAGE & ROOFTOP DECK & RETAINING WALL.,NEW CONSTRUCTION,100000.0,2020-10-02,0003S00108000000,"100 BROSVILLE ST, Pittsburgh, 15203-",40.4248040059,-79.98555309,3.0,South Side Slopes,17.0,15203.0,42003170600,42003170600,42003170600,38300,3.74,4,42003170600,2020
27750514,BP-2020-10830,BUILDING,NEW ATTACHED SINGLE FAMILY 3 STORY HOME WITH ONE CAR INTEGRAL GARAGE.,NEW CONSTRUCTION,200000.0,2021-05-18,0023F00328000000,"1511 ARCH ST, Pittsburgh, PA 15212-",40.4581871811,-80.0099155839,1.0,Central Northside,25.0,15212.0,42003565100,42003565100,42003565100,38300,3.98,4,42003565100,2021
27750632,BP-2020-11542,BUILDING,PHASED CONSTRUCTION - FIT-OUT OF 1ST FLOOR TENANT SPACE,NEW CONSTRUCTION,320000.0,2020-12-16,0055J00114000A00,"4501 LYTLE ST, Pittsburgh, PA 15207-",40.4150172885,-79.9480295193,5.0,Hazelwood,15.0,15207.0,42003562901,42003562901,42003562901,38300,3.75,4,42003562901,2020
27750661,BP-2020-11763,BUILDING,CONSTRUCT A 3-STORY SINGLE-FAMILY DWELLING WITH INTEGRAL GARAGE AND 2ND FLOOR REAR DECK AND ROOF DECK,NEW CONSTRUCTION,280000.0,2020-09-10,0080P00270000000,"120 45TH ST, Pittsburgh, PA 15201-",40.4738545817,-79.9619295634,7.0,Central Lawrenceville,9.0,15201.0,42003090100,42003090100,42003090100,38300,4.0,4,42003090100,2020
27750697,BP-2020-11892,BUILDING,CONSTRUCTION OF A 3-STORY 8-UNIT APARTMENT BUILDING INCLUDING PARKING AND SITE WORK,NEW CONSTRUCTION,1200000.0,2026-03-26,0010K00120000000,"621 PERRY ST, Pittsburgh, PA 15219-",40.4462883794,-79.9780559538,6.0,Middle Hill,5.0,15219.0,42003050100,42003050100,42003050100,38300,4.0,4,42003050100,2026
27750703,BP-2020-11969,BUILDING,CONSTRUCTION OF A PARKING GARAGE WITH SURFACE LEVEL PARKING AND ONE STORY BELOW GRADE SERVING A 10-STORY MIXED-USE STRUCTURE,NEW CONSTRUCTION,1050000.0,2022-03-18,0009H00003000000,"1625 PENN AVE #102, Pittsburgh, PA 15222-",40.4493909979,-79.9870684689,1.0,Strip District,2.0,15222.0,42003020300,42003020300,42003020300,38300,4.0,4,42003020300,2022
27750774,BP-2020-12556,BUILDING,CONSTRUCT A 3-STORY SINGLE-FAMILY DWELLING WITH INTEGRAL GARAGE AND 2ND FLOOR REAR DECK AND ROOF DECK,NEW CONSTRUCTION,280000.0,2020-09-14,0080P00267000000,"120 LOCARNA Way, Pittsburgh, PA 15201-",40.4737565911,-79.9620497702,7.0,Central Lawrenceville,9.0,15201.0,42003090100,42003090100,42003090100,38300,4.0,4,42003090100,2020
27750862,BP-2020-13133,BUILDING,CONSTRUCTION OF NEW PREFAB STEEL BUILDING ON SITE CAST FOUNDATION,NEW CONSTRUCTION,250000.0,2020-11-04,0089J00125000000,"965 RIVERMONT DR #206, Pittsburgh, PA 15207-",40.4075678874,-79.9301157775,5.0,Glen Hazel,15.0,15207.0,42003562300,42003562300,42003562300,38300,3.44,4,42003562300,2020
27750888,BP-2020-13272,BUILDING,"FIRST FIT OUT OF 5,661 SQ FT AS MEDICAL MARIJUANA DISPENSARY ON PORTION OF 1ST FLOOR.
AMENDMENT: Use Styrofoam backfill instead of gravel at steps. Installation of clear security window film",NEW CONSTRUCTION,1197352.0,2020-10-16,0051M00015000000,"5522 BAUM BLVD #723, Pittsburgh, PA 15232-",40.4573410281,-79.9363522901,7.0,Friendship,8.0,15232.0,42003080700,42003080700,42003080700,38300,3.01,3,42003080700,2020
27750913,BP-2020-13429,BUILDING,3 STORY SINGLE FAMILY DWELLING WITH INTERGRAL ATTACHED GARAGE AND ROOFTOP DECK,NEW CONSTRUCTION,250000.0,2021-11-03,0023G00139000000,"1427 SANDUSKY ST, Pittsburgh, PA 15212-",40.4583072476,-80.0055544283,1.0,Central Northside,25.0,15212.0,42003565100,42003565100,42003565100,38300,3.98,4,42003565100,2021
27750926,BP-2020-13526,BUILDING,"CONSTRUCTION OF 3 STORY ATTACHED SINGLE FAMILY DWELLING WITH ROOF TOP DECK, MACHINE ROOM, UNOCCUPIED BASEMENT AND INTEGRAL GARAGE",NEW CONSTRUCTION,200000.0,2024-06-13,0025H00107000000,"314 HARMAR ST, Pittsburgh, PA 15219-",40.4579374299,-79.9682626986,7.0,Polish Hill,6.0,15219.0,42003060500,42003060500,42003060500,38300,3.56,4,42003060500,2024
27750953,BP-2020-13655,BUILDING,REPAIR OF FAILED RETAINING WALL AT RAMP ACCESS TO 6 STORY PARKING STRUCTURE,NEW CONSTRUCTION,300000.0,2021-05-04,0051J00238000000,"5111 BAUM BLVD, Pittsburgh, PA 15224-",40.456658606,-79.9450471647,7.0,Bloomfield,8.0,15224.0,42003080400,42003080400,42003080400,38300,2.98,3,42003080400,2021
27751005,BP-2020-13972,BUILDING,"BUILD ONE STORY STRCUTURE FOR RELIGIOUS ASSEMBLY (MOSQUE) WITH ONE SLEEPING ROOM, DINING AREA AND KITCHEN IN BASEMENT",NEW CONSTRUCTION,1000000.0,2022-08-26,0022F00218000000,"1807 FULTON ST, Pittsburgh, PA 15233-",40.4581942993,-80.0262781848,6.0,Manchester,21.0,15233.0,42003565200,42003565200,42003565200,38300,4.0,4,42003565200,2022
27751010,BP-2020-13991,BUILDING,DEMOLISH EXISTING PEDESTRIAN BRIDGE AND REBUILD IN THE SAME LOCATION ON EXISTING FOUNDATIONS.,NEW CONSTRUCTION,484400.0,2021-02-11,0008A00159000000,"808 RIDGE AVE, Pittsburgh, PA 15212-",40.4506632114,-80.0139533372,1.0,Allegheny West,22.0,15212.0,42003562700,42003562700,42003562700,38300,4.0,4,42003562700,2021
27751043,BP-2020-14255,BUILDING,CONSTRUCT A 3-STORY SINGLE-FAMILY DWELLING WITH 2ND FLOOR DECK & INTEGRAL GARAGE,NEW CONSTRUCTION,120000.0,2021-01-20,0004J00038000000,"496 GRACE ST, Pittsburgh, PA 15211-",40.4283459054,-80.0148695725,2.0,Mount Washington,19.0,15211.0,42003191400,42003191400,42003191400,38300,3.12,3,42003191400,2021
27751085,BP-2020-14497,BUILDING,NEW 3 STORY SINGLE FAMILY DWELLING WITH INTEGRAL GARAGE & ROOFTOP DECK.,NEW CONSTRUCTION,200000.0,2020-12-15,0080D00045000000,"5226 DRESDEN Way, Pittsburgh, PA 15201-",40.4807501532,-79.9534047098,7.0,Upper Lawrenceville,10.0,15201.0,42003101100,42003101100,42003101100,38300,3.32,4,42003101100,2020
27751115,BP-2020-14686,BUILDING,"PHASED CONSTRUCTION - FOUNDATION, SUPERSTRUCTURE AND CMU MASONRY BEARING WALLS & SHAFTS FOR NEW TWO STORY BUILDING",NEW CONSTRUCTION,1900000.0,2020-09-29,0084F00324000000,"235 SPAHR ST, Pittsburgh, PA 15232-",40.45782655,-79.9271135515,8.0,Shadyside,7.0,15232.0,42003070500,42003070500,42003070500,38300,2.74,3,42003070500,2020
27751183,BP-2020-15004,BUILDING,"CONSTRUCTION OF NEW 3 STORY SINGLE FAMILY DWELLING WITH INTEGRAL GARAGE, TWO BALCONIES, ROOF DECK, AND 8 FT RETAINING WALL",NEW CONSTRUCTION,200000.0,2021-06-17,0080H00125000000,"5148 KEYSTONE ST, Pittsburgh, PA 15201-",40.4784265508,-79.9529893842,7.0,Upper Lawrenceville,10.0,15201.0,42003101100,42003101100,42003101100,38300,3.32,4,42003101100,2021
27751193,BP-2020-15047,BUILDING,PHASED CONSTRUCTION - CONSTRUCT FOUNDATION FOR 6 STORY STRUCTURE,NEW CONSTRUCTION,350000.0,2020-09-23,0025K00162000000,"2635 PENN AVE #508, Pittsburgh, PA 15222-",40.455798496,-79.9776779877,1.0,Strip District,2.0,15222.0,42003020300,42003020300,42003020300,38300,4.0,4,42003020300,2020
27751213,BP-2020-15235,BUILDING,USE OF 3 STORY STRUCTURE AS SINGLE UNIT (ATTACHED) DWELLING WITH INTEGRAL PARKING AND ROOFTOP DECK AT FRONT.,NEW CONSTRUCTION,200000.0,2020-12-15,0080D00045000100,"5228 DRESDEN Way, Pittsburgh, PA 15201-",40.4807961934,-79.953368126,7.0,Upper Lawrenceville,10.0,15201.0,42003101100,42003101100,42003101100,38300,3.32,4,42003101100,2020
27751339,BP-2020-15996,BUILDING,CONSTRUCTION OF A SINGLE STORY STRUCTURE FOR COMMERCIAL KITCHEN,NEW CONSTRUCTION,60000.0,2021-06-25,0008K00012000000,"419 NORTH SHORE DR, Pittsburgh, PA 15212-",40.4455234046,-80.0120249724,6.0,North Shore,22.0,15212.0,42003981200,42003981200,42003981200,38300,4.0,4,42003981200,2021
27751388,BP-2020-16164,BUILDING,Construction of new 4 story (with 2 stories below grade),NEW CONSTRUCTION,25250000.0,2021-03-03,0053B00100000000,"4927 MARGARET MORRISON ST, Pittsburgh, PA 15213-",40.4417684612,-79.94390358,8.0,Squirrel Hill North,14.0,15213.0,42003140100,42003140100,42003140100,38300,1.09,1,42003140100,2021
27751436,BP-2020-16398,BUILDING,CONSTRUCT A 3-STORY SINGLE-FAMILY DWELLING WITH 2ND FLOOR DECK & INTEGRAL GARAGE,NEW CONSTRUCTION,120000.0,2021-03-26,0004E00060000000,"492 GRACE ST, Pittsburgh, PA 15211-",40.428416795,-80.0148246955,2.0,Mount Washington,19.0,15211.0,42003191400,42003191400,42003191400,38300,3.12,3,42003191400,2021
27751460,BP-2020-16590,BUILDING,CONSTRUCT A 3-STORY SINGLE-FAMILY DWELLING WITH 2ND FLOOR DECK & INTEGRAL GARAGE,NEW CONSTRUCTION,120000.0,2021-04-23,0004E00061000000,"488 GRACE ST, Pittsburgh, PA 15211-",40.42848785,-80.0147808111,2.0,Mount Washington,19.0,15211.0,42003191400,42003191400,42003191400,38300,3.12,3,42003191400,2021
27751461,BP-2020-16592,BUILDING,CONSTRUCT HOUSE WITH REAR DECK & INTEGRAL PARKING,NEW CONSTRUCTION,120000.0,2021-04-15,0004E00062000000,"484 GRACE ST, Pittsburgh, PA 15211-",40.4285585216,-80.0147368862,2.0,Mount Washington,19.0,15211.0,42003191400,42003191400,42003191400,38300,3.12,3,42003191400,2021
27751512,BP-2020-17065,BUILDING,CONSTRUCTION OF PRE-ENGINEERED MANUFACTURED DWELLING UNIT ON SITE BUILT FOUNDATION SYSTEM.,NEW CONSTRUCTION,180000.0,2021-01-06,0050M00275000000,"220 N GRAHAM ST, Pittsburgh, PA 15206-",40.4660060655,-79.9341649212,9.0,Garfield,11.0,15206.0,42003111400,42003111400,42003111400,38300,2.66,3,42003111400,2021
27751538,BP-2020-17218,BUILDING,CONSTRUCTION OF NEW BUILDING AND RETAINING WALL FOR WATER TREATMENT,NEW CONSTRUCTION,300000.0,2022-01-31,0026P00250000000,"3446 MILWAUKEE ST, Pittsburgh, PA 15219-",40.4547512417,-79.9588034513,6.0,Upper Hill,5.0,15219.0,42003050600,42003050600,42003050600,38300,3.01,3,42003050600,2022
27751616,BP-2020-17592,BUILDING,New Construction of a two-story modular structure on superior wall foundations.,NEW CONSTRUCTION,300000.0,2021-06-02,0083K00161000000,"420 N SAINT CLAIR ST, Pittsburgh, PA 15206-",40.4664423176,-79.9263195595,9.0,East Liberty,11.0,15206.0,42003111500,42003111500,42003111500,38300,3.87,4,42003111500,2021
27751667,BP-2020-17940,BUILDING,"NEW CONSTRUCTION OF A THREE-STORY, SINGLE FAMILY, DETACHED, FRAMED CONSTRUCTION WITH AN EXISTING
REAR GARAGE THAT WILL BE REPAIRED/MODIFIED TO 1 CAR GARAGE WITH CARPORT.",NEW CONSTRUCTION,200000.0,2021-10-21,0080N00052000000,"125 43RD ST, Pittsburgh, PA 15201-",40.4723917944,-79.9622990197,7.0,Central Lawrenceville,9.0,15201.0,42003090100,42003090100,42003090100,38300,4.0,4,42003090100,2021
27751668,BP-2020-17969,BUILDING,"CONSTRUCT 3-STORY MODULAR HOUSE WITH BASEMENT, INTEGRAL PARKING & ROOFTOP DECK",NEW CONSTRUCTION,215000.0,2021-10-14,0049C00204000000,"4604 DAVISON ST, Pittsburgh, PA 15201-",40.4712500237,-79.9561496111,7.0,Central Lawrenceville,9.0,15201.0,42003090200,42003090200,42003090200,38300,3.02,3,42003090200,2021
27751669,BP-2020-17970,BUILDING,"CONSTRUCT 3-STORY MODULAR HOUSE WITH BASEMENT, INTEGRAL PARKING & ROOFTOP DECK",NEW CONSTRUCTION,215000.0,2021-10-14,0049C00202000000,"4606 DAVISON ST, Pittsburgh, PA 15201-",40.4712980904,-79.9560906736,7.0,Central Lawrenceville,9.0,15201.0,42003090200,42003090200,42003090200,38300,3.02,3,42003090200,2021
27751677,BP-2020-17992,BUILDING,PHASED CONSTRUCTION - INTERIOR AND EXTERIOR ALTERATIONS FOR TENANT FIT-OUT ON PARTIAL 1ST FLOOR OF A 5-STORY STRUCTURE INCLUDING NEW GARAGE DOORS,NEW CONSTRUCTION,100000.0,2021-02-25,0009G00080000000,"1644 SMALLMAN ST, Pittsburgh, PA 15222-",40.4496848497,-79.9872587236,1.0,Strip District,2.0,15222.0,42003020300,42003020300,42003020300,38300,4.0,4,42003020300,2021
27751734,BP-2020-18351,BUILDING,"CONSTRUCTION OF TWO STORY STRUCTURE AS SINGLE FAMILY RESIDENTIAL
(DETACHED) WITH ONE (1) CAR INTEGRAL GARAGE, 8' X 24'7.75""
DECK AT REAR, AND 6' X 16' FRONT PORCH
AMENDMENT 1 : CHANGE IN BUILDING SIZE AND LAYOUT
AMENDMENT 2 : Detail of new piers for Beams for garage floor
AMENDMENT 3:  Fire Rating detail of wall revised based on inspector findings",NEW CONSTRUCTION,300.0,2020-12-03,0026B00320000000,"3721 MELWOOD AVE, Pittsburgh, PA 15213-",40.4602185683,-79.9583000535,7.0,Polish Hill,6.0,15213.0,42003060500,42003060500,42003060500,38300,3.56,4,42003060500,2020
27751742,BP-2020-18414,BUILDING,Construct a new one story with a basement single family dwelling that includes an attached two car garage and a rear porch,NEW CONSTRUCTION,750000.0,2021-10-11,0086B00038000000,"1452 WIGHTMAN ST, Pittsburgh, PA 15217-",40.4414133789,-79.9282551867,8.0,Squirrel Hill North,14.0,15217.0,42003140100,42003140100,42003140100,38300,1.09,1,42003140100,2021
27751788,BP-2020-18718,BUILDING,CONSTRUCT FOUNDATION FOR A NEW 5 STORY STRUCTURE,NEW CONSTRUCTION,1378486.0,2021-03-05,0025D00264000000,"3234 LIBERTY AVE #562, Pittsburgh, PA 15201-",40.4603506967,-79.9684280981,7.0,Polish Hill,6.0,15201.0,42003060500,42003060500,42003060500,38300,3.56,4,42003060500,2021
27751810,BP-2020-18849,BUILDING,INTERIOR RENOVATIONS TO 2332 SF OF BUILDING CORE AND SHELL TO CREATE TENANT SPACE FOR WELLNESS AND THERAPY OFFICE,NEW CONSTRUCTION,200000.0,2021-04-19,0051L00262000000,"5259 LIBERTY AVE, Pittsburgh, PA 15224-",40.4573786627,-79.9401755564,7.0,Bloomfield,8.0,15224.0,42003080600,42003080600,42003080600,38300,3.0,3,42003080600,2021
27751825,BP-2020-18940,BUILDING,"CONSTRUCTION OF MODULAR 3-STORY SINGLE FAMILY DWELLING WITH INTEGRAL GARAGE, PRE-CAST FOUNDATION",NEW CONSTRUCTION,150000.0,2021-03-15,0006K00365000000,"439 SHALER ST, Pittsburgh, PA 15211-",40.4362402975,-80.0260891186,2.0,Duquesne Heights,19.0,15211.0,42003191100,42003191100,42003191100,38300,3.42,4,42003191100,2021
27751826,BP-2020-18941,BUILDING,TWO-STORY STRUCTURE AS SINGLE-UNIT (DETACHED) DWELLING WITH INTEGRAL PARKING ON FIRST FLOOR & ROOFTOP DECK.,NEW CONSTRUCTION,150000.0,2021-03-15,0006K00364000000,"449 SHALER ST, Pittsburgh, PA 15211-",40.4361474311,-80.0261649067,2.0,Duquesne Heights,19.0,15211.0,42003191100,42003191100,42003191100,38300,3.42,4,42003191100,2021
27751852,BP-2020-19135,BUILDING,CONSTRUCTION OF NEW STEEL FRAME STRUCTURE AND PARKING LOT,NEW CONSTRUCTION,125000.0,2022-06-06,0029S00004000000,"161 GREENFIELD AVE, Pittsburgh, 15207-",40.425851692,-79.9507493142,5.0,Greenfield,15.0,15207.0,42003151600,42003151600,42003151600,38300,3.68,4,42003151600,2022
27751908,BP-2020-19521,BUILDING,CONSTRUCTION OF A 3-STORY 3-UNIT DWELLING WITH REAR EXTERIOR PARKING,NEW CONSTRUCTION,400000.0,2021-05-18,0051C00145000000,No primary address specified,40.4605737664,-79.9388091087,7.0,Bloomfield,8.0,15224.0,42003080600,42003080600,42003080600,38300,3.0,3,42003080600,2021
27751939,BP-2020-19674,BUILDING,"PHASED CONSTRUCTION OF 6-STORY BUILDING APARTMENT BUILDING WITH INTEGRAL PARKING - SUPERSTRUCTURE, CORE, SHELL, & FIT-OUT",NEW CONSTRUCTION,17955514.0,2021-05-24,0025D00264000000,"3234 LIBERTY AVE #562, Pittsburgh, PA 15201-",40.4603506967,-79.9684280981,7.0,Polish Hill,6.0,15201.0,42003060500,42003060500,42003060500,38300,3.56,4,42003060500,2021
27751944,BP-2020-19701,BUILDING,"CONSTRUCTION OF NEW 3 STORY SINGLE FAMILY DWELLING WITH REAR DECK AND ATTACHED GARAGE 
AMENDMENT TO UPDATE FOUNDATION AND DISTANCES FROM ADJACENT PROPERTY LINES",NEW CONSTRUCTION,240000.0,2021-10-22,0023B00124000000,"1854 CLAYTON AVE, Pittsburgh, PA 15214-",40.4605596246,-80.0111776957,6.0,Perry South,25.0,15214.0,42003261400,42003261400,42003261400,38300,2.5,3,42003261400,2021
27752039,BP-2020-20502,BUILDING,INITIAL TENANT BUILD-OUT OF 1ST FLOOR SPACE IN MIXED USE BUILDING AS OFFICE AND REST ROOM OFF COMMON AREA CORRIDOR.,NEW CONSTRUCTION,15000.0,2021-09-16,0025N00101000000,"2552 SMALLMAN ST, Pittsburgh, PA 15222-",40.4549553695,-79.9796122559,1.0,Strip District,2.0,15222.0,42003020300,42003020300,42003020300,38300,4.0,4,42003020300,2021
27752092,BP-2020-20746,BUILDING,CONSTRUCTION OF NEW 3-STORY MIXED-USE BUILDING WITH COMMERCIAL TENANT (CORE & SHELL) SPACE AT THE FIRST FLOOR AND BASEMENT LEVEL WITH TWO RESIDENTIAL APARTMENT UNITS OCCUPYING THE SECOND AND THIRD FLOORS WITH PARTIAL PRIVATE ROOF DECKS,NEW CONSTRUCTION,308700.0,2021-09-24,0080L00003000000,"4837 BUTLER ST #202, Pittsburgh, PA 15201-",40.47697243,-79.9572139554,7.0,Central Lawrenceville,9.0,15201.0,42003090100,42003090100,42003090100,38300,4.0,4,42003090100,2021
27752095,BP-2020-20777,BUILDING,"CONSTRUCTION OF A 3-STORY MODULAR TOWNHOUSE INCLUDING SITE BUILT 2-CAR GARAGE ON THE BASEMENT LEVEL AND SITE BUILT DECKS ON FIRST FLOOR AND ROOF
Amendment: Add Electrical, Mechanical and Plumbing Permits",NEW CONSTRUCTION,200000.0,2021-06-25,0023F00107000000,"240 E JEFFERSON ST, Pittsburgh, PA 15212-",40.4592674808,-80.0114454298,1.0,Central Northside,25.0,15212.0,42003565100,42003565100,42003565100,38300,3.98,4,42003565100,2021
27752096,BP-2020-20778,BUILDING,CONSTRUCTION OF NEW MODULAR HOUSE,NEW CONSTRUCTION,200000.0,2021-06-25,0023F00106000000,"238 E JEFFERSON ST, Pittsburgh, PA 15212-",40.4592855101,-80.0113452731,1.0,Central Northside,25.0,15212.0,42003565100,42003565100,42003565100,38300,3.98,4,42003565100,2021
27752097,BP-2020-20779,BUILDING,CONSTRUCT MODULAR TOWNHOUSE,NEW CONSTRUCTION,200000.0,2021-06-25,0023F00108000000,"242 E JEFFERSON ST, Pittsburgh, PA 15212-",40.4592507718,-80.0115270624,1.0,Central Northside,25.0,15212.0,42003565100,42003565100,42003565100,38300,3.98,4,42003565100,2021
27752195,BP-2021-00445,BUILDING,CONSTRUCTION OF 30' HIGH MONOPOLE AT GRADE. ASSOCIATED ELECTRICAL WORK UNDER EP-2019-03367. APPROVED BY ZBA 203 OF 2010.,NEW CONSTRUCTION,25000.0,2021-01-28,0053B00100000000,"4927 MARGARET MORRISON ST, Pittsburgh, PA 15213-",40.4417684612,-79.94390358,8.0,Squirrel Hill North,14.0,15213.0,42003140100,42003140100,42003140100,38300,1.09,1,42003140100,2021
27752208,BP-2021-00532,BUILDING,INSTALLATION OF STORAGE CONTAINER FOR USE AS ACCESSORY STORAGE,NEW CONSTRUCTION,4000.0,2022-11-07,0097D00079000000,"940 BROOKLINE BLVD, Pittsburgh, PA 15226-",40.3920328598,-80.0181507671,4.0,Brookline,19.0,15226.0,42003191800,42003191800,42003191800,38300,2.07,2,42003191800,2022
27752219,BP-2021-00653,BUILDING,NEW 2 STORY SINGLE FAMILY DWELLING WITH A DECK AT REAR AND INTEGRAL GARAGE,NEW CONSTRUCTION,150000.0,2021-08-04,0004E00063000000,"480 GRACE ST, Pittsburgh, PA 15211-",40.4286292679,-80.0146926323,2.0,Mount Washington,19.0,15211.0,42003191400,42003191400,42003191400,38300,3.12,3,42003191400,2021
27752241,BP-2021-00770,BUILDING,CONSTRUCTION OF NEW 6 STORY APARTMENT BUILDING WITH INTEGRAL GARAGE AND 1 LEVEL OF UNDERGROUND PARKING,NEW CONSTRUCTION,9793642.0,2021-06-17,0025H00062000000,"3220 SASSAFRAS Way #414, Pittsburgh, PA 15201-",40.4600244522,-79.9678780585,7.0,Polish Hill,6.0,15201.0,42003060500,42003060500,42003060500,38300,3.56,4,42003060500,2021
27752280,BP-2021-00981,BUILDING,CONSTRUCT POOL ALONG SIDNEY STREET FRONTAGE OF FIRST FLOOR ROOF OF SIX-STORY MULTI-UNIT DWELLING,NEW CONSTRUCTION,179187.0,2021-05-13,0029N00316000000,"2984 SIDNEY ST, Pittsburgh, PA 15203-",40.4250979403,-79.9623431987,3.0,South Side Flats,16.0,15203.0,42003160900,42003160900,42003160900,38300,4.0,4,42003160900,2021
27752309,BP-2021-01137,BUILDING,"Construction of a new 3-story, single-family, residential dwelling with masonry block foundation walls and a proposed rooftop deck structure.",NEW CONSTRUCTION,150000.0,2021-09-14,0006M00314000000,"117 MERIDAN ST, Pittsburgh, PA 15211-",40.4368961327,-80.0178080469,2.0,Mount Washington,19.0,15211.0,42003190300,42003190300,42003190300,38300,3.14,3,42003190300,2021
27752336,BP-2021-01259,BUILDING,NEW 2 STORY SINGLE FAMILY DWELLING WITH A DECK AT REAR & AN INTEGRAL GARAGE.,NEW CONSTRUCTION,150000.0,2021-06-01,0004E00064000000,"476 GRACE ST, Pittsburgh, PA 15211-",40.4287004862,-80.0146491102,2.0,Mount Washington,19.0,15211.0,42003191400,42003191400,42003191400,38300,3.12,3,42003191400,2021
27752392,BP-2021-01619,BUILDING,"PHASED CONSTRUCTION, SITE WORK, FOUNDATION, SUPER-STRUCTURE AND BUILDING SHELL",NEW CONSTRUCTION,1625000.0,2024-05-23,0084C00051000000,"6112 PENN AVE, Pittsburgh, PA 15206",40.4606134279,-79.9234762771,9.0,East Liberty,8.0,15206.0,42003111500,42003111500,42003111500,38300,3.87,4,42003111500,2024
27752400,BP-2021-01664,BUILDING,"CONSTRUCT NEW 32,635 SF TWO STORY STRUCTURE FOR WATER TREATMENT FACILITY AND ASSOCIATED SITE WORK WITH PAVING; EXTERIOR AND INTERIOR ALTERATIONS TO PORTIONS OF EXISTING WATER TREATMENT FACILITY STRUCTURES",NEW CONSTRUCTION,40302845.0,2021-07-28,0075K00060000000,"3300 PREBLE AVE #420, Pittsburgh, PA 15233-",40.4748309616,-80.0430510996,2.0,Marshall-Shadeland,27.0,15233.0,42003980900,42003980900,42003980900,38300,3.93,4,42003980900,2021
27752432,BP-2021-01854,BUILDING,"NEW CONSTRUCTION OF 3 STORY SINGLE FAMILY DWELLING WITH A TWO CAR INTEGRAL GARAGE, FIRST FLOOR DECK, ROOFTOP DECK, AND 6' FENCE ALONG SIDES AND REAR",NEW CONSTRUCTION,300000.0,2021-03-24,0049P00306000000,"351 MANION Way, Pittsburgh, PA 15201-",40.462909095,-79.9598480034,7.0,Lower Lawrenceville,6.0,15201.0,42003060300,42003060300,42003060300,38300,3.37,4,42003060300,2021
27752436,BP-2021-01901,BUILDING,New 6 level precast concrete open parking garage structure on a deep foundation system.,NEW CONSTRUCTION,12750000.0,2021-06-17,0075K00060000000,"3300 PREBLE AVE #420, Pittsburgh, PA 15233-",40.4748309616,-80.0430510996,2.0,Marshall-Shadeland,27.0,15233.0,42003980900,42003980900,42003980900,38300,3.93,4,42003980900,2021
27752464,BP-2021-02095,BUILDING,"NEW  CONSTRUCTION OF SINGLE UNIT DWELLING WITH INTERNAL GARAGE, FIRST FLOOR BALCONY, SECOND FLOOR BALCONY, THIRD FLOOR BALCONY, FIRST FLOOR DECK, SECOND FLOOR DECK, THIRD FLOOR DECK, AND ROOFTOP DECK. STEPS AND FENCE LOCATED AT THE REAR OF DWELLING

AMENDMENT TO ADD MISSING STRUCTURAL DRAWINGS",NEW CONSTRUCTION,0.0,2021-06-24,0023E00072000000,"418 W JEFFERSON ST, Pittsburgh, PA 15212-",40.4592665608,-80.0128618474,1.0,Central Northside,25.0,15212.0,42003565100,42003565100,42003565100,38300,3.98,4,42003565100,2021
27752475,BP-2021-02130,BUILDING,"Interior/exterior renovations new 1hr demising walls, toilet room walls and storefront",NEW CONSTRUCTION,61500.0,2021-03-17,0049E00128000000,"3913 BUTLER ST, Pittsburgh, PA 15201-",40.4685327573,-79.9639972173,7.0,Lower Lawrenceville,6.0,15201.0,42003060300,42003060300,42003060300,38300,3.37,4,42003060300,2021
27752543,BP-2021-02686,BUILDING,"Construction of a new 3-story, single-family, residential dwelling with masonry block foundation walls and a proposed rooftop deck structure.",NEW CONSTRUCTION,150000.0,2021-09-14,0006M00316000000,"121 MERIDAN ST, Pittsburgh, PA 15211-",40.4368014683,-80.0178487406,2.0,Mount Washington,19.0,15211.0,42003190300,42003190300,42003190300,38300,3.14,3,42003190300,2021
27752544,BP-2021-02687,BUILDING,"CONSTRUCT NEW 3-STORY HOUSE WITH BASEMENT, 4TH FLR STAIR PENTHOUSE & ROOFTOP DECK",NEW CONSTRUCTION,150000.0,2021-09-14,0006M00318000000,"125 MERIDAN ST, Pittsburgh, PA 15211-",40.436707179,-80.0178890319,2.0,Mount Washington,19.0,15211.0,42003190300,42003190300,42003190300,38300,3.14,3,42003190300,2021
27752545,BP-2021-02688,BUILDING,"Construction of a new 3-story, single-family, residential dwelling with masonry block foundation walls and a proposed rooftop deck structure.",NEW CONSTRUCTION,150000.0,2021-09-14,0006M00320000000,"129 MERIDAN ST, Pittsburgh, PA 15211-",40.436610456,-80.0179227059,2.0,Mount Washington,19.0,15211.0,42003190300,42003190300,42003190300,38300,3.14,3,42003190300,2021
27752552,BP-2021-02742,BUILDING,"CONSTRUCTION OF A 4-STORY 30 UNIT APARTMENT BUILDING AND 20 SPACE PARKING LOT INCLUDING 2 ACCESSIBLE SPACES.  STRUCTURE TO INCLUDE 4 ACCESSIBLE UNITS, 26 TYPE B UNITS, AND FIRST FLOOR AMENITY SPACES",NEW CONSTRUCTION,3800000.0,2021-07-09,0022G00127000000,"1144 KIRKBRIDE ST #411, Pittsburgh, PA 15212-",40.4594777166,-80.0234379644,6.0,California-Kirkbride,21.0,15212.0,42003565200,42003565200,42003565200,38300,4.0,4,42003565200,2021
27752568,BP-2021-02846,BUILDING,CONSTRUCT 3-STORY HOUSE WITH BASEMENT & REAR RETAINING WALL,NEW CONSTRUCTION,200000.0,2021-12-06,0081A00147000000,"513 54TH ST, Pittsburgh, PA 15201-",40.481566796,-79.9491438561,7.0,Upper Lawrenceville,10.0,15201.0,42003101100,42003101100,42003101100,38300,3.32,4,42003101100,2021
27752600,BP-2021-03058,BUILDING,New tenant fit-out of new core and shell space (phased construction). Layout reconfiguration with new partition and dividing walls. An additional egress walkway structure being added in the rear portion of space for rear egress from the partial second floor area.,NEW CONSTRUCTION,1247125.0,2021-05-11,0080K00090000000,"113 47TH ST, Pittsburgh, PA 15201-",40.4767268012,-79.9603895986,7.0,Central Lawrenceville,9.0,15201.0,42003090100,42003090100,42003090100,38300,4.0,4,42003090100,2021
27752608,BP-2021-03154,BUILDING,MODULAR CONSTRUCTION OF A 2-STORY SINGLE FAMILY DWELLING,NEW CONSTRUCTION,180000.0,2022-03-08,0083K00221000000,"420 N EUCLID AVE, Pittsburgh, PA 15206-",40.4661876613,-79.9254269921,9.0,East Liberty,11.0,15206.0,42003111500,42003111500,42003111500,38300,3.87,4,42003111500,2022
27752616,BP-2021-03194,BUILDING,CONSTRUCT A ONE-STORY PRE-ENGINEERED STRUCTURE AND FOUNDATION AND CONCRETE WALKWAY WITH RELOCATED STEEL GANGWAY TO EXISTING PIER WITH NEW BOAT DOCK WITH SITE GRADING TO SUPPORT RAMP INSTALLATION.,NEW CONSTRUCTION,51400.0,2021-07-28,0030M00070000000,"4220 BLAIR ST, Pittsburgh, PA 15207-",40.4157890772,-79.9514871635,5.0,Hazelwood,15.0,15207.0,42003562901,42003562901,42003562901,38300,3.75,4,42003562901,2021
27752648,BP-2021-03292,BUILDING,CONSTRUCTION OF FOUNDATION FOR NEW PHASED CONSTRUCTION OF NEW ADDITION TO RELIGIOUS FACILITY,NEW CONSTRUCTION,500000.0,2021-09-14,0023S00034000000,"745 UNION PL, Pittsburgh, PA 15212-",40.4537750878,-80.0033887722,1.0,Allegheny Center,22.0,15212.0,42003562700,42003562700,42003562700,38300,4.0,4,42003562700,2021
27752665,BP-2021-03389,BUILDING,CONSTRUCT NEW 2-STORY HOUSE & DETACHED GARAGE IN REAR YARD,NEW CONSTRUCTION,249947.0,2021-05-18,0055S00230000000,"540 BLACKSTONE ST, Pittsburgh, PA 15207-",40.4158708714,-79.9349123813,5.0,Hazelwood,15.0,15207.0,42003562300,42003562300,42003562300,38300,3.44,4,42003562300,2021
27752673,BP-2021-03435,BUILDING,CONSTRUCT NEW TWO-STORY HOUSE WITH BASEMENT AND FIRST FLOOR DECK,NEW CONSTRUCTION,400000.0,2021-05-06,0023C00172000000,"1612 MEADVILLE ST, Pittsburgh, PA 15214-",40.4607625302,-80.0046889086,1.0,Fineview,25.0,15214.0,42003250900,42003250900,42003250900,38300,2.85,3,42003250900,2021
27752677,BP-2021-03450,BUILDING,"SITE WORK AND GRADING, INSTALLATION AND ON-SITE MODIFICATIONS OF 2 PREFABRICATED MODULAR STRUCTURES FOR USE AS FOOD KIOSKS WITH TRELLIS-COVERED OUTDOOR DINING",NEW CONSTRUCTION,2000000.0,2022-01-21,0029J00070000000,"440 CINEMA DR, Pittsburgh, PA 15203-",40.4279562921,-79.9655922462,3.0,South Side Flats,16.0,15203.0,42003160900,42003160900,42003160900,38300,4.0,4,42003160900,2022
27752746,BP-2021-03981,BUILDING,CONSTRUCT 3-STORY HOUSE WITH BASEMENT & REAR RETAINING WALL,NEW CONSTRUCTION,200000.0,2021-12-06,0081A00145000000,"519 54TH ST, Pittsburgh, 15201-",40.4815042604,-79.9490430905,7.0,Upper Lawrenceville,10.0,15201.0,42003101100,42003101100,42003101100,38300,3.32,4,42003101100,2021
27752785,BP-2021-04310,BUILDING,"Construct new four stories residential apartment houses building containing 42 residential units
Amendment: to include the parking lot in the certificate of occupancy",NEW CONSTRUCTION,4550689.0,2021-06-29,0083P00225000000,"205 N BEATTY ST #417, Pittsburgh, PA 15206-",40.4635242262,-79.9263157894,9.0,East Liberty,11.0,15206.0,42003111500,42003111500,42003111500,38300,3.87,4,42003111500,2021
27752802,BP-2021-04387,BUILDING,"CONSTRUCT ACCESSORY OPEN 22' X 24' ROAD SALT STORAGE SHED, DETACHED, 1 STORY, WITH MASONRY UP TO 6'-0"" AND WOOD FRAMING ABOVE AND ASSOCIATED 6'-0"" EXTERIOR WALL",NEW CONSTRUCTION,2500.0,2021-10-29,0040M00102000000,"31 CLEARVIEW AVE, Pittsburgh, PA 15205-",40.4372199399,-80.0522835226,2.0,Westwood,28.0,15205.0,42003563100,42003563100,42003563100,38300,3.03,3,42003563100,2021
27752806,BP-2021-04424,BUILDING,CONSTRUCTION OF A 4-STORY SINGLE FAMILY DWELLING WITH ROOFTOP DECKS AT FRONT AND REAR,NEW CONSTRUCTION,125000.0,2021-08-04,0080K00176000000,"4728 HATFIELD ST, Pittsburgh, PA 15201-",40.47607814,-79.959154267,7.0,Central Lawrenceville,9.0,15201.0,42003090100,42003090100,42003090100,38300,4.0,4,42003090100,2021
27752835,BP-2021-04647,BUILDING,CONSTRUCT 3-STORY SINGLE-FAMILY DWELLING AND DETACHED GARAGE,NEW CONSTRUCTION,5000.0,2021-04-15,0048M00025000000,"3600 SMALLMAN ST, Pittsburgh, PA 15201-",40.4660724388,-79.9667001092,7.0,Lower Lawrenceville,6.0,15201.0,42003060300,42003060300,42003060300,38300,3.37,4,42003060300,2021
27752849,BP-2021-04722,BUILDING,CONSTRUCTION OF A 4-STORY SINGLE FAMILY DWELLING WITH ROOFTOP DECKS AT FRONT AND REAR,NEW CONSTRUCTION,125000.0,2021-08-04,0080K00174000000,"4726 HATFIELD ST, Pittsburgh, PA 15201-",40.4760396322,-79.959204753,7.0,Central Lawrenceville,9.0,15201.0,42003090100,42003090100,42003090100,38300,4.0,4,42003090100,2021
27752860,BP-2021-04796,BUILDING,CONSTRUCT NEW SIX STORY APARTMENT BUILDING WITH PARKING AND AMENITY SPACES AT FIRST AND SIXTH STORY WITH 115 DWELLING UNITS ON STORIES TWO THROUGH SIX,NEW CONSTRUCTION,13152849.0,2021-09-03,0025D00061000000,"3205 PENN AVE #634, Pittsburgh, PA 15201-",40.4611691528,-79.9698760428,1.0,Strip District,6.0,15201.0,42003020300,42003020300,42003020300,38300,4.0,4,42003020300,2021
27752939,BP-2021-05282,BUILDING,"FIT-OUT OF FLRS 2-6 AS APARTMENTS, EXCLUDES UNIT 508",NEW CONSTRUCTION,1000000.0,2022-01-06,0025K00162000000,"2635 PENN AVE #508, Pittsburgh, PA 15222-",40.455798496,-79.9776779877,1.0,Strip District,2.0,15222.0,42003020300,42003020300,42003020300,38300,4.0,4,42003020300,2022
27752976,BP-2021-05516,BUILDING,NEW 2 STORY SINGLE FAMILY DWELLING WITH DECK OF 1ST FLOOR & INTEGRAL GARAGE,NEW CONSTRUCTION,120000.0,2021-05-27,0004E00065000000,"472 GRACE ST, Pittsburgh, PA 15211-",40.4287711473,-80.0146042466,2.0,Mount Washington,19.0,15211.0,42003191400,42003191400,42003191400,38300,3.12,3,42003191400,2021
27752977,BP-2021-05518,BUILDING,NEW 2 STORY SINGLE FAMILY DWELLING WITH DECK OF 1ST FLOOR & INTEGRAL GARAGE,NEW CONSTRUCTION,120000.0,2022-01-10,0004E00067000000,"468 GRACE ST, Pittsburgh, PA 15211-",40.4288392008,-80.0145516009,2.0,Mount Washington,19.0,15211.0,42003191400,42003191400,42003191400,38300,3.12,3,42003191400,2022
27753107,BP-2021-06257,BUILDING,"NEW TENANT FIT-OUT IN 3,600 SQ FT OF EXISTING CORE AND SHELL SPACE (203) AS RETAIL SALES AND SERVICES FOR PHARMACY IN ONE-STORY STRUCTURE.",NEW CONSTRUCTION,190000.0,2021-07-08,0051L00262000000,"5259 LIBERTY AVE, Pittsburgh, PA 15224-",40.4573786627,-79.9401755564,7.0,Bloomfield,8.0,15224.0,42003080600,42003080600,42003080600,38300,3.0,3,42003080600,2021
27753121,BP-2021-06358,BUILDING,CONSTRUCTION OF NEW 5 STORY MIXED-USE STRUCTURE,NEW CONSTRUCTION,6257703.0,2021-07-21,0023L00083000000,"6 W NORTH AVE #212, Pittsburgh, PA 15212-",40.4556645012,-80.0071609396,1.0,Central Northside,22.0,15212.0,42003565100,42003565100,42003565100,38300,3.98,4,42003565100,2021
27753128,BP-2021-06395,BUILDING,CONSTRUCT NEW THREE STORY SINGLE FAMILY DWELLING WITH ROOFTOP DECK AND INTEGRAL GARAGE,NEW CONSTRUCTION,210000.0,2021-10-14,0081A00034000A00,"5312 LOTUS Way, Pittsburgh, PA 15201-",40.4804674016,-79.9493358025,7.0,Upper Lawrenceville,10.0,15201.0,42003101100,42003101100,42003101100,38300,3.32,4,42003101100,2021
27753342,BP-2021-07400,BUILDING,CONSTRUCT NEW 2-STORY HOUSE,NEW CONSTRUCTION,89218.0,2021-07-19,0124J00266000000,"116 WINSLOW ST, Pittsburgh, PA 15206-",40.4652844329,-79.9133217409,9.0,Larimer,12.0,15206.0,42003120900,42003120900,42003120900,38300,3.84,4,42003120900,2021
27753344,BP-2021-07407,BUILDING,CONSTRUCT NEW 2-1/2 STORY HOUSE,NEW CONSTRUCTION,89218.0,2021-07-19,0124J00266000000,"116 WINSLOW ST, Pittsburgh, PA 15206-",40.4652844329,-79.9133217409,9.0,Larimer,12.0,15206.0,42003120900,42003120900,42003120900,38300,3.84,4,42003120900,2021
27753345,BP-2021-07417,BUILDING,CONSTRUCT NEW 2-1/2 STORY HOUSE,NEW CONSTRUCTION,89218.0,2021-07-19,0124J00266000000,"116 WINSLOW ST, Pittsburgh, PA 15206-",40.4652844329,-79.9133217409,9.0,Larimer,12.0,15206.0,42003120900,42003120900,42003120900,38300,3.84,4,42003120900,2021
27753346,BP-2021-07422,BUILDING,CONSTRUCT NEW 2-1/2 STORY HOUSE,NEW CONSTRUCTION,89218.0,2021-07-19,0124J00266000000,"116 WINSLOW ST, Pittsburgh, PA 15206-",40.4652844329,-79.9133217409,9.0,Larimer,12.0,15206.0,42003120900,42003120900,42003120900,38300,3.84,4,42003120900,2021
27753347,BP-2021-07425,BUILDING,CONSTRUCT NEW 2-STORY HOUSE,NEW CONSTRUCTION,89218.0,2021-07-19,0124J00266000000,"116 WINSLOW ST, Pittsburgh, PA 15206-",40.4652844329,-79.9133217409,9.0,Larimer,12.0,15206.0,42003120900,42003120900,42003120900,38300,3.84,4,42003120900,2021
27753349,BP-2021-07429,BUILDING,CONSTRUCT 3-STORY APARTMENT BUILDING,NEW CONSTRUCTION,5204019.0,2021-07-21,0124J00266000000,"116 WINSLOW ST, Pittsburgh, PA 15206-",40.4652844329,-79.9133217409,9.0,Larimer,12.0,15206.0,42003120900,42003120900,42003120900,38300,3.84,4,42003120900,2021
27753368,BP-2021-07495,BUILDING,CONSTRUCT NEW 26 STORY BUILDING TO INCLUDE CORE AND SHELL SPACES FOR FUTURE RETAIL AND OFFICE WITH INTEGRAL PARKING GARAGE,NEW CONSTRUCTION,70072262.0,2022-02-24,0002C00450000000,"626 WASHINGTON PL #2501, Pittsburgh, PA 15219-",40.441712114,-79.9912748545,6.0,Crawford-Roberts,3.0,15219.0,42003030500,42003030500,42003030500,38300,4.0,4,42003030500,2022
27753380,BP-2021-07530,BUILDING,"CONSTRUCTION OF NEW SINGLE FAMILY DWELLING WITH FIRST FLOOR INTEGRAL ONE CAR GARAGE, SECOND AND THIRD FLOOR BALCONY AT FRONT AND ROOFTOP DECK",NEW CONSTRUCTION,50000.0,2022-03-31,0080D00327000000,"5315 HOLMES ST, Pittsburgh, PA 15201-",40.480949448,-79.9498193051,7.0,Upper Lawrenceville,10.0,15201.0,42003101100,42003101100,42003101100,38300,3.32,4,42003101100,2022
27753408,BP-2021-07677,BUILDING,"NEW CONSTRUCTION OF INDUSTRIALIZED 3-STORY SINGLE-FAMILY DWELLING WITH DECK OFF REAR 2ND-STORY AND TWO-CAR INTEGRAL GARAGE
AMENDMENT: Structural detail for rear deck, 2nd level",NEW CONSTRUCTION,5000.0,2021-06-25,0083K00201000000,"517 N EUCLID AVE, Pittsburgh, PA 15206-",40.4673069867,-79.9252631451,9.0,East Liberty,11.0,15206.0,42003111300,42003111300,42003111300,38300,2.51,3,42003111300,2021
27753413,BP-2021-07695,BUILDING,CONSTRUCTION OF NEW SINGLE FAMILY HOME WITH ADDITIONAL SUITE WITH 2 GUEST LODGING ROOMS AND ASSOCIATED SITEWORK,NEW CONSTRUCTION,550000.0,2022-03-29,0024L00025000000,"1201 TROY HILL RD, Pittsburgh, PA 15212-",40.4572949657,-79.9895379706,1.0,Troy Hill,23.0,15212.0,42003241300,42003241300,42003241300,38300,3.39,4,42003241300,2022
27753418,BP-2021-07747,BUILDING,NEW BRIDGE SUPPORTING REPLACED STEAM LINES FROM BELLEFIELD BOILER PLANT TO A STEAM TUNNEL UNDER CARNEGIE MUSEUM...WORK INCLUDES NEW EXTERIOR CONCRETE STAIRS AT END OF BRIDGE.,NEW CONSTRUCTION,255000.0,2021-11-19,0027S00150000003,"261 SCHENLEY DR, Pittsburgh, PA 15213-",40.4413602585,-79.9512931072,3.0,Central Oakland,4.0,15213.0,42003040500,42003040500,42003040500,38300,3.0,3,42003040500,2021
27753433,BP-2021-07830,BUILDING,"New construction of a four-story, attached, single family dwelling unit. Structure will be sprinklered and fire separated from the neighboring attached unit with a 2 hr party wall.",NEW CONSTRUCTION,125000.0,2021-06-16,0023E00388000000,"508 W JEFFERSON ST, Pittsburgh, PA 15212-",40.4593042018,-80.0132119162,1.0,Central Northside,25.0,15212.0,42003565100,42003565100,42003565100,38300,3.98,4,42003565100,2021
27753480,BP-2021-08002,BUILDING,CONSTRUCT FOUNDATION AND SITE WORK FOR NEW 26 STORY COMMERCIAL STRUCTURE,NEW CONSTRUCTION,6853370.0,2021-09-30,0002C00450000000,"626 WASHINGTON PL #2501, Pittsburgh, PA 15219-",40.441712114,-79.9912748545,6.0,Crawford-Roberts,3.0,15219.0,42003030500,42003030500,42003030500,38300,4.0,4,42003030500,2021
27753494,BP-2021-08132,BUILDING,SITE WORK AND FOUNDATION FOR FUTURE 10-STORY MULTI-USE STRUCTURE,NEW CONSTRUCTION,6550000.0,2021-08-25,0028F00322000000,"3510 FORBES AVE, Pittsburgh, PA 15213-",40.4396582241,-79.9586741342,3.0,Central Oakland,4.0,15213.0,42003040500,42003040500,42003040500,38300,3.0,3,42003040500,2021
27753579,BP-2021-08546,BUILDING,"CONSTRUCTION OF SUPERSTRUCTURE (COLUMNS, FLOOR/CEILING SLABS, AND SHEAR WALLS) FOR PORTION OF NEW TEN STORY HIGHRISE APARTMENT BUILDING WITH ENCLOSED PARKING GARAGE AND CORE AND SHELL SPACE FOR FUTURE TENANT(S)",NEW CONSTRUCTION,6550000.0,2021-11-16,0028F00322000000,"3510 FORBES AVE, Pittsburgh, PA 15213-",40.4396582241,-79.9586741342,3.0,Central Oakland,4.0,15213.0,42003040500,42003040500,42003040500,38300,3.0,3,42003040500,2021
27753580,BP-2021-08547,BUILDING,"CONSTRUCTION OF NEW HIGHRISE APARTMENT BUILDING WITH ENCLOSED PARKING GARAGE, TENANT AMENITY SPACES, COURTYARD, AND CORE AND SHELL SPACE FOR FUTURE TENANT(S)",NEW CONSTRUCTION,34186995.0,2022-01-11,0028F00322000000,"3510 FORBES AVE, Pittsburgh, PA 15213-",40.4396582241,-79.9586741342,3.0,Central Oakland,4.0,15213.0,42003040500,42003040500,42003040500,38300,3.0,3,42003040500,2022
27753583,BP-2021-08568,BUILDING,"CONSTRUCT 3-1/2 STORY SINGLE-FAMILY DWELLING WITH INTEGRAL GARAGE, FRONT PORCH & 2ND & 4TH FLR REAR DECKS",NEW CONSTRUCTION,100000.0,2021-09-01,0083K00807000000,"300 N SAINT CLAIR ST, Pittsburgh, PA 15206-",40.4649651114,-79.9272692725,9.0,East Liberty,11.0,15206.0,42003111500,42003111500,42003111500,38300,3.87,4,42003111500,2021
27753584,BP-2021-08570,BUILDING,"CONSTRUCT 3-1/2 STORY SINGLE-FAMILY DWELLING WITH INTEGRAL GARAGE, FRONT PORCH & 2ND & 4TH FLR REAR DECKS",NEW CONSTRUCTION,100000.0,2021-09-01,0083K00808000000,"302 N SAINT CLAIR ST, Pittsburgh, PA 15206-",40.4650269766,-79.9272326957,9.0,East Liberty,11.0,15206.0,42003111500,42003111500,42003111500,38300,3.87,4,42003111500,2021
27753616,BP-2021-08682,BUILDING,The new construction of an attached single-family dwelling (Unit 3A). New slab-on-grade two-story unit with wood-framed walls and floor/roofs.,NEW CONSTRUCTION,158000.0,2021-07-01,0022B00290000000,"1232 KUNKLE AVE, Pittsburgh, PA 15212-",40.4603007292,-80.0248377594,6.0,California-Kirkbride,21.0,15212.0,42003565200,42003565200,42003565200,38300,4.0,4,42003565200,2021
27753618,BP-2021-08684,BUILDING,The new construction of an attached single-family dwelling (Unit 3B). New slab-on-grade two-story unit with wood-framed walls and floor/roofs.,NEW CONSTRUCTION,158000.0,2021-07-09,0022B00289000000,"1236 KUNKLE AVE, Pittsburgh, PA 15212-",40.4602721806,-80.024996781,6.0,California-Kirkbride,21.0,15212.0,42003565200,42003565200,42003565200,38300,4.0,4,42003565200,2021
27753619,BP-2021-08685,BUILDING,The new construction of an attached single-family dwelling (Unit 2A). New slab-on-grade two-story unit with wood-framed walls and floor/roofs.,NEW CONSTRUCTION,158000.0,2021-07-09,0022B00286000000,"1246 KUNKLE AVE, Pittsburgh, PA 15212-",40.4602459896,-80.0251424345,6.0,California-Kirkbride,21.0,15212.0,42003565200,42003565200,42003565200,38300,4.0,4,42003565200,2021
27753620,BP-2021-08686,BUILDING,The new construction of an attached single-family dwelling (Unit 2B). New slab-on-grade two-story unit with wood-framed walls and floor/roofs.,NEW CONSTRUCTION,158000.0,2021-07-01,0022B00285000000,"1252 KUNKLE AVE, Pittsburgh, PA 15212-",40.4602214928,-80.0252811063,6.0,California-Kirkbride,21.0,15212.0,42003565200,42003565200,42003565200,38300,4.0,4,42003565200,2021
27753621,BP-2021-08687,BUILDING,The new construction of an attached single-family dwelling (Unit 1A). New slab-on-grade two-story unit with wood-framed walls and floor/roofs.,NEW CONSTRUCTION,158000.0,2021-07-09,0022B00283000000,"1262 KUNKLE AVE, Pittsburgh, PA 15212-",40.4601968701,-80.025420954,6.0,California-Kirkbride,21.0,15212.0,42003565200,42003565200,42003565200,38300,4.0,4,42003565200,2021
27753622,BP-2021-08689,BUILDING,The new construction of an attached single-family dwelling (Unit 1B). New slab-on-grade two-story unit with wood-framed walls and floor/roofs.,NEW CONSTRUCTION,158000.0,2021-07-01,0022B00281000000,"1266 KUNKLE AVE, Pittsburgh, PA 15212-",40.4601753468,-80.0256426065,6.0,California-Kirkbride,21.0,15212.0,42003565200,42003565200,42003565200,38300,4.0,4,42003565200,2021
27753656,BP-2021-08816,BUILDING,CONSTRUCTION OF THREE STORY WOOD FRAMED DWELLING UNIT WITH INTEGRAL GARAGE AND ROOF DECK,NEW CONSTRUCTION,200000.0,2021-08-27,0025M00345000000,"3011 PAULOWNA ST, Pittsburgh, PA 15219-",40.4559704982,-79.9685929412,7.0,Polish Hill,6.0,15219.0,42003060500,42003060500,42003060500,38300,3.56,4,42003060500,2021
27753691,BP-2021-09044,BUILDING,"Construction of a new 3-story, single-family, residential dwelling with masonry block foundation walls and a proposed rooftop deck structure.",NEW CONSTRUCTION,150000.0,2021-08-06,0006M00114000000,"114 HALLOCK ST, Pittsburgh, PA 15211-",40.4368279289,-80.0175758223,2.0,Mount Washington,19.0,15211.0,42003190300,42003190300,42003190300,38300,3.14,3,42003190300,2021
27753695,BP-2021-09076,BUILDING,CONSTRUCT 3-STORY HOUSE WITH ROOFTOP DECK,NEW CONSTRUCTION,150000.0,2021-08-06,0006M00116000000,"118 HALLOCK ST, Pittsburgh, PA 15211-",40.4367312169,-80.0176087791,2.0,Mount Washington,19.0,15211.0,42003190300,42003190300,42003190300,38300,3.14,3,42003190300,2021
27753696,BP-2021-09077,BUILDING,"Construction of a new 3-story, single-family, residential dwelling with masonry block foundation walls and a proposed rooftop deck structure.",NEW CONSTRUCTION,150000.0,2021-08-06,0006M00118000000,"122 HALLOCK ST, Pittsburgh, PA 15211-",40.4366356193,-80.0176417765,2.0,Mount Washington,19.0,15211.0,42003190300,42003190300,42003190300,38300,3.14,3,42003190300,2021
27753697,BP-2021-09079,BUILDING,"Construction of a new 3-story, single-family, residential dwelling with masonry block foundation walls and a proposed rooftop deck structure.",NEW CONSTRUCTION,150000.0,2021-08-06,0006M00120000000,"126 HALLOCK ST, Pittsburgh, PA 15211-",40.436537543,-80.0176679943,2.0,Mount Washington,19.0,15211.0,42003190300,42003190300,42003190300,38300,3.14,3,42003190300,2021
27753705,BP-2021-09113,BUILDING,NEW CONSTRUCTION OF A SINGLE FAMILY DWELLING...EXTERIOR RENOVATION TO AN EXISTING DETACHED GARAGE...NEW RETAING WALLS IN REAR YARD.,NEW CONSTRUCTION,450000.0,2021-11-30,0006L00053000000,"319 EDITH ST, Pittsburgh, PA 15211-",40.4371468758,-80.0238093419,2.0,Duquesne Heights,19.0,15211.0,42003191100,42003191100,42003191100,38300,3.42,4,42003191100,2021
27753726,BP-2021-09242,BUILDING,NEW CONSTRUCTION OF DETACHED TWO STORY SINGLE FAMILY DWELLING WITH INTEGRAL ONE CAR GARAGE AND DECK AT REAR,NEW CONSTRUCTION,200000.0,2021-07-27,0050M00240000000,"5438 ROSETTA ST, Pittsburgh, PA 15206-",40.4665608265,-79.9335405296,9.0,Garfield,11.0,15206.0,42003111400,42003111400,42003111400,38300,2.66,3,42003111400,2021
27753751,BP-2021-09362,BUILDING,"CONSTRUCT NEW THREE STORY, MODULAR HOME WITH SITE-BUILT BASEMENT, REAR DECK, AND DETACHED ONE STORY GARAGE",NEW CONSTRUCTION,177235.0,2021-08-02,0083L00269000000,"500 N SHERIDAN AVE, Pittsburgh, PA 15206-",40.4655054595,-79.9205681539,9.0,East Liberty,11.0,15206.0,42003111300,42003111300,42003111300,38300,2.51,3,42003111300,2021
27753844,BP-2021-09836,BUILDING,INTERIOR ALTERATIONS TO FLOORS 2 THROUGH 8 TO CREATE 19 DWELLING UNTIS AT EXISTING CORE AND SHELL HIGHRISE STRUCTURE,NEW CONSTRUCTION,2200000.0,2022-05-23,0025N00270000000,"2330 PENN AVE #801, Pittsburgh, PA 15222-",40.4531028523,-79.980643832,1.0,Strip District,2.0,15222.0,42003020300,42003020300,42003020300,38300,4.0,4,42003020300,2022
27753880,BP-2021-10088,BUILDING,"CONSTRUCT 3-1/2 STORY SINGLE-FAMILY DWELLING WITH INTEGRAL GARAGE, FRONT PORCH & 2ND & 4TH FLR REAR DECKS",NEW CONSTRUCTION,120000.0,2021-09-02,0083K00809000000,"306 N SAINT CLAIR ST, Pittsburgh, PA 15206-",40.4650881567,-79.9271950041,9.0,East Liberty,11.0,15206.0,42003111500,42003111500,42003111500,38300,3.87,4,42003111500,2021
27753881,BP-2021-10089,BUILDING,"CONSTRUCT 3-1/2 STORY SINGLE-FAMILY DWELLING WITH INTEGRAL GARAGE, FRONT PORCH & 2ND & 4TH FLR REAR DECKS",NEW CONSTRUCTION,120000.0,2021-09-01,0083K00810000000,"308 N SAINT CLAIR ST, Pittsburgh, PA 15206-",40.4651503388,-79.9271587097,9.0,East Liberty,11.0,15206.0,42003111500,42003111500,42003111500,38300,3.87,4,42003111500,2021
27753882,BP-2021-10090,BUILDING,"CONSTRUCT 3-1/2 STORY SINGLE-FAMILY DWELLING WITH INTEGRAL GARAGE, FRONT PORCH & 2ND & 4TH FLR REAR DECKS",NEW CONSTRUCTION,120000.0,2021-08-17,0083K00811000000,"312 N SAINT CLAIR ST, Pittsburgh, PA 15206-",40.4651991175,-79.9270724042,9.0,East Liberty,11.0,15206.0,42003111500,42003111500,42003111500,38300,3.87,4,42003111500,2021
27753883,BP-2021-10091,BUILDING,"CONSTRUCT 3-1/2 STORY SINGLE-FAMILY DWELLING WITH INTEGRAL GARAGE, FRONT PORCH & 2ND & 4TH FLR REAR DECKS",NEW CONSTRUCTION,120000.0,2021-08-17,0083K00812000000,"314 N SAINT CLAIR ST, Pittsburgh, PA 15206-",40.4652513791,-79.9270159573,9.0,East Liberty,11.0,15206.0,42003111500,42003111500,42003111500,38300,3.87,4,42003111500,2021
27753884,BP-2021-10092,BUILDING,"CONSTRUCT 3-1/2 STORY SINGLE-FAMILY DWELLING WITH INTEGRAL GARAGE, FRONT PORCH & 2ND & 4TH FLR REAR DECKS",NEW CONSTRUCTION,120000.0,2021-08-17,0083K00813000000,"318 N SAINT CLAIR ST, Pittsburgh, PA 15206-",40.4653155721,-79.9269911855,9.0,East Liberty,11.0,15206.0,42003111500,42003111500,42003111500,38300,3.87,4,42003111500,2021
27753885,BP-2021-10093,BUILDING,CONSTRUCT A 3-STORY HOUSE WITH 4TH FLR ROOF DECK & STAIR PENTHOUSE/STORAGE,NEW CONSTRUCTION,120000.0,2021-08-16,0083K00814000000,"320 N SAINT CLAIR ST, Pittsburgh, PA 15206-",40.4654063434,-79.9270270784,9.0,East Liberty,11.0,15206.0,42003111500,42003111500,42003111500,38300,3.87,4,42003111500,2021
27753925,BP-2021-10295,BUILDING,NEW FOUNDATION FOR FUTURE 3 STORY SINGLE-FAMILY DETACHED RESIDENCE. THIS PERMIT IS ONLY FOR FOUNDATIONS COMPOSED OF MICROPILES. THE APPLICANT HAS CHANGED FROM DRILLED CAISSONS TO MICROPILES ON 20210420.,NEW CONSTRUCTION,250000.0,2021-07-27,0006M00008000000,"1204 GRANDVIEW AVE, Pittsburgh, PA 15211-",40.4380203797,-80.0182329518,2.0,Mount Washington,19.0,15219.0,42003190300,42003190300,42003190300,38300,3.14,3,42003190300,2021
27753936,BP-2021-10373,BUILDING,INTERIOR RENOVATION OF A VACANT TENANT SPACE FOR A NEW TENANT,NEW CONSTRUCTION,75000.0,2021-10-04,0049E00128000000,"3913 BUTLER ST, Pittsburgh, PA 15201-",40.4685327573,-79.9639972173,7.0,Lower Lawrenceville,6.0,15201.0,42003060300,42003060300,42003060300,38300,3.37,4,42003060300,2021
27754129,BP-2021-11417,BUILDING,NEW TWO-STORY STRUCTURE WITH MAIN LEVEL ROOF DECK & UPPER LEVEL ROOF DECK AS SINGLE FAMILY DWELLING WITH TWO-CAR INTEGRAL GARAGE.,NEW CONSTRUCTION,300000.0,2021-08-23,0009M00178000000,"1870 CLIFF ST, Pittsburgh, PA 15219-",40.4468419873,-79.9835428455,6.0,Crawford-Roberts,3.0,15219.0,42003030500,42003030500,42003030500,38300,4.0,4,42003030500,2021
27754133,BP-2021-11434,BUILDING,CONSTRUCT A NEW ONE STORY BUILDING TO BE USED AS A BANK WITH A DRIVE THROUGH PORCH AND AN ACCESSORY TRASH ENCLOSURE,NEW CONSTRUCTION,1500000.0,2024-07-09,0009H00038000000,"1636 PENN AVE, Pittsburgh, PA 15222-",40.4492489145,-79.9863619454,1.0,Strip District,2.0,15222.0,42003020300,42003020300,42003020300,38300,4.0,4,42003020300,2024
27754167,BP-2021-11632,BUILDING,FOUNDATION AND SUPERSTRUCTURE FOR A NEW 3-STORY STRUCTURE,NEW CONSTRUCTION,3950000.0,2021-09-27,0055J00114000C00,"4339 LYTLE ST, Pittsburgh, PA 15207-",40.4171431368,-79.9491343074,5.0,Hazelwood,15.0,15207.0,42003562901,42003562901,42003562901,38300,3.75,4,42003562901,2021
27754168,BP-2021-11634,BUILDING,EXPANSION OF EXISTING OFFICE SPACE & CONSTUCT NEW DECK,NEW CONSTRUCTION,350000.0,2022-01-14,0055J00114000000,"4339 LYTLE ST, Pittsburgh, PA 15207-",40.4159064666,-79.9484456346,5.0,Hazelwood,15.0,15207.0,42003562901,42003562901,42003562901,38300,3.75,4,42003562901,2022
27754169,BP-2021-11641,BUILDING,TENANT FIT OUT OF FLOORS 4-6 IN 6-STORY STRUCTURE,NEW CONSTRUCTION,2539600.0,2021-10-04,0025F00288000000,"75 HOPPER PL #301, Pittsburgh, PA 15222-",40.458771362,-79.9772398962,1.0,Strip District,6.0,15222.0,42003020300,42003020300,42003020300,38300,4.0,4,42003020300,2021
27754237,BP-2021-12047,BUILDING,CONSTRUCTION OF MODULAR 3-STORY SINGLE FAMILY DWELLING WITH SITE BUILT FOUNDATION AND DETACHED GARAGE,NEW CONSTRUCTION,192000.0,2021-10-06,0082R00059000000,"932 MELLON ST, Pittsburgh, 15206-",40.473127136,-79.9233756724,7.0,Highland Park,11.0,15206.0,42003110200,42003110200,42003110200,38300,1.63,1,42003110200,2021
27754238,BP-2021-12051,BUILDING,CONSTRUCTION OF MODULAR 3-STORY SINGLE FAMILY DWELLING WITH SITE BUILT FOUNDATION AND DETACHED GARAGE,NEW CONSTRUCTION,192000.0,2021-10-06,0082R00060000000,"934 MELLON ST, Pittsburgh, 15206-",40.4731885664,-79.9233372929,7.0,Highland Park,11.0,15206.0,42003110200,42003110200,42003110200,38300,1.63,1,42003110200,2021
27754245,BP-2021-12086,BUILDING,INITIAL TENANT FITOUT OF GROCERY STORE ON FIRST FLOOR AND MEZZANINE,NEW CONSTRUCTION,2200000.0,2021-10-26,0083N00125000000,"141 S SAINT CLAIR ST #601, Pittsburgh, PA 15206-",40.4623681682,-79.9296214621,9.0,East Liberty,8.0,15206.0,42003111500,42003111500,42003111500,38300,3.87,4,42003111500,2021
27754327,BP-2021-12464,BUILDING,CONSTRUCT NEW 3-STORY HOUSE WITH BASEMENT,NEW CONSTRUCTION,25000.0,2021-09-10,0049E00029000000,"180 38TH ST, Pittsburgh, 15201-",40.4673510102,-79.9651530856,7.0,Lower Lawrenceville,6.0,15201.0,42003060300,42003060300,42003060300,38300,3.37,4,42003060300,2021
27754389,BP-2021-12774,BUILDING,CONSTRUCTION OF NEW SINGLE FAMILY DWELLING WITH TWO CAR GARAGE AND DECK AT TOP OF GARAGE,NEW CONSTRUCTION,200000.0,2021-10-11,0023F00062000000,"17 LANE Way, Pittsburgh, PA 15212-",40.4598298294,-80.0088601912,1.0,Central Northside,25.0,15212.0,42003565100,42003565100,42003565100,38300,3.98,4,42003565100,2021
27754506,BP-2021-13370,BUILDING,EXTERIOR ALTERATIONS AND SITE WORK TO CONSTRUCT COURTYARD WITH SWIMMING POOL AT NEW 5 STORY APARTMENT BUILDING,NEW CONSTRUCTION,176000.0,2022-03-18,0049E00132000000,"129 39TH ST, Pittsburgh, PA 15201-",40.4695679428,-79.9653329962,7.0,Lower Lawrenceville,6.0,15201.0,42003060300,42003060300,42003060300,38300,3.37,4,42003060300,2022
27754535,BP-2021-13523,BUILDING,CONSTRUCTION OF COMPLETE 2 STORY DWELLING WITH WALKOUT BASEMENT,NEW CONSTRUCTION,281485.0,2021-09-29,0090M00114000000,"4340 ARMORHILL AVE, Pittsburgh, PA 15120-",40.3981938446,-79.9185974509,5.0,New Homestead,31.0,15207.0,42003565300,42003565300,42003565300,38300,4.0,4,42003565300,2021
27754545,BP-2021-13567,BUILDING,FOUNDATION WORK ONLY ASSOCIATED WITH A STEAM LINE BRIDGE REPLACEMENT.,NEW CONSTRUCTION,50000.0,2021-08-31,0027S00150000003,"261 SCHENLEY DR, Pittsburgh, PA 15213-",40.4413602585,-79.9512931072,3.0,Central Oakland,4.0,15213.0,42003040500,42003040500,42003040500,38300,3.0,3,42003040500,2021
27754547,BP-2021-13583,BUILDING,"NEW 3 STORY, DETACHED, MASONRY AND CONCRETE, CORE + SHELL FOR SINGLE FAMILY DWELLING PHASED CONSTRUCTION WITH REAR DECKS AT BASEMENT, 1ST, 2ND, AND 3RD FLOORS. LOCATION FOR TWO SEPARATE ONE CAR GARAGES ON 1ST FLOOR. THE FOUNDATION WAS BUILT UNDER BP-2021-10295.",NEW CONSTRUCTION,400000.0,2021-11-30,0006M00008000000,"1204 GRANDVIEW AVE, Pittsburgh, PA 15211-",40.4380203797,-80.0182329518,2.0,Mount Washington,19.0,15219.0,42003190300,42003190300,42003190300,38300,3.14,3,42003190300,2021
27754620,BP-2021-13829,BUILDING,CONSTRUCTION OF NEW 3-STORY SINGLE FAMILY ATTACHED DWELLING WITH BALCONY GARAGE AND ROOFTOP DECK,NEW CONSTRUCTION,175500.0,2022-07-26,0012F00261000000,"2137 WHARTON ST, Pittsburgh, PA 15203-",40.430395525,-79.9745739128,3.0,South Side Flats,16.0,15203.0,42003160900,42003160900,42003160900,38300,4.0,4,42003160900,2022
27754629,BP-2021-13881,BUILDING,"CONSTRUCT 3-STORY HOUSE WITH BASEMENT, 1ST FLR & 3RD FLR DECKS",NEW CONSTRUCTION,200000.0,2021-09-16,0025M00346000000,"3011 1/2 PAULOWNA ST, Pittsburgh, PA 15219-",40.4559743865,-79.9685218403,7.0,Polish Hill,6.0,15219.0,42003060500,42003060500,42003060500,38300,3.56,4,42003060500,2021
27754653,BP-2021-14012,BUILDING,Construct a new four story building with second and third floor roof garden,NEW CONSTRUCTION,27481000.0,2022-02-25,0053B00050000000,"5135 MARGARET MORRISON ST, Pittsburgh, PA 15213-",40.4437333149,-79.9424354286,8.0,Squirrel Hill North,14.0,15213.0,42003140100,42003140100,42003140100,38300,1.09,1,42003140100,2022
27754708,BP-2021-14239,BUILDING,CONSTRUCT NEW THREE STORY BUILDING WITHIN THE EXISTING STEEL FRAME OF FORMER MILL,NEW CONSTRUCTION,12954000.0,2021-12-13,0055J00114000C00,"4339 LYTLE ST, Pittsburgh, PA 15207-",40.4171431368,-79.9491343074,5.0,Hazelwood,15.0,15207.0,42003562901,42003562901,42003562901,38300,3.75,4,42003562901,2021
27754756,BP-2021-14515,BUILDING,"NEW CONSTRUCTION OF A SINGLE-STORY, SINGLE FAMILY DETACHED DWELLING. WOOD FRAMED w/ SUPERIOR WALL FOUNDATION.",NEW CONSTRUCTION,115000.0,2023-03-06,0050H00020000000,"5322 HILLCREST ST, Pittsburgh, PA 15224-",40.4677857498,-79.9367170648,9.0,Garfield,10.0,15224.0,42003101900,42003101900,42003101900,38300,3.97,4,42003101900,2023
27754757,BP-2021-14516,BUILDING,SITE WORK INCLUDING PARKING LOT MODIFICATIONS TO SUPPORT EV CHARGING AT PARKING LOT OF A 2 STORY RETAIL STRUCTURE,NEW CONSTRUCTION,84000.0,2022-01-25,0084C00100000000,"6231 PENN AVE, Pittsburgh, PA 15206-",40.46075395,-79.9210860992,9.0,East Liberty,11.0,15206.0,42003111500,42003111500,42003111500,38300,3.87,4,42003111500,2022
27754773,BP-2021-14605,BUILDING,"NEW CONSTRUCTION OF A SINGLE-STORY, SINGLE FAMILY DETACHED DWELLING. WOOD FRAMED w/ SUPERIOR WALL FOUNDATION.",NEW CONSTRUCTION,115000.0,2023-03-09,0050L00124000000,"5316 KINCAID ST, Pittsburgh, PA 15224-",40.4663225334,-79.9373990739,9.0,Garfield,10.0,15224.0,42003101900,42003101900,42003101900,38300,3.97,4,42003101900,2023
27754778,BP-2021-14629,BUILDING,"NEW CONSTRUCTION OF A SINGLE-STORY, SINGLE FAMILY DETACHED DWELLING. WOOD FRAMED w/ SUPERIOR WALL FOUNDATION.",NEW CONSTRUCTION,115000.0,2023-03-03,0050M00022000000,"5360 ROSETTA ST, Pittsburgh, PA 15224-",40.4669297008,-79.9360871928,9.0,Garfield,10.0,15224.0,42003101900,42003101900,42003101900,38300,3.97,4,42003101900,2023
27754780,BP-2021-14633,BUILDING,"NEW CONSTRUCTION OF A SINGLE-STORY, SINGLE-FAMILY DETACHED DWELLING.",NEW CONSTRUCTION,115000.0,2023-03-06,0050M00180000000,"5410 ROSETTA ST, Pittsburgh, PA 15206-",40.4667583522,-79.9346354016,9.0,Garfield,11.0,15206.0,42003111400,42003111400,42003111400,38300,2.66,3,42003111400,2023
27754781,BP-2021-14634,BUILDING,CONSTRUCT 2-STORY HOUSE WITH BASEMENT & FRONT PORCH,NEW CONSTRUCTION,175000.0,2023-03-09,0050M00044000000,"5347 KINCAID ST, Pittsburgh, 15224-",40.4665608842,-79.9360459491,9.0,Garfield,10.0,15224.0,42003101900,42003101900,42003101900,38300,3.97,4,42003101900,2023
27754782,BP-2021-14635,BUILDING,"NEW CONSTRUCTION OF A TWO-STORY, SINGLE FAMILY DETACHED DWELLING. WOOD FRAMED w/ SUPERIOR WALL FOUNDATION.",NEW CONSTRUCTION,175000.0,2023-03-06,0050M00001000000,"5361 ROSETTA ST, Pittsburgh, 15224-",40.4673337211,-79.9358486233,9.0,Garfield,10.0,15224.0,42003101900,42003101900,42003101900,38300,3.97,4,42003101900,2023
27754783,BP-2021-14637,BUILDING,CONSTRUCT A 2-STORY HOUSE WITH FRONT PORCH,NEW CONSTRUCTION,175000.0,2023-03-10,0050M00071000000,"213 N AIKEN AVE, Pittsburgh, 15206-",40.4660279676,-79.9359349963,9.0,Garfield,10.0,15224.0,42003101900,42003101900,42003101900,38300,3.97,4,42003101900,2023
27754784,BP-2021-14638,BUILDING,CONSTRUCT A 2-STORY HOUSE WITH FRONT PORCH,NEW CONSTRUCTION,175000.0,2023-03-06,0050M00070000000,"215 N AIKEN AVE, Pittsburgh, 15206-",40.4660957477,-79.9358706306,9.0,Garfield,10.0,15224.0,42003101900,42003101900,42003101900,38300,3.97,4,42003101900,2023
27754785,BP-2021-14640,BUILDING,"CONSTRUCT A 2-STORY HOUSE WITH A BASEMENT, FRONT PORCH & REAR DECK",NEW CONSTRUCTION,175000.0,2023-03-06,0050M00026000000,"5368 ROSETTA ST, Pittsburgh, 15224-",40.4668914917,-79.9358350233,9.0,Garfield,10.0,15224.0,42003101900,42003101900,42003101900,38300,3.97,4,42003101900,2023
27754786,BP-2021-14641,BUILDING,"CONSTRUCT A 2-STORY HOUSE WITH A BASEMENT, FRONT PORCH & REAR DECK",NEW CONSTRUCTION,175000.0,2023-03-06,0050M00027000000,"5370 ROSETTA ST, Pittsburgh, PA 15224-",40.466879813,-79.9357625287,9.0,Garfield,10.0,15224.0,42003101900,42003101900,42003101900,38300,3.97,4,42003101900,2023
27754787,BP-2021-14643,BUILDING,CONSTRUCT 2-STORY HOUSE,NEW CONSTRUCTION,200000.0,2023-03-06,0050H00161000000,"425 N AIKEN AVE, Pittsburgh, PA 15206-",40.4681649562,-79.9346183118,9.0,Garfield,10.0,15224.0,42003101900,42003101900,42003101900,38300,3.97,4,42003101900,2023
27754788,BP-2021-14644,BUILDING,CONSTRUCT 2-STORY HOUSE,NEW CONSTRUCTION,200000.0,2023-06-12,0050H00162000000,"429 N AIKEN AVE, Pittsburgh, PA 15206-",40.4682224942,-79.9345821032,9.0,Garfield,10.0,15224.0,42003101900,42003101900,42003101900,38300,3.97,4,42003101900,2023
27754789,BP-2021-14646,BUILDING,CONSTRUCT 2-STORY HOUSE,NEW CONSTRUCTION,200000.0,2023-03-06,0050H00164000000,"433 N AIKEN AVE, Pittsburgh, PA 15206-",40.4683048775,-79.9345333647,9.0,Garfield,10.0,15224.0,42003101900,42003101900,42003101900,38300,3.97,4,42003101900,2023
27754790,BP-2021-14651,BUILDING,"NEW CONSTRUCTION OF A 2-STORY, SINGLE FAMILY ATTACHED DWELLING. WOOD FRAMED w/ SUPERIOR WALL FOUNDATION.",NEW CONSTRUCTION,200000.0,2023-03-06,0050M00004000000,"5375 ROSETTA ST, Pittsburgh, 15224-",40.4672985628,-79.935616674,9.0,Garfield,10.0,15224.0,42003101900,42003101900,42003101900,38300,3.97,4,42003101900,2023
27754791,BP-2021-14652,BUILDING,CONSTRUCT  A 2-STORY HOUSE WITH PORCH,NEW CONSTRUCTION,200000.0,2023-03-06,0050M00005000000,"5377 ROSETTA ST, Pittsburgh, 15224-",40.4672967128,-79.9354974238,9.0,Garfield,10.0,15224.0,42003101900,42003101900,42003101900,38300,3.97,4,42003101900,2023
27754792,BP-2021-14660,BUILDING,CONSTRUCT 2-STORY HOUSE WITH PORCH & DECK,NEW CONSTRUCTION,200000.0,2023-03-10,0050M00008000000,"305 N AIKEN AVE, Pittsburgh, PA 15206-",40.4671814261,-79.9352318031,9.0,Garfield,10.0,15224.0,42003101900,42003101900,42003101900,38300,3.97,4,42003101900,2023
27754794,BP-2021-14662,BUILDING,"CONSTRUCTION OF A 2-STORY HOUSE WITH A BASEMENT, FRONT PORCH & REAR DECK",NEW CONSTRUCTION,200000.0,2023-03-06,0050L00019000A00,"5302 ROSETTA ST, Pittsburgh, 15224-",40.4671127484,-79.9375447912,9.0,Garfield,10.0,15224.0,42003101900,42003101900,42003101900,38300,3.97,4,42003101900,2023
27754795,BP-2021-14663,BUILDING,"NEW CONSTRUCTION OF A 2-STORY, SINGLE-FAMILY DETACHED DWELLING",NEW CONSTRUCTION,200000.0,2023-03-09,0050M00186000000,"234 N AIKEN AVE, Pittsburgh, 15206-",40.4665592327,-79.9350314977,9.0,Garfield,11.0,15206.0,42003111400,42003111400,42003111400,38300,2.66,3,42003111400,2023
27754796,BP-2021-14664,BUILDING,"NEW CONSTRUCTION OF A 2-STORY, SINGLE FAMILY DETACHED DWELLING. WOOD FRAMED w/ SUPERIOR WALL FOUNDATION.",NEW CONSTRUCTION,200000.0,2023-03-06,0050M00063000000,"5348 KINCAID ST, Pittsburgh, PA 15224-",40.4661857335,-79.9364340275,9.0,Garfield,10.0,15224.0,42003101900,42003101900,42003101900,38300,3.97,4,42003101900,2023
27754825,BP-2021-14848,BUILDING,CONSTRUCTION OF NEW INDUSTRIALIZED SINGLE FAMILY HOUSING WITH GARAGE,NEW CONSTRUCTION,200000.0,2021-12-13,0083M00044000000,"611 COLLINS AVE, Pittsburgh, PA 15206-",40.4666621746,-79.9192907696,9.0,East Liberty,11.0,15206.0,42003111300,42003111300,42003111300,38300,2.51,3,42003111300,2021
27754874,BP-2021-15087,BUILDING,CONSTRUCTION OF 3 STORY OFFICE AND LAB WITH 2ND FLOOR ROOF PATIO,NEW CONSTRUCTION,9726257.0,2022-10-11,0075E00002000000,"3300 PREBLE AVE #840, Pittsburgh, PA 15233-",40.4785218975,-80.0458007601,2.0,Brighton Heights,27.0,15212.0,42003270100,42003270100,42003270100,38300,2.33,2,42003270100,2022
27755037,BP-2021-16004,BUILDING,CONSTRUCTION OF 2-STORY SINGLE FAMILY DWELLING.,NEW CONSTRUCTION,220000.0,2021-10-12,0124N00413000000,"6321 CARVER ST, Pittsburgh, PA 15206-",40.4636495981,-79.9136094101,9.0,Larimer,12.0,15206.0,42003120900,42003120900,42003120900,38300,3.84,4,42003120900,2021
27755058,BP-2021-16144,BUILDING,"NEW CONSTRUCTION OF 3-STORY SINGLE FAMILY DWELLING WITH TWO CAR INTEGRAL GARAGE IN BASEMENT, FIRST AND SECOND FLOOR DECKS AT REAR. WALKWAY ALONG SIDE.",NEW CONSTRUCTION,302500.0,2022-03-11,0004L00183000000,"424 WILLIAM ST, Pittsburgh, PA 15211-",40.4279429241,-80.0041077907,2.0,Mount Washington,19.0,15211.0,42003191400,42003191400,42003191400,38300,3.12,3,42003191400,2022
27755084,BP-2021-16300,BUILDING,NEW CONSTRUCTION OF A 3-STORY COMMUNITY CENTER ABUTTING EXISTING CHURCH BUILDINGS TO INCLUDE ROOFDECK AND 3RD STORY DECKS AT EAST AND WEST SIDES OF STRUCTURE,NEW CONSTRUCTION,6100000.0,2022-03-31,0023S00034000000,"745 UNION PL, Pittsburgh, PA 15212-",40.4537750878,-80.0033887722,1.0,Allegheny Center,22.0,15212.0,42003562700,42003562700,42003562700,38300,4.0,4,42003562700,2022
27755125,BP-2021-16420,BUILDING,CONSTRUCTION OF NEW 2 STORY WOOD FRAMED SINGLE FAMILY RESIDENCE,NEW CONSTRUCTION,180000.0,2021-10-20,0124N00241000000,"6274 MEADOW ST, Pittsburgh, PA 15206-",40.4642496869,-79.9137271043,9.0,Larimer,12.0,15206.0,42003120900,42003120900,42003120900,38300,3.84,4,42003120900,2021
27755158,BP-2021-16571,BUILDING,CONSTRUCTION OF NEW SHED AND TRASH ENCLOSURE AS PART OF FENCING AND LANDSCAPING OF NEW PARKING LOT AND PLAY AREA INCLUDING UNDERGROUND STORMWATER MANAGEMENT SYSTEM,NEW CONSTRUCTION,100000.0,2021-12-30,0012L00264000000,"2403 SARAH ST, Pittsburgh, PA 15203-",40.4274972341,-79.9711202193,3.0,South Side Flats,16.0,15203.0,42003160900,42003160900,42003160900,38300,4.0,4,42003160900,2021
27755167,BP-2021-16634,BUILDING,DEMOLISH 2-STORY HOUSE & BUILD NEW 3-STORY HOUSE ON EXISTING & NEW FOUNDATIONS,NEW CONSTRUCTION,225000.0,2022-04-11,0023M00296000000,"512 SUISMON ST, Pittsburgh, PA 15212-",40.4554144637,-80.0006428604,1.0,East Allegheny,23.0,15212.0,42003563202,42003563202,42003563202,38300,3.99,4,42003563202,2022
27755413,BP-2021-17703,BUILDING,CONSTRUCT 4-STORY TOWNHOUSE SINGLE FAMILY DWELLING,NEW CONSTRUCTION,150000.0,2022-06-06,0049B00287000000,"233 43RD ST, Pittsburgh, PA 15201-",40.4704397556,-79.9590168681,7.0,Central Lawrenceville,9.0,15201.0,42003090200,42003090200,42003090200,38300,3.02,3,42003090200,2022
27755415,BP-2021-17714,BUILDING,Alteration to existing core and shell space - Landlord scope of work. Future tenant fit-out to be under permit BP-2021-18142. New tenant separation walls and interior walls as well as the infilling of a concrete floor slab where needed.,NEW CONSTRUCTION,50000.0,2022-02-24,0084C00055000000,"6226 PENN AVE, Pittsburgh, PA 15206-",40.460015708,-79.9231934238,8.0,Shadyside,7.0,15206.0,42003070800,42003070800,42003070800,38300,2.9,3,42003070800,2022
27755439,BP-2021-17877,BUILDING,CONSTRUCTION OF NEW SINGLE FAMILY ATTACHED DWELLING WITH BALCONY GARAGE AND ROOFTOP DECK,NEW CONSTRUCTION,175500.0,2022-07-26,0012F00252000000,"2136 MERRIMAN Way, Pittsburgh, PA 15203-",40.4305602528,-79.9745587264,3.0,South Side Flats,16.0,15203.0,42003160900,42003160900,42003160900,38300,4.0,4,42003160900,2022
27755492,BP-2021-18142,BUILDING,"The first Tenant fit-out of existing core and shell space. Landlord work scope, including walls, floors, ceilings, electrical, mechanical are being completed (No Occ) prior to this fit-out permit. Refer to permit BP-2021-17714.",NEW CONSTRUCTION,80000.0,2022-07-01,0084C00055000000,"6226 PENN AVE, Pittsburgh, PA 15206-",40.460015708,-79.9231934238,8.0,Shadyside,7.0,15206.0,42003070800,42003070800,42003070800,38300,2.9,3,42003070800,2022
27755515,BP-2021-18275,BUILDING,Tenant fit-out to new phased core and shell building. A small portion of the first floor had been previously fit-out. The remaining portion to be reconfigured for the new use. New second floor areas being constructed above the center portion of the space.,NEW CONSTRUCTION,899550.0,2022-01-19,0080K00090000000,"113 47TH ST, Pittsburgh, PA 15201-",40.4767268012,-79.9603895986,7.0,Central Lawrenceville,9.0,15201.0,42003090100,42003090100,42003090100,38300,4.0,4,42003090100,2022
27755590,BP-2021-18694,BUILDING,CONSTRUCT FOUNDATION AND PORTION OF SUPERSTRUCTURE FOR BELOW GRADE PARKING WITH SITE WORK FOR NEW TEN STORY COMMERCIAL STRUCTURE,NEW CONSTRUCTION,150000.0,2022-05-04,0026S00135000000,"419 MELWOOD AVE #1025, Pittsburgh, PA 15213-",40.4546339386,-79.9527528068,6.0,North Oakland,5.0,15213.0,42003562000,42003562000,42003562000,38300,2.44,2,42003562000,2022
27755591,BP-2021-18698,BUILDING,CONSTRUCT 3-STORY SINGLE-FAMILY DWELLING WITH INTEGRAL GARAGE & 2ND & 3RD FLR DECKS,NEW CONSTRUCTION,200000.0,2022-11-28,0009M00376000000,"1703 CLIFF ST, Pittsburgh, PA 15219-",40.4459273192,-79.9869008961,6.0,Crawford-Roberts,3.0,15219.0,42003030500,42003030500,42003030500,38300,4.0,4,42003030500,2022
27755592,BP-2021-18700,BUILDING,CONSTRUCT 3-STORY SINGLE-FAMILY DWELLING WITH INTEGRAL GARAGE & 2ND & 3RD FLR DECKS,NEW CONSTRUCTION,200000.0,2022-11-28,0009M00375000000,"1701 CLIFF ST, Pittsburgh, PA 15219-",40.4458947142,-79.986977421,6.0,Crawford-Roberts,3.0,15219.0,42003030500,42003030500,42003030500,38300,4.0,4,42003030500,2022
27755613,BP-2021-18838,BUILDING,Construction of a new six-story building with steel post and beam design and with cast-in-place deep foundations. Building to be non-separated mixed use.,NEW CONSTRUCTION,21819095.0,2022-04-08,0002L00042000000,"118 STEVENSON ST, Pittsburgh, PA 15219-",40.4380318427,-79.9874931934,6.0,Bluff,1.0,15219.0,42003010302,42003010302,42003010302,38300,4.0,4,42003010302,2022
27755735,BP-2021-19544,BUILDING,Landlord work to existing core and shell space for future tenant fit-out. Work includes the construction of interior tenant separation walls and extending existing interior corridor to tenant area. A new elevated and enclosed maintenance room is being added above the southeast corner of the space for landlord access to an existing utility shaft.,NEW CONSTRUCTION,50000.0,2022-02-24,0084C00055000000,"6226 PENN AVE, Pittsburgh, PA 15206-",40.460015708,-79.9231934238,8.0,Shadyside,7.0,15206.0,42003070800,42003070800,42003070800,38300,2.9,3,42003070800,2022
27755748,BP-2021-19641,BUILDING,NEW CONSTRUCTION OF AN 2-STORY SINGLE-FAMILY DWELLING WITH REAR DECK,NEW CONSTRUCTION,150000.0,2022-11-02,0010P00186000000,"2117 ROSE ST, Pittsburgh, PA 15219-",40.4439563935,-79.9773291345,6.0,Middle Hill,5.0,15219.0,42003050100,42003050100,42003050100,38300,4.0,4,42003050100,2022
27755750,BP-2021-19644,BUILDING,NEW CONSTRUCTION OF AN 2-STORY SINGLE-FAMILY DWELLING WITH REAR DECK,NEW CONSTRUCTION,150000.0,2022-11-02,0010P00187000000,"2119 ROSE ST, Pittsburgh, PA 15219-",40.4439788867,-79.9772760107,6.0,Middle Hill,5.0,15219.0,42003050100,42003050100,42003050100,38300,4.0,4,42003050100,2022
27755751,BP-2021-19645,BUILDING,NEW CONSTRUCTION OF A 2-STORY SINGLE-FAMILY DWELLING WITH REAR DECK,NEW CONSTRUCTION,150000.0,2022-11-02,0010P00188000000,"2121 ROSE ST, Pittsburgh, PA 15219-",40.4440019202,-79.9772230928,6.0,Middle Hill,5.0,15219.0,42003050100,42003050100,42003050100,38300,4.0,4,42003050100,2022
27755752,BP-2021-19646,BUILDING,NEW CONSTRUCTION OF A 2-STORY SINGLE-FAMILY DWELLING WITH REAR DECK,NEW CONSTRUCTION,150000.0,2022-11-02,0010P00189000000,"2123 ROSE ST, Pittsburgh, PA 15219-",40.4440258971,-79.9771649275,6.0,Middle Hill,5.0,15219.0,42003050100,42003050100,42003050100,38300,4.0,4,42003050100,2022
27755753,BP-2021-19647,BUILDING,NEW CONSTRUCTION OF AN A 2-STORY SINGLE-FAMILY DWELLING WITH REAR DECK,NEW CONSTRUCTION,150000.0,2022-11-03,0010P00190000000,"2125 ROSE ST, Pittsburgh, PA 15219-",40.4440508681,-79.9771075922,6.0,Middle Hill,5.0,15219.0,42003050100,42003050100,42003050100,38300,4.0,4,42003050100,2022
27755754,BP-2021-19648,BUILDING,NEW CONSTRUCTION OF A 2-STORY SINGLE-FAMILY DWELLING WITH REAR DECK,NEW CONSTRUCTION,150000.0,2022-11-02,0010P00192000000,"2127 ROSE ST, Pittsburgh, PA 15219-",40.4440734281,-79.977054418,6.0,Middle Hill,5.0,15219.0,42003050100,42003050100,42003050100,38300,4.0,4,42003050100,2022
27755776,BP-2021-19771,BUILDING,CONSTRUCTION OF THREE STORY WOOD FRAMED SINGLE FAMILY DWELLING UNIT WITH INTEGRAL GARAGE,NEW CONSTRUCTION,550000.0,2022-10-20,0003L00063000000,"1107 FREYBURG ST, Pittsburgh, PA 15203-",40.4267782079,-79.9871443337,3.0,South Side Flats,17.0,15203.0,42003170200,42003170200,42003170200,38300,4.0,4,42003170200,2022
27755785,BP-2021-19839,BUILDING,FIRST TENANT FIT-OUT AT PARTIAL 3RD FLOOR OF EXISTING STRUCTURE INCLUDING INTERIOR ALTERATIONS AND MODIFICAITON TO 3RD FLOOR STOREFRONT,NEW CONSTRUCTION,759793.0,2022-02-03,0009G00170000000,"1447 SMALLMAN ST, Pittsburgh, PA 15222-",40.4486022823,-79.9903585214,1.0,Strip District,2.0,15222.0,42003020300,42003020300,42003020300,38300,4.0,4,42003020300,2022
27755815,BP-2021-19994,BUILDING,Existing detached garage structure to be demolished and replaced with a new larger two-car detached garage accessory structure. New garage was built without a permit per CF-PLI-2021-041402.,NEW CONSTRUCTION,1000.0,2022-07-08,0050M00029000000,"241 N AIKEN AVE, Pittsburgh, 15206-",40.466925891,-79.9353350039,9.0,Garfield,10.0,15224.0,42003101900,42003101900,42003101900,38300,3.97,4,42003101900,2022
27755898,BP-2021-20503,BUILDING,Construct a new one story detached structure to be used as a 5 bus garage.,NEW CONSTRUCTION,250000.0,2022-06-16,0114H00250000000,"1020 BENTON AVE, Pittsburgh, PA 15212-",40.4875020859,-80.0346435645,1.0,Brighton Heights,27.0,15212.0,42003270800,42003270800,42003270800,38300,2.11,2,42003270800,2022
27755914,BP-2021-20601,BUILDING,CONSTRUCTION OF FOUNDATIONS ONLY FOR NEW APARTMENT BUILDING WITH INTEGRATED PARKING GARAGE,NEW CONSTRUCTION,4200000.0,2022-03-25,0026E00009000000,"2695 SOUTH WATER ST #442, Pittsburgh, PA 15203-",40.4294901026,-79.9658194883,3.0,South Side Flats,16.0,15203.0,42003160900,42003160900,42003160900,38300,4.0,4,42003160900,2022
27755940,BP-2021-20746,BUILDING,CONSTRUCTION OF TWO STORY SINGLE FAMILY DWELLING WITH INTEGRAL GARAGE AS WELL AS RETAINING WALLS,NEW CONSTRUCTION,350000.0,2022-03-14,0131J00060000000,"4316 Bench Way, Pittsburgh, PA 15120-",40.3971673257,-79.9149232798,5.0,New Homestead,31.0,15207.0,42003565300,42003565300,42003565300,38300,4.0,4,42003565300,2022
27755946,BP-2021-20808,BUILDING,CONSTRUCT NEW 3 STORY MODULAR SINGLE FAMILY DWELLING WITH FRONT PORCH AND REAR DECK OFF OF 1ST FLOOR AND 4' RETAINING WALLS AT FRONT,NEW CONSTRUCTION,400000.0,2022-05-09,0125R00208000000,"6823 MCPHERSON BLVD, Pittsburgh, PA 15208-",40.4547905004,-79.907127158,9.0,Point Breeze North,14.0,15208.0,42003140500,42003140500,42003140500,38300,2.13,2,42003140500,2022
27755969,BP-2022-00038,BUILDING,CONSTRUCT 3-STORY HOUSE WITH REAR GARAGE & DECK,NEW CONSTRUCTION,280000.0,2022-03-01,0080P00323000000,"186 HOME ST, Pittsburgh, PA 15201-",40.4737018101,-79.9590181417,7.0,Central Lawrenceville,9.0,15201.0,42003090100,42003090100,42003090100,38300,4.0,4,42003090100,2022
27755971,BP-2022-00046,BUILDING,CONSTRUCT 3-STORY HOUSE WITH REAR GARAGE & DECK,NEW CONSTRUCTION,280000.0,2022-03-04,0080P00321000000,"188 HOME ST, Pittsburgh, PA 15201-",40.4736644724,-79.9589667723,7.0,Central Lawrenceville,9.0,15201.0,42003090100,42003090100,42003090100,38300,4.0,4,42003090100,2022
27755972,BP-2022-00047,BUILDING,CONSTRUCT 3-STORY HOUSE WITH REAR GARAGE & DECK,NEW CONSTRUCTION,280000.0,2022-03-02,0080P00319000000,"190 HOME ST, Pittsburgh, PA 15201-",40.473600415,-79.9589111846,7.0,Central Lawrenceville,9.0,15201.0,42003090100,42003090100,42003090100,38300,4.0,4,42003090100,2022
27755977,BP-2022-00081,BUILDING,"CONSTRUCTION OF NEW WALKWAYS, CANOPIES, AND SHELTER STRUCTURES AT EXISTING BUSWAY STOP",NEW CONSTRUCTION,1200000.0,2022-03-03,0084J00146000000,"501 SUMMERLEA ST, Pittsburgh, PA 15232-",40.4566114659,-79.9323245695,8.0,Shadyside,7.0,15232.0,42003070500,42003070500,42003070500,38300,2.74,3,42003070500,2022
27756004,BP-2022-00260,BUILDING,INTERIOR ALTERATIONS TO 3062 SF PORTION OF CORE AND SHELL TO CREATE BAR AND RESTAURANT WITH OUTDOOR SEATING IN EXISTING FIVE STORY APARTMENT BUILDING,NEW CONSTRUCTION,850000.0,2022-06-15,0084C00055000000,"6226 PENN AVE, Pittsburgh, PA 15206-",40.460015708,-79.9231934238,8.0,Shadyside,7.0,15206.0,42003070800,42003070800,42003070800,38300,2.9,3,42003070800,2022
27756014,BP-2022-00334,BUILDING,NEW ATTACHED 3 STORY SINGLE FAMILY DWELLING WITH 2 CAR GARAGE AND 2ND FLOOR DECK.,NEW CONSTRUCTION,60000.0,2022-10-20,0024N00011000000,"802 MIDDLE ST, Pittsburgh, PA 15212-",40.4547300774,-79.9992020714,1.0,East Allegheny,23.0,15212.0,42003563202,42003563202,42003563202,38300,3.99,4,42003563202,2022
27756015,BP-2022-00335,BUILDING,NEW ATTACHED 3 STORY SINGLE FAMILY DWELLING WITH 2 CAR GARAGE AND 2ND FLOOR DECK.,NEW CONSTRUCTION,50000.0,2022-10-20,0024N00009000000,"804 MIDDLE ST, Pittsburgh, PA 15212-",40.4547899422,-79.999220269,1.0,East Allegheny,23.0,15212.0,42003563202,42003563202,42003563202,38300,3.99,4,42003563202,2022
27756053,BP-2022-00647,BUILDING,CONSTRUCT FOUNDATION AND PORTION OF SUPERSTRUCTURE FOR PODUIM STRUCTURE WITH SITE WORK FOR NEW SIX STORY COMMERCIAL STRUCTURE,NEW CONSTRUCTION,1040000.0,2022-04-25,0008K00035000000,"220 NORTH SHORE DR #628, Pittsburgh, PA 15212-",40.4468565587,-80.0080661064,6.0,North Shore,22.0,15212.0,42003981200,42003981200,42003981200,38300,4.0,4,42003981200,2022
27756063,BP-2022-00720,BUILDING,INTERIOR ALTERATIONS TO 6140 SF OF EXISTING CORE AND SHELL SPACE TO CREATE NEW FITNESS CENTER,NEW CONSTRUCTION,500000.0,2022-04-29,0025F00290000000,"2865 RAILROAD ST #301, Pittsburgh, PA 15222-",40.459215123,-79.9765905494,1.0,Strip District,6.0,15222.0,42003020300,42003020300,42003020300,38300,4.0,4,42003020300,2022
27756104,BP-2022-00982,BUILDING,CONSTRUCT 6-STORY BUILDING,NEW CONSTRUCTION,13000000.0,2022-08-15,0008K00035000000,"220 NORTH SHORE DR #628, Pittsburgh, PA 15212-",40.4468565587,-80.0080661064,6.0,North Shore,22.0,15212.0,42003981200,42003981200,42003981200,38300,4.0,4,42003981200,2022
27756122,BP-2022-01095,BUILDING,CONSTRUCT 4-STORY HOUSE,NEW CONSTRUCTION,150000.0,2022-06-06,0049B00287000000,"233 43RD ST, Pittsburgh, PA 15201-",40.4704397556,-79.9590168681,7.0,Central Lawrenceville,9.0,15201.0,42003090200,42003090200,42003090200,38300,3.02,3,42003090200,2022
27756123,BP-2022-01097,BUILDING,CONSTRUCT 4-STORY TOWNHOUSE SINGLE FAMILY DWELLING,NEW CONSTRUCTION,150000.0,2022-06-06,0049B00287000000,"233 43RD ST, Pittsburgh, PA 15201-",40.4704397556,-79.9590168681,7.0,Central Lawrenceville,9.0,15201.0,42003090200,42003090200,42003090200,38300,3.02,3,42003090200,2022
27756124,BP-2022-01100,BUILDING,CONSTRUCT 4-STORY TOWNHOUSE,NEW CONSTRUCTION,150000.0,2022-06-06,0049B00287000000,"233 43RD ST, Pittsburgh, PA 15201-",40.4704397556,-79.9590168681,7.0,Central Lawrenceville,9.0,15201.0,42003090200,42003090200,42003090200,38300,3.02,3,42003090200,2022
27756125,BP-2022-01101,BUILDING,CONSTRUCT 4-STORY TOWNHOUSE SINGLE FAMILY DWELLING,NEW CONSTRUCTION,150000.0,2022-06-06,0049B00287000000,"233 43RD ST, Pittsburgh, PA 15201-",40.4704397556,-79.9590168681,7.0,Central Lawrenceville,9.0,15201.0,42003090200,42003090200,42003090200,38300,3.02,3,42003090200,2022
27756127,BP-2022-01103,BUILDING,CONSTRUCTION OF A 4-STORY TOWNHOUSE IN A ROW OF 4 TOWNHOUSES INCLUDING PRIVATE GARAGE ON FIRST FLOOR,NEW CONSTRUCTION,150000.0,2022-06-06,0049B00287000000,"233 43RD ST, Pittsburgh, PA 15201-",40.4704397556,-79.9590168681,7.0,Central Lawrenceville,9.0,15201.0,42003090200,42003090200,42003090200,38300,3.02,3,42003090200,2022
27756128,BP-2022-01104,BUILDING,CONSTRUCTION OF A 4-STORY TOWNHOUSE IN A ROW OF 4 TOWNHOUSES INCLUDING PRIVATE GARAGE ON FIRST FLOOR,NEW CONSTRUCTION,150000.0,2022-06-06,0049B00287000000,"233 43RD ST, Pittsburgh, PA 15201-",40.4704397556,-79.9590168681,7.0,Central Lawrenceville,9.0,15201.0,42003090200,42003090200,42003090200,38300,3.02,3,42003090200,2022
27756130,BP-2022-01106,BUILDING,CONSTRUCTION OF A 4-STORY TOWNHOUSE IN A ROW OF 4 TOWNHOUSES INCLUDING PRIVATE GARAGE ON FIRST FLOOR,NEW CONSTRUCTION,150000.0,2022-06-06,0049B00287000000,"233 43RD ST, Pittsburgh, PA 15201-",40.4704397556,-79.9590168681,7.0,Central Lawrenceville,9.0,15201.0,42003090200,42003090200,42003090200,38300,3.02,3,42003090200,2022
27756131,BP-2022-01107,BUILDING,CONSTRUCTION OF A 4-STORY TOWNHOUSE IN A ROW OF 4 TOWNHOUSES INCLUDING PRIVATE GARAGE ON FIRST FLOOR,NEW CONSTRUCTION,150000.0,2022-06-06,0049B00287000000,"233 43RD ST, Pittsburgh, PA 15201-",40.4704397556,-79.9590168681,7.0,Central Lawrenceville,9.0,15201.0,42003090200,42003090200,42003090200,38300,3.02,3,42003090200,2022
27756205,BP-2022-01601,BUILDING,"CONSTRUCTION OF 3 STORY, WOOD FRAMED, SINGLE-FAMILY DWELLING WITH 3RD FLOOR ROOF-TOP DECK",NEW CONSTRUCTION,200000.0,2023-01-20,0050M00165000A00,"5400 KINCAID ST, Pittsburgh, PA 15206-",40.4661233307,-79.9353857185,9.0,Garfield,11.0,15206.0,42003111400,42003111400,42003111400,38300,2.66,3,42003111400,2023
27756222,BP-2022-01676,BUILDING,CONSTRUCTION OF NEW TWO STORY SINGLE FAMILY DWELLING WITH TWO CAR INTEGRAL GARAGE,NEW CONSTRUCTION,402426.0,2022-04-19,0184N00274000000,"5720 LAUDER ST, Pittsburgh, PA 15207-",40.3663667031,-79.9147643054,5.0,Lincoln Place,31.0,15207.0,42003310200,42003310200,42003310200,38300,3.5,4,42003310200,2022
27756246,BP-2022-01896,BUILDING,NEW CONSTRUCTION OF 3 STORY HOUSE WITH 3RD FLOOR DECK AT REAR,NEW CONSTRUCTION,260000.0,2022-02-24,0082M00187000000,"5816 BRYANT ST, Pittsburgh, PA 15206-",40.4756955256,-79.9201679188,7.0,Highland Park,11.0,15206.0,42003110200,42003110200,42003110200,38300,1.63,1,42003110200,2022
27756290,BP-2022-02152,BUILDING,Interior fit-out of core and shell space. First fit-out of area.,NEW CONSTRUCTION,110000.0,2022-04-13,0024S00072000000,"2239 RAILROAD ST, Pittsburgh, 15222-",40.4544230904,-79.9838339608,1.0,Strip District,2.0,15222.0,42003020300,42003020300,42003020300,38300,4.0,4,42003020300,2022
27756326,BP-2022-02311,BUILDING,"PHASED CONSTRUCTION OF NEW APARTMENT SUPERSTRUCTURE, CORE, SHELL, AND FIT-OUT WITH INTEGRATED PARKING GARAGE",NEW CONSTRUCTION,37000000.0,2022-06-21,0026E00009000000,"2695 SOUTH WATER ST #442, Pittsburgh, PA 15203-",40.4294901026,-79.9658194883,3.0,South Side Flats,16.0,15203.0,42003160900,42003160900,42003160900,38300,4.0,4,42003160900,2022
27756351,BP-2022-02464,BUILDING,CONSTRUCTION OF NEW OPEN SIDED PAVILLION IN SIDEYARD WITH CONCRETE ACCESS WALKWAY,NEW CONSTRUCTION,10000.0,2022-04-04,0050K00349000000,"5113 PENN AVE, Pittsburgh, 15224-",40.4651185384,-79.9422593576,9.0,Garfield,10.0,15224.0,42003101900,42003101900,42003101900,38300,3.97,4,42003101900,2022
27756370,BP-2022-02580,BUILDING,First fit-out of vacant core and shell space as a conference room and pre-function waiting area adjacent to previously approved office space. Viewed as B use due to Occ load (SMALL ASSEMBLY SPACE),NEW CONSTRUCTION,45200.0,2022-08-18,0009G00170000000,"1447 SMALLMAN ST, Pittsburgh, PA 15222-",40.4486022823,-79.9903585214,1.0,Strip District,2.0,15222.0,42003020300,42003020300,42003020300,38300,4.0,4,42003020300,2022
27756372,BP-2022-02600,BUILDING,Construction of a new detached car garage structure accessory to a single family dwelling,NEW CONSTRUCTION,150000.0,2022-05-20,0119S00014000000,"5409 KEYSTONE ST, Pittsburgh, 15201-",40.4821458016,-79.9496344299,7.0,Upper Lawrenceville,10.0,15201.0,42003101100,42003101100,42003101100,38300,3.32,4,42003101100,2022
27756373,BP-2022-02601,BUILDING,Construction of a new detached car garage structure accessory to a single family dwelling,NEW CONSTRUCTION,10000.0,2022-05-20,0119S00015000000,"5407 KEYSTONE ST, Pittsburgh, PA 15201-",40.4821131403,-79.9496926629,7.0,Upper Lawrenceville,10.0,15201.0,42003101100,42003101100,42003101100,38300,3.32,4,42003101100,2022
27756442,BP-2022-03031,BUILDING,FIT OUT OF TENANT SPACE AS A BAKERY,NEW CONSTRUCTION,200000.0,2023-07-20,0084B00173000C00,"5818 PENN AVE, Pittsburgh, PA 15206-",40.4621549752,-79.9275565313,9.0,East Liberty,8.0,15206.0,42003111500,42003111500,42003111500,38300,3.87,4,42003111500,2023
27756467,BP-2022-03216,BUILDING,CONSTRUCTION OF NEW THREE STORY SINGLE FAMILY DWELLING WITH INTEGRAL SINGLE CAR GARAGE ON VACANT LOT,NEW CONSTRUCTION,350000.0,2022-09-16,0080H00234000000,"5255 WICKLIFF ST, Pittsburgh, PA 15201-",40.4792633209,-79.9495848222,7.0,Upper Lawrenceville,10.0,15201.0,42003101100,42003101100,42003101100,38300,3.32,4,42003101100,2022
27756481,BP-2022-03296,BUILDING,INITIAL TENANT FIT-OUT OF THIRD FLOOR OFFICE SPACE,NEW CONSTRUCTION,0.0,2022-03-09,0083N00125000000,"141 S SAINT CLAIR ST #601, Pittsburgh, PA 15206-",40.4623681682,-79.9296214621,9.0,East Liberty,8.0,15206.0,42003111500,42003111500,42003111500,38300,3.87,4,42003111500,2022
27756545,BP-2022-03687,BUILDING,CONSTRUCT NEW TEN STORY APARTMENT BUILDING WITH BELOW GRADE GARAGE,NEW CONSTRUCTION,15000000.0,2022-06-28,0026S00135000000,"419 MELWOOD AVE #1025, Pittsburgh, PA 15213-",40.4546339386,-79.9527528068,6.0,North Oakland,5.0,15213.0,42003562000,42003562000,42003562000,38300,2.44,2,42003562000,2022
27756587,BP-2022-03928,BUILDING,"INTERIOR ALTERATIONS TO 1ST, 2ND AND 3RD FLOOR INCLUDING FIRST INTERIOR FIT-OUT OF 2ND FLOOR OFFICE AND MODIFICATIONS TO ROOF FOR NEW EQUPIMENT",NEW CONSTRUCTION,1800000.0,2022-08-11,0009G00160000000,"131 15TH ST, Pittsburgh, PA 15222-",40.4493658629,-79.9892654826,1.0,Strip District,2.0,15222.0,42003020300,42003020300,42003020300,38300,4.0,4,42003020300,2022
27756670,BP-2022-04393,BUILDING,CORE AND SHELL ENCLOSURE TO CREATE SPACE FOR FUTURE USE INCLUDING SIDEWALK AND CURB AT FIRST FLOOR OF A 4-STORY STRUCTURE,NEW CONSTRUCTION,226688.0,2022-07-15,0084B00173000C00,"5818 PENN AVE, Pittsburgh, PA 15206-",40.4621549752,-79.9275565313,9.0,East Liberty,8.0,15206.0,42003111500,42003111500,42003111500,38300,3.87,4,42003111500,2022
27756739,BP-2022-04877,BUILDING,"REPLACING EXPIRED PERMIT 14-B-01227 (CORE AND SHELL) AS WELL AS THE FIT-OUT OF BUILDING WITH MERCANTILE ON 1ST FLR & APARTMENTS ON FLRS 2-3, INCLUDES THE COMPLETION OF THE BUILDING SHELL",NEW CONSTRUCTION,465000.0,2022-06-15,0049N00004000000,"3529 BUTLER ST, Pittsburgh, 15201-",40.4648548899,-79.966016625,7.0,Lower Lawrenceville,6.0,15201.0,42003060300,42003060300,42003060300,38300,3.37,4,42003060300,2022
27756750,BP-2022-04929,BUILDING,NEW CONSTRUCTION OF TWO-STORY SINGLE FAMILY DWELLING  WITH TWO CAR INTEGRAL GARAGE AT FRONT AND FIRST FLOOR DECK AT REAR,NEW CONSTRUCTION,175000.0,2022-06-01,0006R00123000000,"475 WYOLA ST, Pittsburgh, PA 15211-",40.4341865501,-80.0235786583,2.0,Duquesne Heights,19.0,15211.0,42003191100,42003191100,42003191100,38300,3.42,4,42003191100,2022
27756782,BP-2022-05097,BUILDING,"CONSTRUCT 2-STORY HOUSE WITH BASEMENT, SIDE PORCH & REAR DECKS",NEW CONSTRUCTION,100000.0,2023-07-12,0019F00056000000,"800 HERSCHEL ST, Pittsburgh, PA 15220-",40.4403859065,-80.0428134875,2.0,Elliott,20.0,15220.0,42003562600,42003562600,42003562600,38300,3.43,4,42003562600,2023
27756805,BP-2022-05216,BUILDING,"New Construction to fit out an assembly space (restaurant and mini golf) in two floors of the structure. in addition to interior fit out, work includes new exterior doors.",NEW CONSTRUCTION,1500000.0,2022-07-28,0009G00170000000,"1447 SMALLMAN ST, Pittsburgh, PA 15222-",40.4486022823,-79.9903585214,1.0,Strip District,2.0,15222.0,42003020300,42003020300,42003020300,38300,4.0,4,42003020300,2022
27756811,BP-2022-05262,BUILDING,CONSTRUCTION OF NEW SINGLE FAMILY ATTACHED DWELLING WITH BALCONY GARAGE AND ROOFTOP DECK.,NEW CONSTRUCTION,175500.0,2022-07-26,0012F00260000000,"2135 WHARTON ST, Pittsburgh, PA 15203-",40.4303995657,-79.9746456155,3.0,South Side Flats,16.0,15203.0,42003160900,42003160900,42003160900,38300,4.0,4,42003160900,2022
27756822,BP-2022-05312,BUILDING,CONSTRUCTION OF NEW SINGLE FAMILY ATTACHED DWELLING WITH BALCONY GARAGE AND ROOFTOP DECK.,NEW CONSTRUCTION,175500.0,2022-07-26,0012F00250000000,"2132 MERRIMAN Way, Pittsburgh, PA 15203-",40.4305683074,-79.9747073957,3.0,South Side Flats,16.0,15203.0,42003160900,42003160900,42003160900,38300,4.0,4,42003160900,2022
27756823,BP-2022-05314,BUILDING,CONSTRUCTION OF NEW SINGLE FAMILY ATTACHED DWELLING WITH BALCONY GARAGE AND ROOFTOP DECK.,NEW CONSTRUCTION,175500.0,2022-07-26,0012F00259000000,"2133 WHARTON ST, Pittsburgh, PA 15203-",40.4304038427,-79.974722612,3.0,South Side Flats,16.0,15203.0,42003160900,42003160900,42003160900,38300,4.0,4,42003160900,2022
27756824,BP-2022-05316,BUILDING,CONSTRUCTION OF NEW 3-STORY SINGLE FAMILY ATTACHED DWELLING WITH BALCONY GARAGE AND ROOFTOP DECK,NEW CONSTRUCTION,175500.0,2022-07-26,0012F00251000000,"2134 MERRIMAN Way, Pittsburgh, PA 15203-",40.4305640113,-79.9746304496,3.0,South Side Flats,16.0,15203.0,42003160900,42003160900,42003160900,38300,4.0,4,42003160900,2022
27756827,BP-2022-05319,BUILDING,CONSTRUCTION OF NEW 3-STORY SINGLE FAMILY ATTACHED DWELLING WITH BALCONY GARAGE AND ROOFTOP DECK,NEW CONSTRUCTION,175500.0,2022-07-26,0012F00258000000,"2131 WHARTON ST, Pittsburgh, PA 15203-",40.4304079251,-79.9747996016,3.0,South Side Flats,16.0,15203.0,42003160900,42003160900,42003160900,38300,4.0,4,42003160900,2022
27756828,BP-2022-05321,BUILDING,CONSTRUCTION OF NEW SINGLE FAMILY ATTACHED DWELLING WITH BALCONY GARAGE AND ROOFTOP DECK.,NEW CONSTRUCTION,175500.0,2022-07-26,0012F00249000000,"2130 MERRIMAN Way, Pittsburgh, PA 15203-",40.4305723244,-79.9747843234,3.0,South Side Flats,16.0,15203.0,42003160900,42003160900,42003160900,38300,4.0,4,42003160900,2022
27756863,BP-2022-05489,BUILDING,"NEW PARK INCLUDING CONSTRUCTION OF PAVILLIONS, ARBORS, AND SEATING",NEW CONSTRUCTION,356000.0,2022-06-28,0088M00200000000,"1614 PARKVIEW BLVD, Pittsburgh, PA 15217-",40.4170787472,-79.9188369644,5.0,Squirrel Hill South,15.0,15217.0,42003141400,42003141400,42003141400,38300,2.0,2,42003141400,2022
27756879,BP-2022-05584,BUILDING,CONCTRUCTION OF NEW BUILDING FOR CHEMICAL STORAGE,NEW CONSTRUCTION,1508090.0,2023-05-18,0075K00060000000,"3300 PREBLE AVE #420, Pittsburgh, PA 15233-",40.4748309616,-80.0430510996,2.0,Marshall-Shadeland,27.0,15233.0,42003980900,42003980900,42003980900,38300,3.93,4,42003980900,2023
27756918,BP-2022-05871,BUILDING,"CONSTRUCTION OF NEW PARK SHELTER WITH INTEGRAL FAMILY RESTROOM, PATHS, PLAY EQUIPMENT, AND SPRAY PARK",NEW CONSTRUCTION,367600.0,2023-01-06,0049K00061000000,"254 40TH ST, Pittsburgh, PA 15201-",40.466660821,-79.9611658858,7.0,Lower Lawrenceville,6.0,15201.0,42003060300,42003060300,42003060300,38300,3.37,4,42003060300,2023
27756937,BP-2022-06015,BUILDING,CONSTRUCTION OF NEW ACCESSORY PLAYGROUND AND REPLACEMENT OF SURROUNDING PLAYGROUND SURFACE,NEW CONSTRUCTION,79711.0,2022-07-07,0083H00189000000,"6200 STANTON AVE, Pittsburgh, PA 15206-",40.4682507936,-79.9173673157,7.0,East Liberty,11.0,15206.0,42003111300,42003111300,42003111300,38300,2.51,3,42003111300,2022
27757012,BP-2022-06370,BUILDING,"CONSTRUCT A 1-STORY BANK WITH SURFACE PARKING & DUMPSTER ENCLOSURE
ONE STORY STRUCTURE 3,075 SQ FT AS CHASE BANK, DUMPSTER WITH 6' TALL ENCLOSURE, 11 STALL SURFACE PARKING LOT (10 STANDARD AND 1 ACCESSIBLE), AND ONE LOADING SPACE AT REAR & ENTRANCE CANOPY.",NEW CONSTRUCTION,1600000.0,2022-11-01,0084C00046000000,"6100 PENN AVE, Pittsburgh, 15206-",40.4605922849,-79.9238505444,9.0,East Liberty,8.0,15206.0,42003111500,42003111500,42003111500,38300,3.87,4,42003111500,2022
27757135,BP-2022-07002,BUILDING,NEW 4 STORY SINGLE FAMILY DWELLING WITH A INTEGRAL GARAGE & DECK ON SIDE & REAR OFF OF FIRST FLOOR & ROOFTOP DECK.,NEW CONSTRUCTION,239574.0,2023-05-26,0050N00270000000,"202 PEARL ST, Pittsburgh, PA 15224-",40.463482864,-79.94911778,7.0,Bloomfield,9.0,15224.0,42003090300,42003090300,42003090300,38300,3.0,3,42003090300,2023
27757136,BP-2022-07003,BUILDING,NEW 4 STORY SINGLE FAMILY DWELLING WITH A INTEGRAL GARAGE & DECK AT REAR OFF OF FIRST FLOOR & ROOFTOP DECK.,NEW CONSTRUCTION,239574.0,2023-05-26,0050N00272000000,"204 PEARL ST, Pittsburgh, PA 15224-",40.4634147375,-79.9491820242,7.0,Bloomfield,9.0,15224.0,42003090300,42003090300,42003090300,38300,3.0,3,42003090300,2023
27757137,BP-2022-07005,BUILDING,NEW 4 STORY SINGLE FAMILY DWELLING WITH A INTEGRAL GARAGE & DECK AT REAR OFF OF FIRST FLOOR & ROOFTOP DECK.,NEW CONSTRUCTION,239574.0,2023-05-26,0050N00274000000,"206 PEARL ST, Pittsburgh, PA 15224-",40.4633696546,-79.9492244621,7.0,Bloomfield,9.0,15224.0,42003090300,42003090300,42003090300,38300,3.0,3,42003090300,2023
27757138,BP-2022-07006,BUILDING,NEW 4 STORY SINGLE FAMILY DWELLING WITH A INTEGRAL GARAGE & DECK AT REAR OFF OF FIRST FLOOR & ROOFTOP DECK.,NEW CONSTRUCTION,239574.0,2023-05-26,0050N00276000000,"208 PEARL ST, Pittsburgh, PA 15224-",40.4633244597,-79.9492671592,7.0,Bloomfield,9.0,15224.0,42003090300,42003090300,42003090300,38300,3.0,3,42003090300,2023
27757139,BP-2022-07007,BUILDING,NEW 4 STORY SINGLE FAMILY DWELLING WITH A INTEGRAL GARAGE & DECK ON SIDE & REAR OFF OF FIRST FLOOR & ROOFTOP DECK.,NEW CONSTRUCTION,239574.0,2023-05-26,0050N00278000000,"210 PEARL ST, Pittsburgh, PA 15224-",40.4632755987,-79.9493131384,7.0,Bloomfield,9.0,15224.0,42003090300,42003090300,42003090300,38300,3.0,3,42003090300,2023
27757153,BP-2022-07061,BUILDING,NEW AUTOMATED CAR WASH WITH ASSOCIATED OFFICE AND TOILET ROOM,NEW CONSTRUCTION,475000.0,2022-10-25,0051N00133000000,"4828 BAUM BLVD, Pittsburgh, PA 15213-",40.4541811589,-79.9470039009,7.0,Bloomfield,8.0,15213.0,42003080400,42003080400,42003080400,38300,2.98,3,42003080400,2022
27757182,BP-2022-07248,BUILDING,SHELL ENCLOSURE TO CREATE SPACE FOR FUTURE USE INCLUDING ACCESSIBLE RAMP AND SIDEWALK CONSTRUCTION AT FIRST FLOOR OF A 4-STORY STRUCTURE,NEW CONSTRUCTION,197120.0,2022-07-15,0084B00173000A00,"5836 PENN AVE, Pittsburgh, PA 15206-",40.461964021,-79.9272171325,9.0,East Liberty,8.0,15206.0,42003111500,42003111500,42003111500,38300,3.87,4,42003111500,2022
27757185,BP-2022-07255,BUILDING,CORE AND SHELL ENCLOSURE TO CREATE SPACE FOR FUTURE USE INCLUDING SIDEWALK CONSTRUCTION AT FIRST FLOOR OF A 4-STORY STRUCTURE,NEW CONSTRUCTION,223916.0,2022-07-15,0084B00173000000,"5836 PENN AVE, Pittsburgh, PA 15206-",40.4620321579,-79.9275121138,9.0,East Liberty,8.0,15206.0,42003111500,42003111500,42003111500,38300,3.87,4,42003111500,2022
27757186,BP-2022-07257,BUILDING,CORE AND SHELL ENCLOSURE TO CREATE SPACE FOR FUTURE USE INCLUDING SIDEWALK CONSTRUCTION AT FIRST FLOOR OF A 4-STORY STRUCTURE,NEW CONSTRUCTION,92400.0,2022-07-15,0084B00173000000,"5836 PENN AVE, Pittsburgh, PA 15206-",40.4620321579,-79.9275121138,9.0,East Liberty,8.0,15206.0,42003111500,42003111500,42003111500,38300,3.87,4,42003111500,2022
27757187,BP-2022-07262,BUILDING,CORE AND SHELL ENCLOSURE TO CREATE SPACE FOR FUTURE USE INCLUDING SIDEWALK CONSTRUCTION AT FIRST FLOOR OF A 4-STORY STRUCTURE,NEW CONSTRUCTION,108416.0,2022-07-15,0084B00173000000,"5836 PENN AVE, Pittsburgh, PA 15206-",40.4620321579,-79.9275121138,9.0,East Liberty,8.0,15206.0,42003111500,42003111500,42003111500,38300,3.87,4,42003111500,2022
27757201,BP-2022-07328,BUILDING,PHASED CONSTRUCTION BUILD OUT INTERIOR FOR 3 STORY SINGLE FAMILY DWELLING.,NEW CONSTRUCTION,645000.0,2022-06-07,0006M00008000000,"1204 GRANDVIEW AVE, Pittsburgh, PA 15211-",40.4380203797,-80.0182329518,2.0,Mount Washington,19.0,15219.0,42003190300,42003190300,42003190300,38300,3.14,3,42003190300,2022
27757204,BP-2022-07337,BUILDING,"NEW THREE STORY SINGLE-FAMILY (DETACHED) DWELLING WITH TWO CAR INTEGRAL GARAGE IN FRONT, AND 6' TALL PRIVACY FENCE ON SOUTHERLY SIDE, 24' X 12'-4"" ROOFTOP DECK ON FOURTH FLOOR, AND 4' X 12'.3"" BALCONY ON SECOND FLOOR.",NEW CONSTRUCTION,200000.0,2025-11-21,0080N00115000000,"108 43RD HALF ST, Pittsburgh, PA 15201-",40.4730665225,-79.9629091703,7.0,Central Lawrenceville,9.0,15201.0,42003090100,42003090100,42003090100,38300,4.0,4,42003090100,2025
27757208,BP-2022-07376,BUILDING,CONSTRUCT A NEW PAVILLION WITH CONCRETE PAD AND WALK,NEW CONSTRUCTION,40000.0,2022-09-02,0083E00054000000,"5529 BLACK ST, Pittsburgh, PA 15206-",40.4695591469,-79.928855227,9.0,East Liberty,11.0,15206.0,42003111300,42003111300,42003111300,38300,2.51,3,42003111300,2022
27757244,BP-2022-07587,BUILDING,Construct a new attached 2 stories single family dwelling with a front porch and a rear deck,NEW CONSTRUCTION,407196.0,2023-07-28,0056F00331000000,"4824 CHATSWORTH AVE, Pittsburgh, PA 15207-",40.4108008258,-79.9436836274,5.0,Hazelwood,15.0,15207.0,42003562300,42003562300,42003562300,38300,3.44,4,42003562300,2023
27757245,BP-2022-07588,BUILDING,Construct a new attached 2 stories single family dwelling with a front porch and a rear deck,NEW CONSTRUCTION,407196.0,2023-07-28,0056F00330000000,"4826 CHATSWORTH AVE, Pittsburgh, PA 15207-",40.4107375589,-79.9436498786,5.0,Hazelwood,15.0,15207.0,42003562300,42003562300,42003562300,38300,3.44,4,42003562300,2023
27757290,BP-2022-07874,BUILDING,New construction of an 11-story (9 above-2 below grade) residential highrise. The structure is to be constructed of concrete foundation walls and structural slabs from the sub-cellar (Lowest Parking) to the top of Level 1 and steel framed (Heavy and Light gauge) with precast concrete plank from floors 2 to 9 with interior masonry shaft walls and load-bearing components.,NEW CONSTRUCTION,35000000.0,2022-10-21,0051M00020000000,"5546 BAUM BLVD, Pittsburgh, PA 15232-",40.4575610002,-79.9356130256,7.0,Friendship,8.0,15232.0,42003080700,42003080700,42003080700,38300,3.01,3,42003080700,2022
27757354,BP-2022-08200,BUILDING,CONSTRUCTION OF A 1-STORY TOWNHOUSE WITH A SLAB-ON-GRADE FLOOR & PRE-ENGINEERED TRUSSED ROOF,NEW CONSTRUCTION,182759.0,2022-12-14,0070E00185000000,"104 CEDARWOOD PL, Pittsburgh, PA 15205-",40.4498994083,-80.0794308566,2.0,Fairywood,28.0,15205.0,42003563000,42003563000,42003563000,38300,2.29,2,42003563000,2022
27757357,BP-2022-08214,BUILDING,CONSTRUCTION OF A 1-STORY TOWNHOUSE WITH A SLAB-ON-GRADE FLOOR & PRE-ENGINEERED TRUSSED ROOF,NEW CONSTRUCTION,182759.0,2022-12-14,0070E00185000000,"104 CEDARWOOD PL, Pittsburgh, PA 15205-",40.4498994083,-80.0794308566,2.0,Fairywood,28.0,15205.0,42003563000,42003563000,42003563000,38300,2.29,2,42003563000,2022
27757358,BP-2022-08215,BUILDING,CONSTRUCTION OF A 1-STORY TOWNHOUSE WITH A SLAB-ON-GRADE FLOOR & PRE-ENGINEERED TRUSSED ROOF,NEW CONSTRUCTION,182759.0,2022-12-14,0070E00185000000,"104 CEDARWOOD PL, Pittsburgh, PA 15205-",40.4498994083,-80.0794308566,2.0,Fairywood,28.0,15205.0,42003563000,42003563000,42003563000,38300,2.29,2,42003563000,2022
27757359,BP-2022-08216,BUILDING,CONSTRUCTION OF A 1-STORY TOWNHOUSE WITH A SLAB-ON-GRADE FLOOR & PRE-ENGINEERED TRUSSED ROOF,NEW CONSTRUCTION,182759.0,2022-12-14,0070E00185000000,"104 CEDARWOOD PL, Pittsburgh, PA 15205-",40.4498994083,-80.0794308566,2.0,Fairywood,28.0,15205.0,42003563000,42003563000,42003563000,38300,2.29,2,42003563000,2022
27757360,BP-2022-08217,BUILDING,CONSTRUCTION OF A 1-STORY TOWNHOUSE WITH A SLAB-ON-GRADE FLOOR & PRE-ENGINEERED TRUSSED ROOF,NEW CONSTRUCTION,182759.0,2022-12-14,0070E00185000000,"104 CEDARWOOD PL, Pittsburgh, PA 15205-",40.4498994083,-80.0794308566,2.0,Fairywood,28.0,15205.0,42003563000,42003563000,42003563000,38300,2.29,2,42003563000,2022
27757361,BP-2022-08218,BUILDING,CONSTRUCTION OF A 1-STORY TOWNHOUSE WITH A SLAB-ON-GRADE FLOOR & PRE-ENGINEERED TRUSSED ROOF,NEW CONSTRUCTION,182759.0,2022-12-14,0070E00185000000,"104 CEDARWOOD PL, Pittsburgh, PA 15205-",40.4498994083,-80.0794308566,2.0,Fairywood,28.0,15205.0,42003563000,42003563000,42003563000,38300,2.29,2,42003563000,2022
27757362,BP-2022-08219,BUILDING,CONSTRUCTION OF A 1-STORY TOWNHOUSE WITH A SLAB-ON-GRADE FLOOR & PRE-ENGINEERED TRUSSED ROOF,NEW CONSTRUCTION,182759.0,2022-12-14,0070E00185000000,"104 CEDARWOOD PL, Pittsburgh, PA 15205-",40.4498994083,-80.0794308566,2.0,Fairywood,28.0,15205.0,42003563000,42003563000,42003563000,38300,2.29,2,42003563000,2022
27757363,BP-2022-08220,BUILDING,CONSTRUCTION OF A 1-STORY TOWNHOUSE WITH A SLAB-ON-GRADE FLOOR & PRE-ENGINEERED TRUSSED ROOF,NEW CONSTRUCTION,182759.0,2022-12-14,0070E00185000000,"104 CEDARWOOD PL, Pittsburgh, PA 15205-",40.4498994083,-80.0794308566,2.0,Fairywood,28.0,15205.0,42003563000,42003563000,42003563000,38300,2.29,2,42003563000,2022
27757364,BP-2022-08221,BUILDING,CONSTRUCTION OF A 1-STORY TOWNHOUSE WITH A SLAB-ON-GRADE FLOOR & PRE-ENGINEERED TRUSSED ROOF,NEW CONSTRUCTION,182759.0,2022-12-14,0070E00185000000,"104 CEDARWOOD PL, Pittsburgh, PA 15205-",40.4498994083,-80.0794308566,2.0,Fairywood,28.0,15205.0,42003563000,42003563000,42003563000,38300,2.29,2,42003563000,2022
27757365,BP-2022-08222,BUILDING,CONSTRUCTION OF A 1-STORY TWO-FAMILY DWELLING STRUCTURE WITH A SLAB-ON-GRADE FLOOR & PRE-ENGINEERED TRUSSED ROOF,NEW CONSTRUCTION,182758.0,2022-12-14,0070E00185000000,"104 CEDARWOOD PL, Pittsburgh, PA 15205-",40.4498994083,-80.0794308566,2.0,Fairywood,28.0,15205.0,42003563000,42003563000,42003563000,38300,2.29,2,42003563000,2022
27757366,BP-2022-08223,BUILDING,CONSTRUCTION OF A 1-STORY TOWNHOUSE WITH A SLAB-ON-GRADE FLOOR & PRE-ENGINEERED TRUSSED ROOF,NEW CONSTRUCTION,182759.0,2022-12-14,0070E00185000000,"104 CEDARWOOD PL, Pittsburgh, PA 15205-",40.4498994083,-80.0794308566,2.0,Fairywood,28.0,15205.0,42003563000,42003563000,42003563000,38300,2.29,2,42003563000,2022
27757367,BP-2022-08224,BUILDING,CONSTRUCTION OF A 1-STORY TOWNHOUSE WITH A SLAB-ON-GRADE FLOOR & PRE-ENGINEERED TRUSSED ROOF,NEW CONSTRUCTION,182759.0,2022-12-14,0070E00185000000,"104 CEDARWOOD PL, Pittsburgh, PA 15205-",40.4498994083,-80.0794308566,2.0,Fairywood,28.0,15205.0,42003563000,42003563000,42003563000,38300,2.29,2,42003563000,2022
27757368,BP-2022-08225,BUILDING,"CONSTRUCTION OF A NEW, SINGLE-STORY, WOOD-FRAMED TOWNHOUSE COMMUNITY CENTER STRUCTURE WITH A SLAB-ON-GRADE FLOOR AND MASONRY FROST WALLS. ROOF TO BE FRAMED WITH PRE-ENGINEERED WOOD ROOF TRUSSES.",NEW CONSTRUCTION,662901.0,2022-12-14,0070E00375000000,"1862 BROADHEAD FORDING RD, Pittsburgh, PA 15205-",40.4498763913,-80.0809420052,2.0,Fairywood,28.0,15205.0,42003563000,42003563000,42003563000,38300,2.29,2,42003563000,2022
27757395,BP-2022-08439,BUILDING,"CONSTRUCT 19,294 SQ FT 1-STORY WITH MEZZANINE STRUCTURE AND SITE WORK INCLUDING PARKING LOT",NEW CONSTRUCTION,3500000.0,2023-01-31,0124K00077000000,"624 LARIMER AVE, Pittsburgh, PA 15206-",40.4661519408,-79.9114649997,9.0,Larimer,12.0,15206.0,42003120900,42003120900,42003120900,38300,3.84,4,42003120900,2023
27757445,BP-2022-08784,BUILDING,INTERIOR ALTERATIONS TO 2ND FLOOR OF EXISTING 4-STORY STRUCTURE FOR TEMPORARY USE OF KITCHEN AND BREAK AREA INCLUDING CONSTRUCTION OF TEMPORARY WALLS,NEW CONSTRUCTION,200000.0,2022-08-03,0009G00160000000,"131 15TH ST, Pittsburgh, PA 15222-",40.4493658629,-79.9892654826,1.0,Strip District,2.0,15222.0,42003020300,42003020300,42003020300,38300,4.0,4,42003020300,2022
27757460,BP-2022-08898,BUILDING,CONSTRUCTION OF NEW TWO-STORY SINGLE-FAMILY DWELLING WITH TWO CAR INTEGRAL GARAGE IN BASEMENT AND ROOFTOP DECK,NEW CONSTRUCTION,250000.0,2023-11-13,0011D00091000000,"2535 ALLEQUIPPA ST, Pittsburgh, PA 15213-",40.4421159036,-79.9670858738,6.0,West Oakland,5.0,15213.0,42003040200,42003040200,42003040200,38300,3.99,4,42003040200,2023
27757636,BP-2022-09498,BUILDING,CONSTRUCTION OF A 1-STORY TOWNHOUSE WITH A SLAB-ON-GRADE FLOOR & PRE-ENGINEERED TRUSSED ROOF,NEW CONSTRUCTION,182759.0,2022-12-14,0070E00185000000,"104 CEDARWOOD PL, Pittsburgh, PA 15205-",40.4498994083,-80.0794308566,2.0,Fairywood,28.0,15205.0,42003563000,42003563000,42003563000,38300,2.29,2,42003563000,2022
27757637,BP-2022-09499,BUILDING,CONSTRUCTION OF A 1-STORY TOWNHOUSE WITH A SLAB-ON-GRADE FLOOR & PRE-ENGINEERED TRUSSED ROOF,NEW CONSTRUCTION,182759.0,2022-12-14,0070E00185000000,"104 CEDARWOOD PL, Pittsburgh, PA 15205-",40.4498994083,-80.0794308566,2.0,Fairywood,28.0,15205.0,42003563000,42003563000,42003563000,38300,2.29,2,42003563000,2022
27757638,BP-2022-09500,BUILDING,CONSTRUCTION OF A 1-STORY TOWNHOUSE WITH A SLAB-ON-GRADE FLOOR & PRE-ENGINEERED TRUSSED ROOF,NEW CONSTRUCTION,182759.0,2022-12-14,0070E00185000000,"104 CEDARWOOD PL, Pittsburgh, PA 15205-",40.4498994083,-80.0794308566,2.0,Fairywood,28.0,15205.0,42003563000,42003563000,42003563000,38300,2.29,2,42003563000,2022
27757639,BP-2022-09501,BUILDING,CONSTRUCTION OF A 1-STORY TOWNHOUSE WITH A SLAB-ON-GRADE FLOOR & PRE-ENGINEERED TRUSSED ROOF,NEW CONSTRUCTION,182759.0,2022-12-14,0070E00185000000,"104 CEDARWOOD PL, Pittsburgh, PA 15205-",40.4498994083,-80.0794308566,2.0,Fairywood,28.0,15205.0,42003563000,42003563000,42003563000,38300,2.29,2,42003563000,2022
27757640,BP-2022-09502,BUILDING,CONSTRUCTION OF A 1-STORY TOWNHOUSE WITH A SLAB-ON-GRADE FLOOR & PRE-ENGINEERED TRUSSED ROOF,NEW CONSTRUCTION,182759.0,2022-12-14,0070E00185000000,"104 CEDARWOOD PL, Pittsburgh, PA 15205-",40.4498994083,-80.0794308566,2.0,Fairywood,28.0,15205.0,42003563000,42003563000,42003563000,38300,2.29,2,42003563000,2022
27757641,BP-2022-09503,BUILDING,CONSTRUCTION OF A 1-STORY TOWNHOUSE WITH A SLAB-ON-GRADE FLOOR & PRE-ENGINEERED TRUSSED ROOF,NEW CONSTRUCTION,182759.0,2022-12-14,0070E00185000000,"104 CEDARWOOD PL, Pittsburgh, PA 15205-",40.4498994083,-80.0794308566,2.0,Fairywood,28.0,15205.0,42003563000,42003563000,42003563000,38300,2.29,2,42003563000,2022
27757642,BP-2022-09504,BUILDING,CONSTRUCTION OF A 1-STORY TOWNHOUSE WITH A SLAB-ON-GRADE FLOOR & PRE-ENGINEERED TRUSSED ROOF,NEW CONSTRUCTION,182759.0,2022-12-14,0070E00185000000,"104 CEDARWOOD PL, Pittsburgh, PA 15205-",40.4498994083,-80.0794308566,2.0,Fairywood,28.0,15205.0,42003563000,42003563000,42003563000,38300,2.29,2,42003563000,2022
27757643,BP-2022-09505,BUILDING,CONSTRUCTION OF A 1-STORY TOWNHOUSE WITH A SLAB-ON-GRADE FLOOR & PRE-ENGINEERED TRUSSED ROOF,NEW CONSTRUCTION,182759.0,2022-12-14,0070E00185000000,"104 CEDARWOOD PL, Pittsburgh, PA 15205-",40.4498994083,-80.0794308566,2.0,Fairywood,28.0,15205.0,42003563000,42003563000,42003563000,38300,2.29,2,42003563000,2022
27757644,BP-2022-09506,BUILDING,CONSTRUCTION OF A 1-STORY TOWNHOUSE WITH A SLAB-ON-GRADE FLOOR & PRE-ENGINEERED TRUSSED ROOF,NEW CONSTRUCTION,182759.0,2022-12-14,0070E00185000000,"104 CEDARWOOD PL, Pittsburgh, PA 15205-",40.4498994083,-80.0794308566,2.0,Fairywood,28.0,15205.0,42003563000,42003563000,42003563000,38300,2.29,2,42003563000,2022
27757645,BP-2022-09507,BUILDING,CONSTRUCTION OF A 1-STORY TOWNHOUSE WITH A SLAB-ON-GRADE FLOOR & PRE-ENGINEERED TRUSSED ROOF,NEW CONSTRUCTION,182759.0,2022-12-14,0070E00185000000,"104 CEDARWOOD PL, Pittsburgh, PA 15205-",40.4498994083,-80.0794308566,2.0,Fairywood,28.0,15205.0,42003563000,42003563000,42003563000,38300,2.29,2,42003563000,2022
27757646,BP-2022-09508,BUILDING,CONSTRUCTION OF A 1-STORY TOWNHOUSE WITH A SLAB-ON-GRADE FLOOR & PRE-ENGINEERED TRUSSED ROOF,NEW CONSTRUCTION,182759.0,2022-12-14,0070E00185000000,"104 CEDARWOOD PL, Pittsburgh, PA 15205-",40.4498994083,-80.0794308566,2.0,Fairywood,28.0,15205.0,42003563000,42003563000,42003563000,38300,2.29,2,42003563000,2022
27757647,BP-2022-09509,BUILDING,CONSTRUCTION OF A 1-STORY TOWNHOUSE WITH A SLAB-ON-GRADE FLOOR & PRE-ENGINEERED TRUSSED ROOF,NEW CONSTRUCTION,182759.0,2022-12-14,0070E00185000000,"104 CEDARWOOD PL, Pittsburgh, PA 15205-",40.4498994083,-80.0794308566,2.0,Fairywood,28.0,15205.0,42003563000,42003563000,42003563000,38300,2.29,2,42003563000,2022
27757650,BP-2022-09529,BUILDING,CONSTRUCTION OF A 1-STORY TOWNHOUSE WITH A SLAB-ON-GRADE FLOOR & PRE-ENGINEERED TRUSSED ROOF,NEW CONSTRUCTION,182759.0,2022-12-14,0070E00185000000,"104 CEDARWOOD PL, Pittsburgh, PA 15205-",40.4498994083,-80.0794308566,2.0,Fairywood,28.0,15205.0,42003563000,42003563000,42003563000,38300,2.29,2,42003563000,2022
27757651,BP-2022-09530,BUILDING,CONSTRUCTION OF A 1-STORY TOWNHOUSE WITH A SLAB-ON-GRADE FLOOR & PRE-ENGINEERED TRUSSED ROOF,NEW CONSTRUCTION,182759.0,2022-12-14,0070E00185000000,"104 CEDARWOOD PL, Pittsburgh, PA 15205-",40.4498994083,-80.0794308566,2.0,Fairywood,28.0,15205.0,42003563000,42003563000,42003563000,38300,2.29,2,42003563000,2022
27757653,BP-2022-09532,BUILDING,CONSTRUCTION OF A 1-STORY TOWNHOUSE WITH A SLAB-ON-GRADE FLOOR & PRE-ENGINEERED TRUSSED ROOF,NEW CONSTRUCTION,182759.0,2022-12-14,0070E00185000000,"104 CEDARWOOD PL, Pittsburgh, PA 15205-",40.4498994083,-80.0794308566,2.0,Fairywood,28.0,15205.0,42003563000,42003563000,42003563000,38300,2.29,2,42003563000,2022
27757654,BP-2022-09533,BUILDING,CONSTRUCTION OF A 1-STORY TOWNHOUSE WITH A SLAB-ON-GRADE FLOOR & PRE-ENGINEERED TRUSSED ROOF,NEW CONSTRUCTION,182759.0,2022-12-14,0070E00185000000,"104 CEDARWOOD PL, Pittsburgh, PA 15205-",40.4498994083,-80.0794308566,2.0,Fairywood,28.0,15205.0,42003563000,42003563000,42003563000,38300,2.29,2,42003563000,2022
27757655,BP-2022-09535,BUILDING,CONSTRUCTION OF A 1-STORY TOWNHOUSE WITH A SLAB-ON-GRADE FLOOR & PRE-ENGINEERED TRUSSED ROOF,NEW CONSTRUCTION,182759.0,2022-12-14,0070E00185000000,"104 CEDARWOOD PL, Pittsburgh, PA 15205-",40.4498994083,-80.0794308566,2.0,Fairywood,28.0,15205.0,42003563000,42003563000,42003563000,38300,2.29,2,42003563000,2022
27757656,BP-2022-09536,BUILDING,CONSTRUCTION OF A 1-STORY TOWNHOUSE WITH A SLAB-ON-GRADE FLOOR & PRE-ENGINEERED TRUSSED ROOF,NEW CONSTRUCTION,182759.0,2022-12-14,0070E00185000000,"104 CEDARWOOD PL, Pittsburgh, PA 15205-",40.4498994083,-80.0794308566,2.0,Fairywood,28.0,15205.0,42003563000,42003563000,42003563000,38300,2.29,2,42003563000,2022
27757657,BP-2022-09537,BUILDING,CONSTRUCTION OF A 1-STORY TOWNHOUSE WITH A SLAB-ON-GRADE FLOOR & PRE-ENGINEERED TRUSSED ROOF,NEW CONSTRUCTION,182759.0,2022-12-14,0070E00185000000,"104 CEDARWOOD PL, Pittsburgh, PA 15205-",40.4498994083,-80.0794308566,2.0,Fairywood,28.0,15205.0,42003563000,42003563000,42003563000,38300,2.29,2,42003563000,2022
27757658,BP-2022-09538,BUILDING,CONSTRUCTION OF A 1-STORY TOWNHOUSE WITH A SLAB-ON-GRADE FLOOR & PRE-ENGINEERED TRUSSED ROOF,NEW CONSTRUCTION,182759.0,2022-12-14,0070E00185000000,"104 CEDARWOOD PL, Pittsburgh, PA 15205-",40.4498994083,-80.0794308566,2.0,Fairywood,28.0,15205.0,42003563000,42003563000,42003563000,38300,2.29,2,42003563000,2022
27757659,BP-2022-09539,BUILDING,CONSTRUCTION OF A 1-STORY TOWNHOUSE WITH A SLAB-ON-GRADE FLOOR & PRE-ENGINEERED TRUSSED ROOF,NEW CONSTRUCTION,182759.0,2022-12-14,0070E00185000000,"104 CEDARWOOD PL, Pittsburgh, PA 15205-",40.4498994083,-80.0794308566,2.0,Fairywood,28.0,15205.0,42003563000,42003563000,42003563000,38300,2.29,2,42003563000,2022
27757661,BP-2022-09541,BUILDING,CONSTRUCTION OF A 1-STORY TOWNHOUSE WITH A SLAB-ON-GRADE FLOOR & PRE-ENGINEERED TRUSSED ROOF,NEW CONSTRUCTION,182759.0,2022-12-14,0070E00185000000,"104 CEDARWOOD PL, Pittsburgh, PA 15205-",40.4498994083,-80.0794308566,2.0,Fairywood,28.0,15205.0,42003563000,42003563000,42003563000,38300,2.29,2,42003563000,2022
27757662,BP-2022-09542,BUILDING,CONSTRUCTION OF A 1-STORY TOWNHOUSE WITH A SLAB-ON-GRADE FLOOR & PRE-ENGINEERED TRUSSED ROOF,NEW CONSTRUCTION,182759.0,2022-12-14,0070E00185000000,"104 CEDARWOOD PL, Pittsburgh, PA 15205-",40.4498994083,-80.0794308566,2.0,Fairywood,28.0,15205.0,42003563000,42003563000,42003563000,38300,2.29,2,42003563000,2022
27757663,BP-2022-09543,BUILDING,CONSTRUCTION OF A 1-STORY TOWNHOUSE WITH A SLAB-ON-GRADE FLOOR & PRE-ENGINEERED TRUSSED ROOF,NEW CONSTRUCTION,182759.0,2022-12-14,0070E00185000000,"104 CEDARWOOD PL, Pittsburgh, PA 15205-",40.4498994083,-80.0794308566,2.0,Fairywood,28.0,15205.0,42003563000,42003563000,42003563000,38300,2.29,2,42003563000,2022
27757664,BP-2022-09545,BUILDING,CONSTRUCTION OF A 1-STORY TOWNHOUSE WITH A SLAB-ON-GRADE FLOOR & PRE-ENGINEERED TRUSSED ROOF,NEW CONSTRUCTION,182759.0,2022-12-08,0070E00185000000,"104 CEDARWOOD PL, Pittsburgh, PA 15205-",40.4498994083,-80.0794308566,2.0,Fairywood,28.0,15205.0,42003563000,42003563000,42003563000,38300,2.29,2,42003563000,2022
27757665,BP-2022-09546,BUILDING,CONSTRUCTION OF A 1-STORY TOWNHOUSE WITH A SLAB-ON-GRADE FLOOR & PRE-ENGINEERED TRUSSED ROOF,NEW CONSTRUCTION,182759.0,2022-12-14,0070E00185000000,"104 CEDARWOOD PL, Pittsburgh, PA 15205-",40.4498994083,-80.0794308566,2.0,Fairywood,28.0,15205.0,42003563000,42003563000,42003563000,38300,2.29,2,42003563000,2022
27757666,BP-2022-09547,BUILDING,CONSTRUCTION OF A 1-STORY TOWNHOUSE WITH A SLAB-ON-GRADE FLOOR & PRE-ENGINEERED TRUSSED ROOF,NEW CONSTRUCTION,182759.0,2022-12-14,0070E00185000000,"104 CEDARWOOD PL, Pittsburgh, PA 15205-",40.4498994083,-80.0794308566,2.0,Fairywood,28.0,15205.0,42003563000,42003563000,42003563000,38300,2.29,2,42003563000,2022
27757667,BP-2022-09548,BUILDING,CONSTRUCTION OF A 1-STORY ATTACHED SINGLE FAMILY DWELLING WITH A SLAB-ON-GRADE FLOOR & PRE-ENGINEERED TRUSSED ROOF,NEW CONSTRUCTION,182758.0,2022-12-14,0070E00185000000,"104 CEDARWOOD PL, Pittsburgh, PA 15205-",40.4498994083,-80.0794308566,2.0,Fairywood,28.0,15205.0,42003563000,42003563000,42003563000,38300,2.29,2,42003563000,2022
27757668,BP-2022-09549,BUILDING,CONSTRUCTION OF A 1-STORY TOWNHOUSE WITH A SLAB-ON-GRADE FLOOR & PRE-ENGINEERED TRUSSED ROOF,NEW CONSTRUCTION,182759.0,2022-12-14,0070E00185000000,"104 CEDARWOOD PL, Pittsburgh, PA 15205-",40.4498994083,-80.0794308566,2.0,Fairywood,28.0,15205.0,42003563000,42003563000,42003563000,38300,2.29,2,42003563000,2022
27757669,BP-2022-09550,BUILDING,CONSTRUCTION OF A 1-STORY TOWNHOUSE WITH A SLAB-ON-GRADE FLOOR & PRE-ENGINEERED TRUSSED ROOF,NEW CONSTRUCTION,182759.0,2022-12-14,0070E00185000000,"104 CEDARWOOD PL, Pittsburgh, PA 15205-",40.4498994083,-80.0794308566,2.0,Fairywood,28.0,15205.0,42003563000,42003563000,42003563000,38300,2.29,2,42003563000,2022
27757670,BP-2022-09551,BUILDING,CONSTRUCTION OF A 1-STORY TOWNHOUSE WITH A SLAB-ON-GRADE FLOOR & PRE-ENGINEERED TRUSSED ROOF,NEW CONSTRUCTION,182759.0,2022-12-14,0070E00185000000,"104 CEDARWOOD PL, Pittsburgh, PA 15205-",40.4498994083,-80.0794308566,2.0,Fairywood,28.0,15205.0,42003563000,42003563000,42003563000,38300,2.29,2,42003563000,2022
27757671,BP-2022-09552,BUILDING,CONSTRUCTION OF A 1-STORY TOWNHOUSE WITH A SLAB-ON-GRADE FLOOR & PRE-ENGINEERED TRUSSED ROOF,NEW CONSTRUCTION,182759.0,2022-12-14,0070E00185000000,"104 CEDARWOOD PL, Pittsburgh, PA 15205-",40.4498994083,-80.0794308566,2.0,Fairywood,28.0,15205.0,42003563000,42003563000,42003563000,38300,2.29,2,42003563000,2022
27757672,BP-2022-09553,BUILDING,CONSTRUCTION OF A 1-STORY TOWNHOUSE WITH A SLAB-ON-GRADE FLOOR & PRE-ENGINEERED TRUSSED ROOF,NEW CONSTRUCTION,182759.0,2022-12-14,0070E00185000000,"104 CEDARWOOD PL, Pittsburgh, PA 15205-",40.4498994083,-80.0794308566,2.0,Fairywood,28.0,15205.0,42003563000,42003563000,42003563000,38300,2.29,2,42003563000,2022
27757673,BP-2022-09554,BUILDING,CONSTRUCTION OF A 1-STORY TOWNHOUSE WITH A SLAB-ON-GRADE FLOOR & PRE-ENGINEERED TRUSSED ROOF,NEW CONSTRUCTION,182759.0,2022-12-14,0070E00185000000,"104 CEDARWOOD PL, Pittsburgh, PA 15205-",40.4498994083,-80.0794308566,2.0,Fairywood,28.0,15205.0,42003563000,42003563000,42003563000,38300,2.29,2,42003563000,2022
27757683,BP-2022-09576,BUILDING,"CONSTRUCTION OF NEW ONE STORY FULLY SPRINKLERED MEDIC BUILDING FOR OFFICE, STORAGE AND INTEGRAL GARAGE FOR EMS",NEW CONSTRUCTION,6600000.0,2024-02-12,0046K00214000000,"201 LAFAYETTE AVE, Pittsburgh, PA 15214-",40.4653584818,-80.009766984,6.0,Perry South,26.0,15214.0,42003261400,42003261400,42003261400,38300,2.5,3,42003261400,2024
27757701,BP-2022-09670,BUILDING,"INTERIOR FIT-OUT OF TENANT SPACE AT 1ST FLR, INCLUDING WALLS, CASEWORK AND FINISHES.",NEW CONSTRUCTION,367000.0,2023-12-19,0025J00051000000,"48 26TH ST, Pittsburgh, PA 15222-",40.4564875688,-79.9807995852,1.0,Strip District,2.0,15222.0,42003020300,42003020300,42003020300,38300,4.0,4,42003020300,2023
27757714,BP-2022-09765,BUILDING,NEW 3-STORY APARTMENT BUILDING,NEW CONSTRUCTION,1247000.0,2022-10-06,0023L00076000000,"1201 FEDERAL ST #204, Pittsburgh, PA 15212-",40.4559276701,-80.007112067,1.0,Central Northside,22.0,15212.0,42003565100,42003565100,42003565100,38300,3.98,4,42003565100,2022
27757725,BP-2022-09803,BUILDING,DECK AT REAR OF SINGLE FAMILY DWELLING.,NEW CONSTRUCTION,20000.0,2023-02-06,0004J00038000000,"496 GRACE ST, Pittsburgh, PA 15211-",40.4283459054,-80.0148695725,2.0,Mount Washington,19.0,15211.0,42003191400,42003191400,42003191400,38300,3.12,3,42003191400,2023
27757817,BP-2022-10293,BUILDING,"FIT-OUT OF 4,500 SF ON 2ND FLR IN 9-STORY BUILDING",NEW CONSTRUCTION,100000.0,2022-08-11,0083N00125000100,"141 S SAINT CLAIR ST #601, Pittsburgh, PA 15206-",40.4621581093,-79.9287894046,9.0,East Liberty,8.0,15206.0,42003111500,42003111500,42003111500,38300,3.87,4,42003111500,2022
27757843,BP-2022-10429,BUILDING,CONSTRUCT 2-STORY HOUSE WITH REAR DECK,NEW CONSTRUCTION,210000.0,2022-10-10,0125B00280000000,"546 LINCOLN AVE, Pittsburgh, PA 15206-",40.4612536812,-79.9082578545,9.0,Larimer,12.0,15206.0,42003120900,42003120900,42003120900,38300,3.84,4,42003120900,2022
27757844,BP-2022-10430,BUILDING,CONSTRUCT 2-STORY HOUSE WITH REAR DECK,NEW CONSTRUCTION,210000.0,2022-10-10,0125B00278000000,"542 LINCOLN AVE, Pittsburgh, PA 15206-",40.4612328319,-79.9083520616,9.0,Larimer,12.0,15206.0,42003120900,42003120900,42003120900,38300,3.84,4,42003120900,2022
27757927,BP-2022-10847,BUILDING,3 STORY ATTACHED SINGLE FAMILY DWELLING WITH DECK AT REAR OFF OF FIRST FLOOR.,NEW CONSTRUCTION,251533.0,2022-12-14,0009R00182000000,"1547 CLIFF ST, Pittsburgh, PA 15219-",40.445388572,-79.9879335135,6.0,Crawford-Roberts,3.0,15219.0,42003030500,42003030500,42003030500,38300,4.0,4,42003030500,2022
27757929,BP-2022-10854,BUILDING,CONSTRUCTION OF NEW 3 STORY ATTACHED SINGLE FAMILY DWELLING (UNIT 4) WITH DECK AT REAR OFF OF FIRST FLOOR.,NEW CONSTRUCTION,251533.0,2022-12-14,0009R00182000000,"1547 CLIFF ST, Pittsburgh, PA 15219-",40.445388572,-79.9879335135,6.0,Crawford-Roberts,3.0,15219.0,42003030500,42003030500,42003030500,38300,4.0,4,42003030500,2022
27757930,BP-2022-10856,BUILDING,3 STORY ATTACHED SINGLE FAMILY DWELLING WITH DECK AT REAR OFF OF FIRST FLOOR.,NEW CONSTRUCTION,251533.0,2022-12-14,0009R00182000000,"1547 CLIFF ST, Pittsburgh, PA 15219-",40.445388572,-79.9879335135,6.0,Crawford-Roberts,3.0,15219.0,42003030500,42003030500,42003030500,38300,4.0,4,42003030500,2022
27757931,BP-2022-10858,BUILDING,3 STORY ATTACHED SINGLE FAMILY DWELLING WITH DECK AT REAR OFF OF FIRST FLOOR.,NEW CONSTRUCTION,251533.0,2022-12-14,0009R00182000000,"1547 CLIFF ST, Pittsburgh, PA 15219-",40.445388572,-79.9879335135,6.0,Crawford-Roberts,3.0,15219.0,42003030500,42003030500,42003030500,38300,4.0,4,42003030500,2022
27757963,BP-2022-11044,BUILDING,CONSTRUCT A NEW TENANT FIT-OUT AS A COFFEE AND SNACK SHOP.,NEW CONSTRUCTION,500000.0,2022-09-28,0002M00310000000,"1622 LOCUST ST, Pittsburgh, PA 15219-",40.436106554,-79.9835922908,6.0,Bluff,1.0,15219.0,42003010302,42003010302,42003010302,38300,4.0,4,42003010302,2022
27757964,BP-2022-11051,BUILDING,FIRST TENANT FIT-OUT AS STORE,NEW CONSTRUCTION,200000.0,2022-09-28,0002M00310000000,"1622 LOCUST ST, Pittsburgh, PA 15219-",40.436106554,-79.9835922908,6.0,Bluff,1.0,15219.0,42003010302,42003010302,42003010302,38300,4.0,4,42003010302,2022
27757999,BP-2022-11364,BUILDING,NEW CONSTRUCTION OF A TWO FAMILY DWELLING,NEW CONSTRUCTION,333370.0,2022-09-14,0124N00014000000,"163 AUBURN ST, Pittsburgh, PA 15206-",40.4625415637,-79.9149359684,9.0,Larimer,12.0,15206.0,42003120900,42003120900,42003120900,38300,3.84,4,42003120900,2022
27758000,BP-2022-11365,BUILDING,NEW CONSTRUCTION OF A SINGLE FAMILY DWELLING,NEW CONSTRUCTION,306672.0,2022-09-16,0083M00187000000,"37 MAYFLOWER ST, Pittsburgh, PA 15206-",40.4651236861,-79.9165749057,9.0,Larimer,12.0,15206.0,42003120900,42003120900,42003120900,38300,3.84,4,42003120900,2022
27758018,BP-2022-11473,BUILDING,CONSTRUCT NEW PLAYGROUND AND 4 FOOT OPEN FENCE,NEW CONSTRUCTION,80087.0,2024-04-26,0175C00308000000,"331 HALE ST, Pittsburgh, PA 15208-",40.4516360906,-79.888140356,9.0,Homewood South,13.0,15221.0,42003130800,42003130800,42003130800,38300,3.56,4,42003130800,2024
27758026,BP-2022-11495,BUILDING,NEW SINGLE FAMILY DWELLING WITH DETACHED TWO CAR GARAGE AT REAR,NEW CONSTRUCTION,325000.0,2022-10-06,0008A00201000000,"823 WESTERN AVE, Pittsburgh, PA 15233-",40.4520146239,-80.0148955897,1.0,Allegheny West,22.0,15233.0,42003562700,42003562700,42003562700,38300,4.0,4,42003562700,2022
27758078,BP-2022-11855,BUILDING,"CONSTRUCTION OF SINGLE FAMILY DWELLING WITH INTEGRAL TWO CAR GARAGE AT FRONT, SECOND FLOOR DECK AT REAR AND THIRD LEVEL DECK",NEW CONSTRUCTION,310000.0,2023-02-09,0080H00005000000,"442 52ND ST, Pittsburgh, PA 15201-",40.4793140806,-79.9532098885,7.0,Upper Lawrenceville,10.0,15201.0,42003101100,42003101100,42003101100,38300,3.32,4,42003101100,2023
27758085,BP-2022-11877,BUILDING,New construction of a single-story drive through car-wash structure. Building to be constructed of masonry walls and steel bar joist roof structure with metal deck.,NEW CONSTRUCTION,491471.0,2023-06-23,0029N00141000000,"3045 SARAH ST, Pittsburgh, PA 15203-",40.4242912804,-79.963396791,3.0,South Side Flats,16.0,15203.0,42003160900,42003160900,42003160900,38300,4.0,4,42003160900,2023
27758208,BP-2022-12704,BUILDING,FOUNDATION SLAB AND DEEP CAISSONS FOR FUTURE UPMC BED TOWER - PHASED CONSTRUCTION.,NEW CONSTRUCTION,6020678.0,2022-09-26,0028B00310000000,"3701 5TH AVE, Pittsburgh, PA 15213-",40.4424544322,-79.9598453087,8.0,West Oakland,4.0,15213.0,42003040200,42003040200,42003040200,38300,3.99,4,42003040200,2022
27758288,BP-2022-13268,BUILDING,"NEW THREE STORY TWO FAMILY DWELLING WITH 2 CAR INTEGRAL GARAGE ON FIRST FLOOR & BALCONY AT REAR ON 2ND & 3RD FLOOR.
2ND FLOOR APARTMENT; APT 201 4728 LORIGAN ST
3RD FLOOR APARTMENT; APT 301 4728 LORIGAN ST",NEW CONSTRUCTION,325000.0,2022-10-10,0026H00118000000,"4728 LORIGAN ST #301, Pittsburgh, PA 15224-",40.4585192037,-79.9514683707,7.0,Bloomfield,8.0,15224.0,42003080200,42003080200,42003080200,38300,3.0,3,42003080200,2022
27758294,BP-2022-13306,BUILDING,FIT-OUT OF TENANT SPACE,NEW CONSTRUCTION,247900.0,2022-10-20,0051L00262000000,"5259 LIBERTY AVE, Pittsburgh, PA 15224-",40.4573786627,-79.9401755564,7.0,Bloomfield,8.0,15224.0,42003080600,42003080600,42003080600,38300,3.0,3,42003080600,2022
27758303,BP-2022-13374,BUILDING,"THREE-STORY MODULAR STRUCTURE AS SINGLE UNIT RESIDENCE WITH 24' X 10' ONE CAR PARKING PAD AT SIDE AND 12'-0"" X 15'-8 1/2"" THIRD FLOOR ROOF DECK AT REAR.",NEW CONSTRUCTION,350000.0,2023-06-29,0022D00060000000,"902 MORRISON ST, Pittsburgh, PA 15212-",40.460932068,-80.0197014994,6.0,California-Kirkbride,25.0,15212.0,42003565200,42003565200,42003565200,38300,4.0,4,42003565200,2023
27758321,BP-2022-13522,BUILDING,EXTERIOR ALTERATIONS & FIT-OUT OF TENANT SPACE,NEW CONSTRUCTION,500000.0,2023-02-23,0055J00114000A00,"4501 LYTLE ST, Pittsburgh, PA 15207-",40.4150172885,-79.9480295193,5.0,Hazelwood,15.0,15207.0,42003562901,42003562901,42003562901,38300,3.75,4,42003562901,2023
27758325,BP-2022-13563,BUILDING,NEW THREE-STORY STRUCTURE AS SINGLE UNIT DWELLING WITH INTEGRAL TWO-CAR GARAGE.,NEW CONSTRUCTION,300000.0,2022-11-04,0006R00070000000,"440 WYOLA ST, Pittsburgh, PA 15211-",40.4349457666,-80.0236691753,2.0,Duquesne Heights,19.0,15211.0,42003191100,42003191100,42003191100,38300,3.42,4,42003191100,2022
27758365,BP-2022-13862,BUILDING,INITIAL TENANT FIT OUT OF 1ST FLOOR TENANT SPACE AS MERCANTILE STORE WITH KITCHEN AND TOILET ROOMS IN MIXED USE 4 STORY APARTMENT BUILDING,NEW CONSTRUCTION,1500000.0,2022-12-28,0052R00060000000,"5093 FORBES AVE, Pittsburgh, PA 15213-",40.4445944176,-79.9397408558,8.0,Squirrel Hill North,14.0,15213.0,42003140100,42003140100,42003140100,38300,1.09,1,42003140100,2022
27758387,BP-2022-14036,BUILDING,"CONSTRUCTION OF NEW 3-STORY SINGLE FAMILY DWELLING WITH INTEGRAL PARKING, 1ST FLR REAR DECKS, 2ND FLR SIDE DECK, 3RD FLR SIDE & REAR PARTIALLY COVERED DECK & TRELLIS",NEW CONSTRUCTION,100000.0,2022-11-07,0014D00071000000,"1035 E WARRINGTON AVE, Pittsburgh, PA 15210-",40.4222950791,-79.9868610588,3.0,South Side Slopes,17.0,15203.0,42003170600,42003170600,42003170600,38300,3.74,4,42003170600,2022
27758432,BP-2022-14282,BUILDING,CONSTRUCTION NEW 3-STORY SINGLE FAMILY DWELLING WITH INTEGRAL GARAGE AND ROOFTOP DECK,NEW CONSTRUCTION,300000.0,2023-05-23,0049A00134000000,"167 41ST ST, Pittsburgh, PA 15201-",40.4703850982,-79.9622514679,7.0,Central Lawrenceville,9.0,15201.0,42003090100,42003090100,42003090100,38300,4.0,4,42003090100,2023
27758456,BP-2022-14412,BUILDING,FIT-OUT OF VACANT TENANT SPACE,NEW CONSTRUCTION,10000.0,2023-02-01,0055J00114000B00,"4427 LYTLE ST, Pittsburgh, PA 15207-",40.4161119302,-79.9485926002,5.0,Hazelwood,15.0,15207.0,42003562901,42003562901,42003562901,38300,3.75,4,42003562901,2023
27758511,BP-2022-14869,BUILDING,SITE WORK TO INCLUDE GRADING AND RETAINING WALL AND FOUNDATION AND SUPERSTRUCTURE FOR NEW 12 STORY BUILDING,NEW CONSTRUCTION,7500000.0,2023-02-01,0002L00037000000,"1045 FORBES AVE #1125, Pittsburgh, PA 15219-",40.4380964887,-79.9892990452,6.0,Bluff,1.0,15219.0,42003010302,42003010302,42003010302,38300,4.0,4,42003010302,2023
27758541,BP-2022-15055,BUILDING,CONSTRUCTION OF NEW 3-STORY SINGLE FAMILY DWELLING WITH ONE CAR GARAGE SECOND FLOOR DECK WITH STAIRS TO GRADE AT REAR AND ROOFTOP DECK,NEW CONSTRUCTION,200000.0,2023-11-09,0120S00092000000,"1361 HAWTHORNE ST, Pittsburgh, PA 15201-",40.4828523457,-79.9363663652,7.0,Stanton Heights,10.0,15201.0,42003101800,42003101800,42003101800,38300,2.96,3,42003101800,2023
27758563,BP-2022-15164,BUILDING,CONSTRUCTION OF 2-1/2 STORY MODULAR HOUSE,NEW CONSTRUCTION,200000.0,2022-11-14,0083H00170000000,"6050 STANTON AVE, Pittsburgh, PA 15206-",40.4690086761,-79.9193810213,9.0,East Liberty,11.0,15206.0,42003111300,42003111300,42003111300,38300,2.51,3,42003111300,2022
27758585,BP-2022-15283,BUILDING,CONSTRUCTION OF NEW 3 STORY SINGLE FAMILY DWELLING WITH INTEGRAL GARAGE AND ROOFTOP DECK,NEW CONSTRUCTION,300000.0,2023-02-07,0080D00310000000,"5321 HOLMES ST, Pittsburgh, PA 15201-",40.4810453161,-79.9496455929,7.0,Upper Lawrenceville,10.0,15201.0,42003101100,42003101100,42003101100,38300,3.32,4,42003101100,2023
27758609,BP-2022-15429,BUILDING,3 STORY TOWNHOUSE WITH BASEMNET & INTEGRAL GARAGE & ROOFTOP DECK.,NEW CONSTRUCTION,200000.0,2023-08-23,0023G00312000000,"10 ALPINE AVE, Pittsburgh, PA 15212-",40.4588610488,-80.0082267008,1.0,Central Northside,25.0,15212.0,42003565100,42003565100,42003565100,38300,3.98,4,42003565100,2023
27758610,BP-2022-15430,BUILDING,3 STORY TOWNHOUSE WITH INTEGRAL GARAGE & ROOFTOP DECK.,NEW CONSTRUCTION,200000.0,2023-08-23,0023G00314000000,"8 ALPINE AVE, Pittsburgh, PA 15212-",40.4588785675,-80.0081396062,1.0,Central Northside,25.0,15212.0,42003565100,42003565100,42003565100,38300,3.98,4,42003565100,2023
27758611,BP-2022-15431,BUILDING,3 STORY TOWNHOUSE WITH INTEGRAL GARAGE & ROOFTOP DECK.,NEW CONSTRUCTION,200000.0,2023-08-23,0023G00316000000,"6 ALPINE AVE, Pittsburgh, PA 15212-",40.4588940147,-80.0080625473,1.0,Central Northside,25.0,15212.0,42003565100,42003565100,42003565100,38300,3.98,4,42003565100,2023
27758612,BP-2022-15432,BUILDING,3 STORY TOWNHOUSE WITH INTEGRAL GARAGE & ROOFTOP DECK & INSTALL HVAC UNIT ON ROOFTOP.,NEW CONSTRUCTION,200000.0,2023-08-23,0023G00318000000,"4 ALPINE AVE, Pittsburgh, PA 15212-",40.4589111073,-80.0079750676,1.0,Central Northside,25.0,15212.0,42003565100,42003565100,42003565100,38300,3.98,4,42003565100,2023
27758614,BP-2022-15440,BUILDING,FIT-OUT OF TENANT SPACE,NEW CONSTRUCTION,1200000.0,2023-03-10,0087G00155000000,"5808 FORWARD AVE, Pittsburgh, PA 15217-",40.4293998406,-79.9229964275,5.0,Squirrel Hill South,14.0,15217.0,42003141400,42003141400,42003141400,38300,2.0,2,42003141400,2023
27758616,BP-2022-15455,BUILDING,CONTRUCTION OF NEW TENANT FIT-OUT OF EXISTING CORE & SHELL SPACE,NEW CONSTRUCTION,71000.0,2022-11-14,0084B00173000C00,"5818 PENN AVE, Pittsburgh, PA 15206-",40.4621549752,-79.9275565313,9.0,East Liberty,8.0,15206.0,42003111500,42003111500,42003111500,38300,3.87,4,42003111500,2022
27758737,BP-2022-16091,BUILDING,CONSTRUCTION OF OF 3-STORY WOOD-FRAMED SINGLE FAMILY DWELLING WITH INTEGRAL TWO-CAR GARAGE AND ROOFTOP DECK & ACCESS STAIRWAY,NEW CONSTRUCTION,300000.0,2024-09-19,0049A00131000000,"166 BANNER Way, Pittsburgh, PA 15201-",40.4705138001,-79.9620891512,7.0,Central Lawrenceville,9.0,15201.0,42003090100,42003090100,42003090100,38300,4.0,4,42003090100,2024
27758753,BP-2022-16190,BUILDING,INITIAL TENANT FITOUT MEDICAL REPAIR AND STORAGE TENANT ON 3RD FLOOR OF NEW OUTPATIENT HOSPITAL WING,NEW CONSTRUCTION,75000.0,2023-01-19,0002M00310000000,"1622 LOCUST ST, Pittsburgh, PA 15219-",40.436106554,-79.9835922908,6.0,Bluff,1.0,15219.0,42003010302,42003010302,42003010302,38300,4.0,4,42003010302,2023
27758755,BP-2022-16199,BUILDING,CONSTRUCTION OF NEW ONE STORY SINGLE FAMILY DWELLING WITH DECK AT REAR,NEW CONSTRUCTION,165000.0,2023-05-17,0081G00061000000,"115 ELENA CT, Pittsburgh, PA 15201-",40.4778343814,-79.937134565,9.0,Stanton Heights,10.0,15201.0,42003100500,42003100500,42003100500,38300,3.09,3,42003100500,2023
27758783,BP-2022-16380,BUILDING,"CONSTRUCTION FOR INITIAL TENANT FIT OUT OF COFFEE SHOP/CAFE. WORK INCLUDES NEW WALLS, CEILINGS, DOORS & HARDWARE, CASEWORK AND FINISHES",NEW CONSTRUCTION,250000.0,2023-03-22,0023L00083000000,"6 W NORTH AVE #212, Pittsburgh, PA 15212-",40.4556645012,-80.0071609396,1.0,Central Northside,22.0,15212.0,42003565100,42003565100,42003565100,38300,3.98,4,42003565100,2023
27758793,BP-2022-16429,BUILDING,CONSTRUCTION OF 3 STORY SINGLE FAMILY ATTACHED DWELLING WITH ONE-CAR DETACHED GARAGE AT REAR,NEW CONSTRUCTION,300000.0,2023-07-20,0023S00238000000,"708 CEDAR AVE, Pittsburgh, PA 15212-",40.4536491837,-80.0014575379,1.0,East Allegheny,23.0,15212.0,42003563202,42003563202,42003563202,38300,3.99,4,42003563202,2023
27758794,BP-2022-16430,BUILDING,CONSTRUCTION OF 3 SINGLE FAMILY ATTACHED DWELLING WITH ONE-CAR DETACHED GARAGE AT REAR,NEW CONSTRUCTION,300000.0,2023-07-20,0023S00239000000,"706 CEDAR AVE, Pittsburgh, PA 15212-",40.4536090119,-80.0014429418,1.0,East Allegheny,23.0,15212.0,42003563202,42003563202,42003563202,38300,3.99,4,42003563202,2023
27758928,BP-2022-17357,BUILDING,CONSTRUCT 3-STORY HOUSE,NEW CONSTRUCTION,100000.0,2022-12-28,0006F00249000000,"219 SEWARD ST, Pittsburgh, PA 15211-",40.4395173164,-80.0246087361,2.0,Duquesne Heights,19.0,15211.0,42003191100,42003191100,42003191100,38300,3.42,4,42003191100,2022
27758939,BP-2022-17403,BUILDING,"CONSTRUCTION OF NEW WAREHOUSE, STORE, AND OFFICE STRUCTURE WITH ASSOCIATED PARKING AND LOADING DOCKS",NEW CONSTRUCTION,10210000.0,2023-02-09,0070E00300000000,"2104 MAZETTE RD, Pittsburgh, PA 15205-",40.4486052545,-80.0839226561,2.0,Fairywood,28.0,15205.0,42003563000,42003563000,42003563000,38300,2.29,2,42003563000,2023
27758972,BP-2022-17615,BUILDING,CONSTRUCTION OF NEW TWO STORY SINGLE FAMILY DWELLING WITH INTERGAL GARAGE AND SECOND FLOOR DECK AT REAR.,NEW CONSTRUCTION,450000.0,2023-05-23,0085J00274000000,"5422 WILKINS AVE, Pittsburgh, PA 15217-",40.4459913367,-79.9325955416,8.0,Squirrel Hill North,14.0,15217.0,42003140100,42003140100,42003140100,38300,1.09,1,42003140100,2023
27758979,BP-2022-17641,BUILDING,CONSTRUCTION OF NEW SINGLE FAMILY DWELLING WITH ONE CAR GARAGE AND DECK AT REAR,NEW CONSTRUCTION,100000.0,2023-02-06,0019G00063000000,"525 WESTON Way, Pittsburgh, PA 15220-",40.4384986702,-80.0390347167,2.0,Elliott,20.0,15220.0,42003562600,42003562600,42003562600,38300,3.43,4,42003562600,2023
27758980,BP-2022-17642,BUILDING,CONSTRUCTION OF NEW SINGLE FAMILY DWELLING WITH ONE CAR GARAGE AND DECK AT REAR,NEW CONSTRUCTION,100000.0,2023-02-06,0019G00062000000,"529 WESTON Way, Pittsburgh, PA 15220-",40.4385344355,-80.0391745251,2.0,Elliott,20.0,15220.0,42003562600,42003562600,42003562600,38300,3.43,4,42003562600,2023
27758984,BP-2022-17661,BUILDING,CONSTRUCTION OF A 4-STORY 9-UNIT APARTMENT BUILDING WITH ROOFTOP DECK AND BASEMENT GARAGE,NEW CONSTRUCTION,450000.0,2023-04-24,0084K00260000000,"316 S HIGHLAND AVE #402, Pittsburgh, PA 15206-",40.4568199116,-79.9255463383,8.0,Shadyside,7.0,15232.0,42003070500,42003070500,42003070500,38300,2.74,3,42003070500,2023
27758987,BP-2022-17693,BUILDING,PHASED CONSTRUCTION OF CORE AND SHELL FOR PARTIAL 1ST FLOOR OF FUTURE 6-STORY MULTI-USE BUILDING,NEW CONSTRUCTION,10806335.0,2023-05-11,0084G00258000000,"163 SHADY AVE #114, Pittsburgh, PA 15206-",40.4587972853,-79.9211060768,8.0,Shadyside,7.0,15206.0,42003070800,42003070800,42003070800,38300,2.9,3,42003070800,2023
27759005,BP-2022-17791,BUILDING,CONSTRUCT NEW 2-STORY HOUSE WITH BASEMENT & INTEGRAL GARAGE,NEW CONSTRUCTION,435203.0,2023-07-11,0046L00136000000,No primary address specified,40.4661539472,-80.0075456422,6.0,Perry South,26.0,15214.0,42003261400,42003261400,42003261400,38300,2.5,3,42003261400,2023
27759019,BP-2022-17907,BUILDING,CONSTRUCT 3-STORY HOUSE,NEW CONSTRUCTION,100000.0,2022-12-28,0006G00088000000,"221 SEWARD ST, Pittsburgh, PA 15211-",40.4394603597,-80.0246664002,2.0,Duquesne Heights,19.0,15211.0,42003191100,42003191100,42003191100,38300,3.42,4,42003191100,2022
27759061,BP-2022-18261,BUILDING,"CONSTRUCTION OF TWO STORY SINGLE FAMILY DWELLING, CONC. PATIO AND PARKING PAD
AMENDED 03-22-2023 TO INCLUDE SINGLE VEHICLE ATTACHED GARAGE",NEW CONSTRUCTION,100000.0,2023-01-06,0023K00391000000,"1319 REDDOUR ST, Pittsburgh, PA 15212-",40.456914215,-80.0083290822,1.0,Central Northside,22.0,15212.0,42003565100,42003565100,42003565100,38300,3.98,4,42003565100,2023
27759063,BP-2022-18273,BUILDING,"CONSTRUCTION OF NEW POOL, ATHLETIC FIELD WITH ASSOCIATED STANDS, AND LOCKERS, CONCESSIONS, AND OFFICES WITH NEW PARKING AND FENCES",NEW CONSTRUCTION,12000000.0,2024-01-25,0125S00150000000,"540 N LANG AVE, Pittsburgh, PA 15208-",40.4538608939,-79.8998770661,9.0,Homewood South,13.0,15208.0,42003130800,42003130800,42003130800,38300,3.56,4,42003130800,2024
27759099,BP-2022-18413,BUILDING,CONSTRUCT A NEW TWO STORIES THREE LEVELS OPEN PARKING GARAGE BUILDING.,NEW CONSTRUCTION,8951261.0,2023-05-26,0084G00258000000,"163 SHADY AVE #114, Pittsburgh, PA 15206-",40.4587972853,-79.9211060768,8.0,Shadyside,7.0,15206.0,42003070800,42003070800,42003070800,38300,2.9,3,42003070800,2023
27759105,BP-2022-18444,BUILDING,FIRST TENANT FIT OUT ON NORTH WEST CORNER OF FIRST FLOOR FROM CORE AND SHELL TO RESTAURANT EXTERIOR WORK REPLACING DOOR WITH PICK UP WINDOW,NEW CONSTRUCTION,300000.0,2023-06-20,0028F00322000000,"3510 FORBES AVE, Pittsburgh, PA 15213-",40.4396582241,-79.9586741342,3.0,Central Oakland,4.0,15213.0,42003040500,42003040500,42003040500,38300,3.0,3,42003040500,2023
27759118,BP-2022-18528,BUILDING,"PHASED CONSTRUCTION OF NEW HOSPITAL WING INCLUDING FOUNDATIONS/FOUNDATION WATERPROOFING, SUPERSTRUCTURE/PRIMARY FRAMING, AND STAIRS",NEW CONSTRUCTION,2837797.0,2023-04-28,0028B00310000000,"3701 5TH AVE, Pittsburgh, PA 15213-",40.4424544322,-79.9598453087,8.0,West Oakland,4.0,15213.0,42003040200,42003040200,42003040200,38300,3.99,4,42003040200,2023
27759164,BP-2022-18821,BUILDING,CONSTRUCTION OF 2-STORY BUILDING,NEW CONSTRUCTION,150000.0,2023-05-24,0022K00118000000,"1426 JUNIATA ST, Pittsburgh, PA 15233-",40.4568787321,-80.0282887132,6.0,Manchester,21.0,15233.0,42003565200,42003565200,42003565200,38300,4.0,4,42003565200,2023
27759175,BP-2022-18896,BUILDING,24' X 36' ONE STORY DETACHED GARAGE AS ACCESSORY STORAGE AT REAR OF EXISTING CHURCH.,NEW CONSTRUCTION,80000.0,2023-03-30,0016F00014000000,"1000 TROPICAL AVE, Pittsburgh, PA 15216-",40.4191538077,-80.0260192321,4.0,Beechview,19.0,15216.0,42003191600,42003191600,42003191600,38300,3.08,3,42003191600,2023
27759232,BP-2022-19369,BUILDING,"CONSTRUCTION OF NEW 3 STORY SINGLE FAMILY DWELLING  WITH FIRST FLOOR DECK WITH STEPS TO GRADE, ONE CAR PARKING PAD AND 6' TALL FENCE ENCLOSING YARD",NEW CONSTRUCTION,185000.0,2023-11-22,0023L00160000000,"1211 BOYLE ST, Pittsburgh, PA 15212-",40.4563744955,-80.0061994996,1.0,Central Northside,22.0,15212.0,42003565100,42003565100,42003565100,38300,3.98,4,42003565100,2023
27759233,BP-2022-19382,BUILDING,"CONSTRUCTION OF NEW 3 STORY SINGLE FAMILY DWELLING  WITH FIRST FLOOR DECK WITH STEPS TO GRADE, ONE CAR PARKING PAD AND 6' TALL FENCE ENCLOSING YARD",NEW CONSTRUCTION,185000.0,2023-11-21,0023L00159000000,"1213 BOYLE ST, Pittsburgh, PA 15212-",40.4564274224,-80.00621552,1.0,Central Northside,22.0,15212.0,42003565100,42003565100,42003565100,38300,3.98,4,42003565100,2023
27759243,BP-2022-19500,BUILDING,CONSTRUCTION OF DETACHED GARAGE AT REAR OF SINGLE FAMILY DWELLING,NEW CONSTRUCTION,31785.0,2023-04-17,0049F00249000000,"273 MAIN ST, Pittsburgh, 15201-",40.468345392,-79.958490481,7.0,Central Lawrenceville,9.0,15201.0,42003090200,42003090200,42003090200,38300,3.02,3,42003090200,2023
27759446,BP-2023-00854,BUILDING,CONSTRUCT 2-STORY HOUSE WITH INTEGRAL GARAGE & REAR ROOFTOP DECK,NEW CONSTRUCTION,400000.0,2023-03-06,0083K00159000000,"414 N SAINT CLAIR ST, Pittsburgh, PA 15206-",40.4663444597,-79.9263787293,9.0,East Liberty,11.0,15206.0,42003111500,42003111500,42003111500,38300,3.87,4,42003111500,2023
27759457,BP-2023-00939,BUILDING,"NEW SEVEN-STORY RESIDENTIAL HIGHRISE APARTMENT BUILDING UTILIZING PODIUM CONSTRUCTION (TYPE IA ON FIRST TWO FLOORS AND IIIA ABOVE), FOUNDATION FOR 3 MECHANICAL STACKED PARKING STRUCTURES (42 CARS)",NEW CONSTRUCTION,8417923.0,2023-12-20,0025G00039000000,"2930 SMALLMAN ST #408, Pittsburgh, PA 15201-",40.4588292868,-79.9740815055,1.0,Strip District,6.0,15201.0,42003020300,42003020300,42003020300,38300,4.0,4,42003020300,2023
27759490,BP-2023-01190,BUILDING,INTERIOR ALTERATIONS FOR FIRST TENANT FIT OUT OF OFFICE AT FIRST FLOOR OF 8 STORY CORE AND SHELL BUILDING,NEW CONSTRUCTION,950000.0,2023-06-02,0009G00170000000,"1447 SMALLMAN ST, Pittsburgh, PA 15222-",40.4486022823,-79.9903585214,1.0,Strip District,2.0,15222.0,42003020300,42003020300,42003020300,38300,4.0,4,42003020300,2023
27759504,BP-2023-01310,BUILDING,NEW SINGLE STORY BANK BUILDING WITH PORTE COCHERE TELLER STATION,NEW CONSTRUCTION,1350000.0,2023-09-08,0083N00281000000,"5585 PENN AVE, Pittsburgh, PA 15206-",40.4639531997,-79.9307133259,9.0,Garfield,11.0,15206.0,42003111400,42003111400,42003111400,38300,2.66,3,42003111400,2023
27759527,BP-2023-01469,BUILDING,INTERIOR ALTERATIONS TO CREATE OFFICE AT EXISTING NINE STORY BUILDING,NEW CONSTRUCTION,277063.0,2023-02-10,0125J00120000000,"6501 LIVING PL, Pittsburgh, PA 15206-",40.4562370919,-79.9162070297,8.0,Shadyside,7.0,15206.0,42003070800,42003070800,42003070800,38300,2.9,3,42003070800,2023
27759556,BP-2023-01622,BUILDING,PHASED CONSTRUCTION OF CORE AND SHELL FOR 2-STORY BUILDING,NEW CONSTRUCTION,6778915.0,2023-11-03,0084G00258000000,"163 SHADY AVE #114, Pittsburgh, PA 15206-",40.4587972853,-79.9211060768,8.0,Shadyside,7.0,15206.0,42003070800,42003070800,42003070800,38300,2.9,3,42003070800,2023
27759596,BP-2023-01855,BUILDING,CONSTRUCT A NEW 6 STORIES RESIDENTIAL APARTMENT BUILDING WITH FIRST FLOOR RETAIL AND PARKING,NEW CONSTRUCTION,15000000.0,2024-09-18,0025J00150000000,"2558 RAILROAD ST #627, Pittsburgh, PA 15222-",40.4556956177,-79.9803076315,1.0,Strip District,2.0,15222.0,42003020300,42003020300,42003020300,38300,4.0,4,42003020300,2024
27759621,BP-2023-02043,BUILDING,CONSTRUCT NEW TENANT FITOUT FOR A COFFEE SHOP  AND A MARKETPLACE,NEW CONSTRUCTION,15000.0,2023-06-20,0011E00037000000,"1709 5TH AVE #101, Pittsburgh, PA 15219-",40.4386324646,-79.9821031662,6.0,Crawford-Roberts,3.0,15219.0,42003030500,42003030500,42003030500,38300,4.0,4,42003030500,2023
27759652,BP-2023-02235,BUILDING,FIRST TENANT FITOUT OF 5458SF ON THE FIRST FLOOR AS A VETERINARY HOSPITAL,NEW CONSTRUCTION,803000.0,2023-08-25,0084C00055000000,"6226 PENN AVE, Pittsburgh, PA 15206-",40.460015708,-79.9231934238,8.0,Shadyside,7.0,15206.0,42003070800,42003070800,42003070800,38300,2.9,3,42003070800,2023
27759653,BP-2023-02248,BUILDING,3 STORY SINGLE FAMILY DWELLING,NEW CONSTRUCTION,150000.0,2023-03-02,0023K00389000100,"1313 REDDOUR ST, Pittsburgh, PA 15212-",40.4568034017,-80.0082920782,1.0,Central Northside,22.0,15212.0,42003565100,42003565100,42003565100,38300,3.98,4,42003565100,2023
27759656,BP-2023-02297,BUILDING,CONSTRUCT A CANOPY FOR EXTERIOR SEATING,NEW CONSTRUCTION,20000.0,2023-07-12,0008K00022000000,"271 NORTH SHORE DR #700, Pittsburgh, PA 15212-",40.4460312776,-80.0093046886,6.0,North Shore,22.0,15212.0,42003981200,42003981200,42003981200,38300,4.0,4,42003981200,2023
27759676,BP-2023-02411,BUILDING,TENANT FIT OF OFFICE SPACE,NEW CONSTRUCTION,25000.0,2023-04-27,0055J00114000A00,"4501 LYTLE ST, Pittsburgh, PA 15207-",40.4150172885,-79.9480295193,5.0,Hazelwood,15.0,15207.0,42003562901,42003562901,42003562901,38300,3.75,4,42003562901,2023
27759678,BP-2023-02454,BUILDING,CONTINUATION OF NEW PHASED CONSTRUCTION - INTERIOR ALTERATIONS (I.E. LANDLORD WORK) OF ORIGINAL CORE AND SHELL SPACE IN PREPARATION FOR FUTURE FIT-OUT PERMIT SCOPE. SCOPE OF WORK TO INCLUDE NEW TENANT DEMISING WALL IN PREPARATION FOR FUTURE FIT-OUT PERMIT.,NEW CONSTRUCTION,25000.0,2023-04-26,0084C00055000000,"6226 PENN AVE, Pittsburgh, PA 15206-",40.460015708,-79.9231934238,8.0,Shadyside,7.0,15206.0,42003070800,42003070800,42003070800,38300,2.9,3,42003070800,2023
27759688,BP-2023-02513,BUILDING,CONSTRUCT A NEW THREE STORIES BUILDING TO BE USED AS RESIDENTIAL APARTMENTS AND TREATMENT FACILITY WITH EXTERIOR RETAINING WALL OVER 4 FEET IN HEIGHT.,NEW CONSTRUCTION,1800000.0,2023-08-22,0125C00162000000,"975 WASHINGTON BLVD #308, Pittsburgh, PA 15206-",40.4618991147,-79.9059928624,9.0,Larimer,12.0,15206.0,42003120900,42003120900,42003120900,38300,3.84,4,42003120900,2023
27759691,BP-2023-02527,BUILDING,"CONSTRUCT NEW 12 STORY APARTMENT BUILDING WITH TENANT AMENITY SPACES, EXTERIOR COURTYARD, PERGOLA, AND SURFACE PARKING",NEW CONSTRUCTION,34000000.0,2023-08-03,0002L00037000000,"1045 FORBES AVE #1125, Pittsburgh, PA 15219-",40.4380964887,-79.9892990452,6.0,Bluff,1.0,15219.0,42003010302,42003010302,42003010302,38300,4.0,4,42003010302,2023
27759693,BP-2023-02538,BUILDING,TENANT FIT-OUT OF CORE AND SHELL SPACE.,NEW CONSTRUCTION,5000.0,2023-04-27,0084F00324000000,"235 SPAHR ST, Pittsburgh, PA 15232-",40.45782655,-79.9271135515,8.0,Shadyside,7.0,15232.0,42003070500,42003070500,42003070500,38300,2.74,3,42003070500,2023
27759715,BP-2023-02665,BUILDING,CONSTRUCT NEW TENANT FITOUT AS A BAKERY WITH SEATING AREA AND MARKETPLACE,NEW CONSTRUCTION,150000.0,2023-07-11,0084C00055000000,"6226 PENN AVE, Pittsburgh, PA 15206-",40.460015708,-79.9231934238,8.0,Shadyside,7.0,15206.0,42003070800,42003070800,42003070800,38300,2.9,3,42003070800,2023
27759780,BP-2023-03176,BUILDING,INTERIOR CONSTRUCTION FOR A NEW TENANT FITOUT OF THE SPACE AS A RESTAURANT (SMALL ASSEMBLY TENANT SPACE),NEW CONSTRUCTION,164000.0,2023-07-18,0084B00173000C00,"5818 PENN AVE, Pittsburgh, PA 15206-",40.4621549752,-79.9275565313,9.0,East Liberty,8.0,15206.0,42003111500,42003111500,42003111500,38300,3.87,4,42003111500,2023
27759802,BP-2023-03322,BUILDING,INTITIAL TENANT FIT OUT ON PARTIAL 2ND FLOOR OF 9 STORY BUILDING,NEW CONSTRUCTION,680000.0,2023-05-10,0125J00120000000,"6501 LIVING PL, Pittsburgh, PA 15206-",40.4562370919,-79.9162070297,8.0,Shadyside,7.0,15206.0,42003070800,42003070800,42003070800,38300,2.9,3,42003070800,2023
27759816,BP-2023-03437,BUILDING,"CONSTRUCTION OF NEW THREE-STORY SINGLE FAMILY DWELLING WITH INTEGRAL TWO-CAR GARAGE, FRONT PORCHE & STAIRS TO GRADE AS WELL AS REAR DECK & STAIRS TO GRADE",NEW CONSTRUCTION,280000.0,2023-06-05,0054N00086000000,"14 YODER ST, Pittsburgh, PA 15207-",40.4242300759,-79.9482935753,5.0,Greenfield,15.0,15207.0,42003151600,42003151600,42003151600,38300,3.68,4,42003151600,2023
27759827,BP-2023-03546,BUILDING,CONSTRUCTION OF NEW THREE STORY (ATTACHED) SINGLE-FAMILY DWELLING WITH ROOFTOP DECK AT REAR,NEW CONSTRUCTION,150000.0,2023-05-02,0024K00310000000,"902 AHLERS Way, Pittsburgh, PA 15212-",40.4566380666,-79.9936530222,1.0,East Allegheny,23.0,15212.0,42003563202,42003563202,42003563202,38300,3.99,4,42003563202,2023
27759828,BP-2023-03547,BUILDING,CONSTRUCTION OF NEW THREE STORY (ATTACHED) SINGLE-FAMILY DWELLING WITH ROOFTOP DECK AT REAR,NEW CONSTRUCTION,150000.0,2023-05-03,0024K00311000000,"904 AHLERS Way, Pittsburgh, PA 15212-",40.4567233818,-79.9936825286,1.0,East Allegheny,23.0,15212.0,42003563202,42003563202,42003563202,38300,3.99,4,42003563202,2023
27759830,BP-2023-03550,BUILDING,CONSTRUCTION OF NEW THREE STORY (ATTACHED) SINGLE-FAMILY DWELLING WITH ROOFTOP DECK AT REAR,NEW CONSTRUCTION,150000.0,2023-05-02,0024K00312000000,"903 RICKENBACH ST, Pittsburgh, PA 15212-",40.4566870825,-79.9933882162,1.0,East Allegheny,23.0,15212.0,42003563202,42003563202,42003563202,38300,3.99,4,42003563202,2023
27759831,BP-2023-03551,BUILDING,CONSTRUCTION OF NEW THREE STORY (ATTACHED) SINGLE-FAMILY DWELLING WITH ROOFTOP DECK AT REAR,NEW CONSTRUCTION,150000.0,2023-05-02,0024K00313000000,"905 RICKENBACH ST, Pittsburgh, PA 15212-",40.4567726178,-79.9934179571,1.0,East Allegheny,23.0,15212.0,42003563202,42003563202,42003563202,38300,3.99,4,42003563202,2023
27759879,BP-2023-03865,BUILDING,NEW CONSTRUCTION OF SINGLE FAMILY DWELLING WITH ONE CAR INTEGRAL GARAGE AT FRONT AND 6' TALL FENCE ENCLOSING REAR YARD,NEW CONSTRUCTION,50000.0,2023-04-13,0023K00390000000,"1236 BUTTERFIELD Way, Pittsburgh, PA 15212-",40.4568149117,-80.0084936439,1.0,Central Northside,22.0,15212.0,42003565100,42003565100,42003565100,38300,3.98,4,42003565100,2023
27759911,BP-2023-04068,BUILDING,"CONSTRUCTION OF A NEW THREE-STORY, SINGLE-FAMILY DWELLING BUILDING, WITH A FULL HEIGHT CMU FOUNDATION.",NEW CONSTRUCTION,175000.0,2023-07-28,0057C00171000000,"5506 SUNNYSIDE ST, Pittsburgh, PA 15207-",40.4021254312,-79.9397844298,5.0,Hazelwood,15.0,15207.0,42003562300,42003562300,42003562300,38300,3.44,4,42003562300,2023
27759954,BP-2023-04343,BUILDING,NEW CONSTRUCTION OF ONE STORY STRUCTURE AS CAR WASH AND SITE DEVELOPMENT,NEW CONSTRUCTION,450000.0,2023-06-12,0120J00190000000,"5608 BUTLER ST, Pittsburgh, PA 15201-",40.4844534144,-79.9473815875,7.0,Upper Lawrenceville,10.0,15201.0,42003101100,42003101100,42003101100,38300,3.32,4,42003101100,2023
27760001,BP-2023-04662,BUILDING,CONSTRUCT 2 STORY HOUSE WITH BASEMENT & ROOFTOP DECK,NEW CONSTRUCTION,225000.0,2023-07-12,0003K00166000000,"622 WINDOM ST, Pittsburgh, PA 15203-",40.4270853995,-79.9930921456,3.0,South Side Slopes,17.0,15203.0,42003170600,42003170600,42003170600,38300,3.74,4,42003170600,2023
27760005,BP-2023-04674,BUILDING,CONSTRUCTION OF DETACHED TWO CAR GARAGE AT REAR OF EXISTING SINGLE-FAMILY DWELLING,NEW CONSTRUCTION,20000.0,2023-08-08,0026N00095000000,"3374 WEBSTER AVE, Pittsburgh, 15219-",40.4542731099,-79.9624744804,6.0,Upper Hill,5.0,15219.0,42003050600,42003050600,42003050600,38300,3.01,3,42003050600,2023
27760018,BP-2023-04755,BUILDING,CONSTRUCTION OF NEW BASKETBALL COURT WITH FENCE AND ACCESS WALK,NEW CONSTRUCTION,80000.0,2023-07-19,0029J00205000000,"2810 SOUTH WATER ST, Pittsburgh, PA 15203-",40.4271980872,-79.9630222969,3.0,South Side Flats,16.0,15203.0,42003160900,42003160900,42003160900,38300,4.0,4,42003160900,2023
27760050,BP-2023-04921,BUILDING,"CONSTRUCTION OF THREE-STORY STRUCTURE AS SINGLE FAMILY (DETACHED) DWELLING WITH 6' TALL FENCE ALONG REAR PROPERTY LINE, ROOFTOP DECK WITH PENTHOUSE STORAGE AND STAIR ACCESS ON ROOF",NEW CONSTRUCTION,400000.0,2025-05-05,0023G00078000000,"1424 BOYLE ST, Pittsburgh, PA 15212-",40.458094985,-80.0063667874,1.0,Central Northside,25.0,15212.0,42003565100,42003565100,42003565100,38300,3.98,4,42003565100,2025
27760128,BP-2023-05410,BUILDING,"CONSTRUCTION OF TWO STORY DETACHED SINGLE FAMILY DWELLING WITH THREE CAR INTEGRAL GARAGE, COVERED FRONT PORCH, AND SECOND FLOOR COVERED DECK ON THE SOUTH SIDE, ENGINEER REPORT CONFIRMING STRUCTURAL REPAIRS DUE TO FIRE",NEW CONSTRUCTION,150000.0,2023-08-14,0175H00028000000,"1435 PITT ST, Pittsburgh, 15221-",40.4482633666,-79.885373944,9.0,Homewood South,13.0,15221.0,42003130800,42003130800,42003130800,38300,3.56,4,42003130800,2023
27760201,BP-2023-05803,BUILDING,"NEW IN-GROUND POOL AND HOT TUB IN ELEVATED PATIO & 42"" TALL FENCE AT  FRONT, 6' TALL FENCE AT SIDE, AND 4' TALL FENCE AT PLAY AREA REAR. (ACCESSORY TO 6 TOWNHOMES)",NEW CONSTRUCTION,98000.0,2023-10-17,0023E00074000000,"504 W JEFFERSON ST, Pittsburgh, PA 15212-",40.4592315104,-80.0129983982,1.0,Central Northside,25.0,15212.0,42003565100,42003565100,42003565100,38300,3.98,4,42003565100,2023
27760245,BP-2023-06095,BUILDING,CONSTRUCTION OF PAVILION WITH FIREPLACE,NEW CONSTRUCTION,800000.0,2023-08-22,0002L00316000000,"450 MAGEE ST, Pittsburgh, PA 15282-",40.436191678,-79.9892236629,6.0,Bluff,1.0,15219.0,42003010302,42003010302,42003010302,38300,4.0,4,42003010302,2023
27760330,BP-2023-06684,BUILDING,"FOUNDATIONS, STAIRS/LANDINGS, AND PLACEMENT OF PRE-MANUFACTURED HOME (SINGLE-WIDE)",NEW CONSTRUCTION,104000.0,2023-09-19,0014E00120000000,"212 BELTZHOOVER AVE, Pittsburgh, PA 15210-",40.4202414115,-79.9976352314,3.0,Beltzhoover,18.0,15210.0,42003562400,42003562400,42003562400,38300,3.0,3,42003562400,2023
27760363,BP-2023-06904,BUILDING,CONSTRUCTION OF WOOD FRAMED TWO-STORY DETACHED SINGLE FAMILY DWELLING,NEW CONSTRUCTION,250000.0,2023-06-16,0083M00174000000,"22 MAYFLOWER ST, Pittsburgh, PA 15206-",40.4652075033,-79.9173481837,9.0,Larimer,12.0,15206.0,42003120900,42003120900,42003120900,38300,3.84,4,42003120900,2023
27760364,BP-2023-06905,BUILDING,CONSTRUCTION OF WOOD FRAMED TWO-STORY DETACHED SINGLE FAMILY DWELLING,NEW CONSTRUCTION,250000.0,2023-06-05,0083M00176000000,"26 MAYFLOWER ST, Pittsburgh, PA 15206-",40.4651314436,-79.9172647316,9.0,Larimer,12.0,15206.0,42003120900,42003120900,42003120900,38300,3.84,4,42003120900,2023
27760515,BP-2023-07821,BUILDING,USE OF 150' TALL CLASS B COMMUNICATIONS TOWER WITH 50' X 50' EQUIPMENT AREA ON GROUND.,NEW CONSTRUCTION,200000.0,2023-12-28,0071P00001000001,"1659 SUMMERDALE ST, Pittsburgh, PA 15204-",40.4548751564,-80.0771180046,2.0,Windgap,28.0,15204.0,42003563000,42003563000,42003563000,38300,2.29,2,42003563000,2023
27760603,BP-2023-08339,BUILDING,INSTALLATION OF BELOW GRADE MICROPILE AND GRADE BEAM TO STABILIZE REAR SLOPE,NEW CONSTRUCTION,190780.0,2023-06-02,0086N00003000000,"5420 DARLINGTON RD, Pittsburgh, PA 15217-",40.4355848321,-79.9324658857,5.0,Squirrel Hill South,14.0,15217.0,42003141300,42003141300,42003141300,38300,1.93,2,42003141300,2023
27760652,BP-2023-08549,BUILDING,"CONSTRUCTION OF NEW PARK WITH PLAYGROUND, SPRAY PARK, PATHS, FENCES, BASKETBALL COURT, AND PAVILLION",NEW CONSTRUCTION,1500000.0,2024-05-17,0084A00176000000,"201 AMBER ST, Pittsburgh, PA 15206-",40.4614381395,-79.9295556678,9.0,East Liberty,8.0,15206.0,42003111500,42003111500,42003111500,38300,3.87,4,42003111500,2024
27760665,BP-2023-08639,BUILDING,PHASED BUILDING CONSTRUCTION OFFICE TENANT FIT-OUT ON MULTIPLE FLOORS,NEW CONSTRUCTION,15291420.0,2023-08-15,0002C00450000100,"626 WASHINGTON PL #2501, Pittsburgh, PA 15219-",40.4415602968,-79.9914618561,6.0,Crawford-Roberts,3.0,15219.0,42003030500,42003030500,42003030500,38300,4.0,4,42003030500,2023
27760704,BP-2023-08890,BUILDING,PHASED CONSTRUCTION OF APARTMENT BUILDING ON FLOORS 2-6 OF A 6 STORY BUILDING.,NEW CONSTRUCTION,16756822.0,2024-08-02,0084G00258000000,"163 SHADY AVE #114, Pittsburgh, PA 15206-",40.4587972853,-79.9211060768,8.0,Shadyside,7.0,15206.0,42003070800,42003070800,42003070800,38300,2.9,3,42003070800,2024
27760730,BP-2023-08967,BUILDING,CONSTRUCTION OF A NEW MODULAR THREE STORY SINGLE FAMILY DWELLING WITH A DETACHED GARAGE AND A ROOFTOP DECK,NEW CONSTRUCTION,350000.0,2023-09-15,0026D00288000000,"413 PEARL ST, Pittsburgh, PA 15224-",40.4604930992,-79.9509465821,7.0,Bloomfield,8.0,15224.0,42003080200,42003080200,42003080200,38300,3.0,3,42003080200,2023
27760894,BP-2023-09929,BUILDING,INTERIOR RENOVATIONS FOR OFFICE AMENITIES SPACE IN TENANT FIT-OUT OF CORE & SHELL SPACE,NEW CONSTRUCTION,2309005.0,2023-08-17,0002C00450000100,"626 WASHINGTON PL #2501, Pittsburgh, PA 15219-",40.4415602968,-79.9914618561,6.0,Crawford-Roberts,3.0,15219.0,42003030500,42003030500,42003030500,38300,4.0,4,42003030500,2023
27760923,BP-2023-10044,BUILDING,"CONSTRUCT 3-STORY MODULAR HOUSE WITH BASEMENT, INTEGRAL PARKING & ROOFTOP DECK",NEW CONSTRUCTION,250000.0,2023-07-31,0049C00208000000,"4600 DAVISON ST, Pittsburgh, PA 15201-",40.4711538426,-79.9562678277,7.0,Central Lawrenceville,9.0,15201.0,42003090200,42003090200,42003090200,38300,3.02,3,42003090200,2023
27760924,BP-2023-10045,BUILDING,"CONSTRUCT 3-STORY MODULAR HOUSE WITH BASEMENT, INTEGRAL PARKING & ROOFTOP DECK",NEW CONSTRUCTION,250000.0,2023-07-31,0049C00206000000,"4602 DAVISON ST, Pittsburgh, PA 15201-",40.4712018933,-79.9562087574,7.0,Central Lawrenceville,9.0,15201.0,42003090200,42003090200,42003090200,38300,3.02,3,42003090200,2023
27760936,BP-2023-10159,BUILDING,CONSTRUCTION OF ONE STORY MASONRY TWO CAR DETACHED GARAGE WITH STEEL & WOOD ROOFTOP DECK AND STAIRS,NEW CONSTRUCTION,125000.0,2023-11-15,0007D00057000000,"931 BEECH AVE, Pittsburgh, 15233-",40.4523566837,-80.0179311952,1.0,Allegheny West,22.0,15233.0,42003562700,42003562700,42003562700,38300,4.0,4,42003562700,2023
27760950,BP-2023-10218,BUILDING,CONSTRUCT 3-STORY SINGLE-FAMILY ATTACHED DWELLING WITH INTEGRAL PARKING (IN A GROUP OF 5 TOWN HOMES),NEW CONSTRUCTION,223373.0,2024-03-25,0011E00324000000,"1738 REED ST #424, Pittsburgh, PA 15219-",40.4398191177,-79.9819997078,6.0,Crawford-Roberts,3.0,15219.0,42003030500,42003030500,42003030500,38300,4.0,4,42003030500,2024
27760951,BP-2023-10219,BUILDING,CONSTRUCT 3-STORY APARTMENT BUILDING,NEW CONSTRUCTION,1377514.0,2024-03-27,0011E00324000000,"1738 REED ST #424, Pittsburgh, PA 15219-",40.4398191177,-79.9819997078,6.0,Crawford-Roberts,3.0,15219.0,42003030500,42003030500,42003030500,38300,4.0,4,42003030500,2024
27760952,BP-2023-10227,BUILDING,CONSTRUCT 3-STORY APARTMENT BUILDING WITH 4 UNITS,NEW CONSTRUCTION,1102011.0,2024-03-25,0011A00326000000,"1829 REED ST, Pittsburgh, PA 15219-",40.4410720618,-79.981645253,6.0,Crawford-Roberts,3.0,15219.0,42003030500,42003030500,42003030500,38300,4.0,4,42003030500,2024
27760953,BP-2023-10228,BUILDING,CONSTRUCT 3-STORY SINGLE-FAMILY ATTACHED DWELLING WITH INTEGRAL PARKING (IN A GROUP OF 5 TOWN HOMES),NEW CONSTRUCTION,223373.0,2024-03-25,0011E00324000000,"1738 REED ST #424, Pittsburgh, PA 15219-",40.4398191177,-79.9819997078,6.0,Crawford-Roberts,3.0,15219.0,42003030500,42003030500,42003030500,38300,4.0,4,42003030500,2024
27760958,BP-2023-10238,BUILDING,CONSTRUCT 4-STORY APARTMENT BUILDING WITH BASEMENT,NEW CONSTRUCTION,10138505.0,2024-03-27,0011E00324000000,"1738 REED ST #424, Pittsburgh, PA 15219-",40.4398191177,-79.9819997078,6.0,Crawford-Roberts,3.0,15219.0,42003030500,42003030500,42003030500,38300,4.0,4,42003030500,2024
27760959,BP-2023-10239,BUILDING,"CONSTRUCT 6-STORY APARTMENT BUILDING PODIUM CONSTRUCTION WITH 3-HOUR HORIZONTAL BUILDING SEPRATION PROVIDED BETWEEN 1ST & 2ND FLRS, TYPE 1A 1ST FLR (NO GROUP H), TYPE IIIA FLRS 2-6",NEW CONSTRUCTION,11681321.0,2024-04-03,0011E00322000000,"1800 REED ST #616, Pittsburgh, PA 15219-",40.4403107392,-79.9814716979,6.0,Crawford-Roberts,3.0,15219.0,42003030500,42003030500,42003030500,38300,4.0,4,42003030500,2024
27760998,BP-2023-10581,BUILDING,CONSTRUCTION OF 1-STORY TAP ROOM WITH UNOCCUPIED MEZZANINE AND BALCONY,NEW CONSTRUCTION,350000.0,2023-10-17,0023S00165000000,"510 E OHIO ST, Pittsburgh, PA 15212-",40.4537870139,-80.0003302639,1.0,East Allegheny,23.0,15212.0,42003563202,42003563202,42003563202,38300,3.99,4,42003563202,2023
27761048,BP-2023-10842,BUILDING,TENANT IMPROVEMENT AS DENTIST OFFICE,NEW CONSTRUCTION,517000.0,2023-10-24,0025F00159000000,"2805 SMALLMAN ST, Pittsburgh, PA 15222-",40.4581127332,-79.9764731199,1.0,Strip District,6.0,15222.0,42003020300,42003020300,42003020300,38300,4.0,4,42003020300,2023
27761062,BP-2023-10959,BUILDING,CONSTRUCT THREE-STORY ATTACHED SINGLE FAMILY DWELLING WITH ONE CAR INTEGRAL GARAGE AND SECOND FLOOR DECK AT REAR,NEW CONSTRUCTION,150000.0,2025-11-21,0050H00182000000,"524 ELORA Way, Pittsburgh, PA 15206-",40.4693738053,-79.9339064501,9.0,Garfield,10.0,15224.0,42003101900,42003101900,42003101900,38300,3.97,4,42003101900,2025
27761063,BP-2023-10960,BUILDING,CONSTRUCT THREE-STORY ATTACHED SINGLE FAMILY DWELLING WITH ONE CAR INTEGRAL GARAGE AND SECOND FLOOR DECK AT REAR,NEW CONSTRUCTION,150000.0,2025-11-21,0050H00182000000,"524 ELORA Way, Pittsburgh, PA 15206-",40.4693738053,-79.9339064501,9.0,Garfield,10.0,15224.0,42003101900,42003101900,42003101900,38300,3.97,4,42003101900,2025
27761064,BP-2023-10961,BUILDING,CONSTRUCT THREE-STORY DETACHED SINGLE FAMILY DWELLING WITH ONE CAR INTEGRAL GARAGE AND SECOND FLOOR DECK AT REAR,NEW CONSTRUCTION,160000.0,2025-11-21,0050H00184000000,"526 ELORA Way, Pittsburgh, PA 15206-",40.4694529189,-79.9338642217,9.0,Garfield,10.0,15224.0,42003101900,42003101900,42003101900,38300,3.97,4,42003101900,2025
27761075,BP-2023-11030,BUILDING,NEW CONSTRUCTION OF A NEW RETAING WALLS SUPPORTING A SURCHARGE IN REAR YARD.,NEW CONSTRUCTION,40000.0,2023-09-26,0006L00053000000,"319 EDITH ST, Pittsburgh, PA 15211-",40.4371468758,-80.0238093419,2.0,Duquesne Heights,19.0,15211.0,42003191100,42003191100,42003191100,38300,3.42,4,42003191100,2023
27761112,BP-2023-11238,BUILDING,"INTERIOR ALTERATIONS ON FIRST FLOOR FOR TENANT FIT-OUT SPACE (3,359 SQ FT) FOR BANK THAT INCLUDES CONSTRUCTION OF DEMISING WALL TO CREATE SEPARATION FOR FUTURE ADJACENT TENANT SPACE (1295 SQ FT).",NEW CONSTRUCTION,330000.0,2023-10-03,0083N00125000000,"141 S SAINT CLAIR ST #601, Pittsburgh, PA 15206-",40.4623681682,-79.9296214621,9.0,East Liberty,8.0,15206.0,42003111500,42003111500,42003111500,38300,3.87,4,42003111500,2023
27761161,BP-2023-11566,BUILDING,CONSTRUCTION OF ONE-STORY WOOD POLE BARN-FRAMED TWO-CAR GARAGE,NEW CONSTRUCTION,25000.0,2024-02-09,0080G00264000000,"5111 KEYSTONE ST, Pittsburgh, 15201-",40.477738225,-79.9541101144,7.0,Upper Lawrenceville,10.0,15201.0,42003101100,42003101100,42003101100,38300,3.32,4,42003101100,2024
27761173,BP-2023-11638,BUILDING,FIT-OUT OF 1ST FLR TENANT,NEW CONSTRUCTION,525000.0,2023-09-26,0008K00022000000,"271 NORTH SHORE DR #700, Pittsburgh, PA 15212-",40.4460312776,-80.0093046886,6.0,North Shore,22.0,15212.0,42003981200,42003981200,42003981200,38300,4.0,4,42003981200,2023
27761233,BP-2023-12098,BUILDING,"CONSTRUCTION OF ATTACHED SINGLE FAMILY 4 STORY DWELLING AT 1503 GRANDVIEW AVE UNIT TYPE I, NOTED AS #20 ON SITE PLAN",NEW CONSTRUCTION,325000.0,2024-12-24,0006G00046000000,"1503 GRANDVIEW AVE, Pittsburgh, PA 15211-",40.4396272637,-80.0221773774,2.0,Duquesne Heights,19.0,15211.0,42003191100,42003191100,42003191100,38300,3.42,4,42003191100,2024
27761305,BP-2023-12518,BUILDING,CONSTRUCTION OF THREE-STORY STRUCTURE AS SINGLE-FAMILY DWELLING WITH FIRST FLOOR DECK AT REAR,NEW CONSTRUCTION,175000.0,2024-01-19,0014A00250000000,"615 EXCELSIOR ST, Pittsburgh, PA 15210-",40.4230047853,-79.996796732,3.0,Allentown,18.0,15210.0,42003180300,42003180300,42003180300,38300,3.0,3,42003180300,2024
27761310,BP-2023-12549,BUILDING,CONSTRUCTION OF 5 STORY APARTMENT BUILDING WITH INTEGRAL GARAGE ON FIRST FLOOR AND ROOF TOP DECK LIMITED TO R-2 USE,NEW CONSTRUCTION,1500000.0,2023-12-12,0025H00007000000,"3129 LIBERTY AVE #511, Pittsburgh, PA 15201-",40.4599985975,-79.9700087119,1.0,Strip District,6.0,15201.0,42003020300,42003020300,42003020300,38300,4.0,4,42003020300,2023
27761315,BP-2023-12593,BUILDING,CONSTRUCTION OF THREE-STORY STRUCTURE AS SINGLE-FAMILY DWELLING WITH FIRST FLOOR DECK AT REAR,NEW CONSTRUCTION,175000.0,2024-01-03,0014A00226000000,"616 EXCELSIOR ST, Pittsburgh, PA 15210-",40.4225781869,-79.996692104,3.0,Allentown,18.0,15210.0,42003180300,42003180300,42003180300,38300,3.0,3,42003180300,2024
27761317,BP-2023-12595,BUILDING,CONSTRUCTION OF THREE-STORY STRUCTURE AS SINGLE-FAMILY DWELLING WITH FIRST FLOOR DECK AT REAR,NEW CONSTRUCTION,175000.0,2024-01-03,0014A00223000000,"620 EXCELSIOR ST, Pittsburgh, PA 15210-",40.4225802111,-79.9964788452,3.0,Allentown,18.0,15210.0,42003180300,42003180300,42003180300,38300,3.0,3,42003180300,2024
27761362,BP-2023-12857,BUILDING,"CONSTRUCTION OF STEEL FRAMED VEHICLE & EQUIPMENT STORAGE FACILITY WITH MEZZANINE FOR OFFICE, LOUNGE, TOILET & LOCKER AREAS. INCLUDES ELEVATOR",NEW CONSTRUCTION,5500000.0,2024-07-08,0033A00215000000,"408 MATHEWS AVE, Pittsburgh, PA 15210-",40.4136150067,-79.9955584715,3.0,Knoxville,30.0,15210.0,42003300100,42003300100,42003300100,38300,2.43,2,42003300100,2024
27761375,BP-2023-12963,BUILDING,CONSTRUCTION OF NEW THREE STORY BUILDING AS A SINGLE FAMILY (DETACHED) DWELLING WTH ONE PORCH AT FRONT; FIRST FLOOR DECK AND ONE CAR PARKING PAD AT REAR,NEW CONSTRUCTION,175000.0,2024-01-03,0014A00283000000,"622 EUREKA ST, Pittsburgh, PA 15210-",40.423479067,-79.9964579707,3.0,Allentown,18.0,15210.0,42003180300,42003180300,42003180300,38300,3.0,3,42003180300,2024
27761376,BP-2023-12966,BUILDING,CONSTRUCTION OF NEW ONE STORY BUILDING AS A SINGLE FAMILY (DETACHED) DWELLING WTH PORCH AT FRONT; AND ONE CAR PARKING PAD ON CORNER OF EUREKA,NEW CONSTRUCTION,175000.0,2024-01-03,0003N00171000000,"702 EUREKA ST, Pittsburgh, PA 15210-",40.4236179217,-79.9956330378,3.0,Allentown,18.0,15210.0,42003180300,42003180300,42003180300,38300,3.0,3,42003180300,2024
27761377,BP-2023-12968,BUILDING,CONSTRUCTION OF NEW ONE STORY BUILDING AS A SINGLE FAMILY (DETACHED) DWELLING WTH PORCH AT FRONT; AND ONE CAR PARKING PAD ON CORNER OF EUREKA,NEW CONSTRUCTION,175000.0,2024-01-03,0014A00292000000,"710 EUREKA ST, Pittsburgh, PA 15210-",40.4234841839,-79.9954050831,3.0,Allentown,18.0,15210.0,42003180300,42003180300,42003180300,38300,3.0,3,42003180300,2024
27761389,BP-2023-12998,BUILDING,INITIAL TENANT FIT-OUT OF 1ST FLOOR SPACE AS RESTAURANT,NEW CONSTRUCTION,130000.0,2024-01-26,0027D00060000000,"4500 CENTRE AVE #1019, Pittsburgh, PA 15213-",40.4513898314,-79.9525999311,8.0,North Oakland,4.0,15213.0,42003562000,42003562000,42003562000,38300,2.44,2,42003562000,2024
27761421,BP-2023-13217,BUILDING,CONSTRUCTION OF A 3-SOTRY PREFABRICATED HOUSE,NEW CONSTRUCTION,500000.0,2023-10-16,0050M00032000000,"236 ELORA Way, Pittsburgh, PA 15224-",40.466798998,-79.9354333058,9.0,Garfield,10.0,15224.0,42003101900,42003101900,42003101900,38300,3.97,4,42003101900,2023
27761432,BP-2023-13277,BUILDING,"CONSTRUCTION OF NEW 220 UNIT 5 STORY APARTMENT BUILDING WITH PARKING GARAGE, INTERIOR COUTYARD WITH POOL AT GRADE",NEW CONSTRUCTION,21486282.0,2025-06-26,0125A00052000000,"6440 FRANKSTOWN AVE, Pittsburgh, PA 15206-",40.4602215773,-79.9150186943,9.0,Larimer,12.0,15206.0,42003120900,42003120900,42003120900,38300,3.84,4,42003120900,2025
27761487,BP-2023-13542,BUILDING,PHASED CONSTRUCTION OF NEW 20 STORY HOSPITAL WING INCLUDING INTERIOR DEMOLITION AND FIT-OUT OF LEVELS P1-P3/C1-C4/1-8/10-14 (NO LEVEL 9 IN BUILDING),NEW CONSTRUCTION,44000000.0,2024-02-02,0028B00310000000,"3701 5TH AVE, Pittsburgh, PA 15213-",40.4424544322,-79.9598453087,8.0,West Oakland,4.0,15213.0,42003040200,42003040200,42003040200,38300,3.99,4,42003040200,2024
27761495,BP-2023-13598,BUILDING,CONSTRUCTION OF WOOD FRAMED TWO-STORY TWO-FAMILY DWELLING WITH COVERED PORCH,NEW CONSTRUCTION,250000.0,2023-09-26,0125H00347000000,"6920 BENNETT ST, Pittsburgh, PA 15208-",40.4576720199,-79.9033232022,9.0,Homewood West,12.0,15208.0,42003130700,42003130700,42003130700,38300,3.5,4,42003130700,2023
27761496,BP-2023-13599,BUILDING,CONSTRUCTION OF WOOD FRAMED TWO-STORY TWO-FAMILY DWELLING WITH COVERED PORCH,NEW CONSTRUCTION,250000.0,2023-09-26,0125H00346000000,"6920 1/2 BENNETT ST, Pittsburgh, PA 15208-",40.4576563546,-79.9032491324,9.0,Homewood West,12.0,15208.0,42003130700,42003130700,42003130700,38300,3.5,4,42003130700,2023
27761540,BP-2023-13850,BUILDING,PHASED CONSTRUCTION OF 6 STORY BUILDING - FIT-OUT OF UNIT 508,NEW CONSTRUCTION,15000.0,2023-11-28,0025K00162000000,"2635 PENN AVE #508, Pittsburgh, PA 15222-",40.455798496,-79.9776779877,1.0,Strip District,2.0,15222.0,42003020300,42003020300,42003020300,38300,4.0,4,42003020300,2023
27761547,BP-2023-13872,BUILDING,CONSTRUCTION OF FOUR STORY MULTI UNIT APARTMENT BUILDING,NEW CONSTRUCTION,8828651.0,2024-02-23,0011K00048000000,"2120 5TH AVE #414, Pittsburgh, PA 15219-",40.4378382184,-79.974992254,6.0,Bluff,4.0,15219.0,42003010302,42003010302,42003010302,38300,4.0,4,42003010302,2024
27761551,BP-2023-13920,BUILDING,CONSTRUCTION OF A WOOD-FRAMED THREE-STORY SINGLE-FAMILY DWELLING WITH PREFABRICATED PRECAST CONCRETE FOUNDATION SYSTEM. AS WELL AS ONE-STORY OPEN PORCH AT FRONT AND DECK AT REAR,NEW CONSTRUCTION,175000.0,2024-01-03,0014B00254000000,"828 EXCELSIOR ST, Pittsburgh, PA 15210-",40.4226550864,-79.9927927689,3.0,Allentown,18.0,15210.0,42003180300,42003180300,42003180300,38300,3.0,3,42003180300,2024
27761552,BP-2023-13923,BUILDING,CONSTRUCTION OF A WOOD-FRAMED THREE-STORY SINGLE-FAMILY DWELLING WITH PREFABRICATED PRECAST CONCRETE FOUNDATION SYSTEM. AS WELL AS ONE-STORY OPEN PORCH AT FRONT AND DECK AT REAR,NEW CONSTRUCTION,175000.0,2024-01-31,0014B00239000000,"845 EXCELSIOR ST, Pittsburgh, PA 15210-",40.4230617985,-79.9920602075,3.0,Allentown,18.0,15210.0,42003180300,42003180300,42003180300,38300,3.0,3,42003180300,2024
27761553,BP-2023-13924,BUILDING,"CONSTRUCTION OF A WOOD-FRAMED THREE-STORY SINGLE-FAMILY DWELLING WITH PREFABRICATED PRECAST CONCRETE FOUNDATION SYSTEM
AS WELL AS ONE-STORY OPEN PORCH AT FRONT AND DECK AT REAR",NEW CONSTRUCTION,175000.0,2024-01-03,0003P00262000000,"904 EUREKA ST, Pittsburgh, PA 15210-",40.4236548512,-79.9915221793,3.0,Allentown,18.0,15210.0,42003180300,42003180300,42003180300,38300,3.0,3,42003180300,2024
27761562,BP-2023-14003,BUILDING,CONSTRUCTION OF A WOOD-FRAMED THREE-STORY SINGLE-FAMILY DWELLING WITH PREFABRICATED PRECAST CONCRETE FOUNDATION SYSTEM AS WELL AS ONE-STORY OPEN PORCH AT FRONT AND DECK AT REAR,NEW CONSTRUCTION,175000.0,2024-01-03,0014A00224000000,"618 EXCELSIOR ST, Pittsburgh, PA 15210-",40.4225790626,-79.9965873203,3.0,Allentown,18.0,15210.0,42003180300,42003180300,42003180300,38300,3.0,3,42003180300,2024
27761563,BP-2023-14007,BUILDING,"CONSTRUCTION OF A WOOD-FRAMED THREE-STORY SINGLE-FAMILY DWELLING WITH PREFABRICATED PRECAST CONCRETE FOUNDATION SYSTEM
AS WELL AS ONE-STORY OPEN PORCH AT FRONT AND DECK AT REAR",NEW CONSTRUCTION,175000.0,2024-01-03,0003N00160000000,"6 MILLBRIDGE ST, Pittsburgh, PA 15210-",40.4240001894,-79.9961076424,3.0,Allentown,18.0,15210.0,42003180300,42003180300,42003180300,38300,3.0,3,42003180300,2024
27761564,BP-2023-14008,BUILDING,CONSTRUCTION OF A WOOD-FRAMED THREE-STORY SINGLE-FAMILY DWELLING WITH PREFABRICATED PRECAST CONCRETE FOUNDATION SYSTEM AS WELL AS ONE-STORY OPEN PORCH AT FRONT AND DECK AT REAR,NEW CONSTRUCTION,175000.0,2024-01-03,0003P00216000000,"814 MCLAIN ST, Pittsburgh, PA 15210-",40.4241058397,-79.9934394126,3.0,Allentown,18.0,15210.0,42003180300,42003180300,42003180300,38300,3.0,3,42003180300,2024
27761566,BP-2023-14013,BUILDING,"INTERIOR ALTERATIONS AT THE 2ND FLOOR FOR TENANT FIT OUTS, INCUDING NEW WALLS, RESTROOMS, CASEWORK, AND FINISHES.",NEW CONSTRUCTION,200000.0,2023-12-15,0083N00125000100,"141 S SAINT CLAIR ST #601, Pittsburgh, PA 15206-",40.4621581093,-79.9287894046,9.0,East Liberty,8.0,15206.0,42003111500,42003111500,42003111500,38300,3.87,4,42003111500,2023
27761580,BP-2023-14083,BUILDING,"CONSTRUCTION OF 3 STORY ATTACHED SINGLE FAMILY DWELLING WITH ROOF TOP DECK, MACHINE ROOM, UNOCCUPIED BASEMENT AND INTEGRAL GARAGE",NEW CONSTRUCTION,200000.0,2024-06-13,0025H00108000000,"316 HARMAR ST, Pittsburgh, PA 15219-",40.4578863342,-79.9681982009,7.0,Polish Hill,6.0,15219.0,42003060500,42003060500,42003060500,38300,3.56,4,42003060500,2024
27761594,BP-2023-14152,BUILDING,CONSTRUCT 3-STORY SINGLE-FAMILY ATTACHED DWELLING WITH INTEGRAL PARKING (IN A GROUP OF 5 TOWN HOMES),NEW CONSTRUCTION,223373.0,2024-03-25,0011E00324000000,"1738 REED ST #424, Pittsburgh, PA 15219-",40.4398191177,-79.9819997078,6.0,Crawford-Roberts,3.0,15219.0,42003030500,42003030500,42003030500,38300,4.0,4,42003030500,2024
27761598,BP-2023-14164,BUILDING,FOUNDATION ONLY FOR FUTURE RESEARCH FACILITY,NEW CONSTRUCTION,5000000.0,2023-12-19,0056A00143000000,"4601 Composite ST, Pittsburgh, PA 15207-",40.4135183581,-79.9465743822,5.0,Hazelwood,15.0,15207.0,42003562901,42003562901,42003562901,38300,3.75,4,42003562901,2023
27761599,BP-2023-14168,BUILDING,CONSTRUCT 3-STORY SINGLE-FAMILY ATTACHED DWELLING WITH INTEGRAL PARKING (IN A GROUP OF 5 TOWN HOMES),NEW CONSTRUCTION,223373.0,2024-03-25,0011E00324000000,"1738 REED ST #424, Pittsburgh, PA 15219-",40.4398191177,-79.9819997078,6.0,Crawford-Roberts,3.0,15219.0,42003030500,42003030500,42003030500,38300,4.0,4,42003030500,2024
27761600,BP-2023-14169,BUILDING,CONSTRUCT 3-STORY SINGLE-FAMILY ATTACHED DWELLING WITH INTEGRAL PARKING (IN A GROUP OF 5 TOWN HOMES),NEW CONSTRUCTION,223373.0,2024-03-25,0011E00324000000,"1738 REED ST #424, Pittsburgh, PA 15219-",40.4398191177,-79.9819997078,6.0,Crawford-Roberts,3.0,15219.0,42003030500,42003030500,42003030500,38300,4.0,4,42003030500,2024
27761601,BP-2023-14170,BUILDING,CONSTRUCT 3-STORY SINGLE-FAMILY ATTACHED DWELLING WITH INTEGRAL PARKING (IN A GROUP OF 5 TOWN HOMES),NEW CONSTRUCTION,223373.0,2024-03-25,0011E00324000000,"1738 REED ST #424, Pittsburgh, PA 15219-",40.4398191177,-79.9819997078,6.0,Crawford-Roberts,3.0,15219.0,42003030500,42003030500,42003030500,38300,4.0,4,42003030500,2024
27761602,BP-2023-14172,BUILDING,CONSTRUCT 3-STORY SINGLE-FAMILY ATTACHED DWELLING WITH INTEGRAL PARKING (IN A GROUP OF 5 TOWN HOMES),NEW CONSTRUCTION,223373.0,2024-03-25,0011E00324000000,"1738 REED ST #424, Pittsburgh, PA 15219-",40.4398191177,-79.9819997078,6.0,Crawford-Roberts,3.0,15219.0,42003030500,42003030500,42003030500,38300,4.0,4,42003030500,2024
27761603,BP-2023-14173,BUILDING,CONSTRUCT 3-STORY SINGLE-FAMILY DWELLING,NEW CONSTRUCTION,223373.0,2024-03-25,0011E00324000000,"1738 REED ST #424, Pittsburgh, PA 15219-",40.4398191177,-79.9819997078,6.0,Crawford-Roberts,3.0,15219.0,42003030500,42003030500,42003030500,38300,4.0,4,42003030500,2024
27761604,BP-2023-14174,BUILDING,CONSTRUCT 3-STORY SINGLE-FAMILY DWELLING,NEW CONSTRUCTION,223373.0,2024-03-25,0011E00324000000,"1738 REED ST #424, Pittsburgh, PA 15219-",40.4398191177,-79.9819997078,6.0,Crawford-Roberts,3.0,15219.0,42003030500,42003030500,42003030500,38300,4.0,4,42003030500,2024
27761605,BP-2023-14175,BUILDING,CONSTRUCT 3-STORY SINGLE-FAMILY DWELLING,NEW CONSTRUCTION,223373.0,2024-03-25,0011E00324000000,"1738 REED ST #424, Pittsburgh, PA 15219-",40.4398191177,-79.9819997078,6.0,Crawford-Roberts,3.0,15219.0,42003030500,42003030500,42003030500,38300,4.0,4,42003030500,2024
27761606,BP-2023-14176,BUILDING,CONSTRUCT 3-STORY SINGLE-FAMILY ATTACHED DWELLING WITH INTEGRAL PARKING (IN A GROUP OF 3 TOWN HOMES),NEW CONSTRUCTION,223373.0,2024-03-25,0011A00326000000,"1829 REED ST, Pittsburgh, PA 15219-",40.4410720618,-79.981645253,6.0,Crawford-Roberts,3.0,15219.0,42003030500,42003030500,42003030500,38300,4.0,4,42003030500,2024
27761607,BP-2023-14178,BUILDING,CONSTRUCT 3-STORY SINGLE-FAMILY ATTACHED DWELLING WITH INTEGRAL PARKING (IN A GROUP OF 3 TOWN HOMES),NEW CONSTRUCTION,223373.0,2024-03-25,0011A00326000000,"1829 REED ST, Pittsburgh, PA 15219-",40.4410720618,-79.981645253,6.0,Crawford-Roberts,3.0,15219.0,42003030500,42003030500,42003030500,38300,4.0,4,42003030500,2024
27761608,BP-2023-14179,BUILDING,CONSTRUCT 3-STORY SINGLE-FAMILY ATTACHED DWELLING WITH INTEGRAL PARKING (IN A GROUP OF 3 TOWN HOMES),NEW CONSTRUCTION,223373.0,2024-03-25,0011A00326000000,"1829 REED ST, Pittsburgh, PA 15219-",40.4410720618,-79.981645253,6.0,Crawford-Roberts,3.0,15219.0,42003030500,42003030500,42003030500,38300,4.0,4,42003030500,2024
27761609,BP-2023-14181,BUILDING,CONSTRUCT 3-STORY TWO-FAMILY DWELLING,NEW CONSTRUCTION,223373.0,2024-03-27,0011A00326000000,"1829 REED ST, Pittsburgh, PA 15219-",40.4410720618,-79.981645253,6.0,Crawford-Roberts,3.0,15219.0,42003030500,42003030500,42003030500,38300,4.0,4,42003030500,2024
27761620,BP-2023-14245,BUILDING,"NEW 3'-4"" SEGMENTAL BLOCK RETAINING WALL AND GEOGRID SUPPORTING NEW CONCRETE PARKING PAD SURCHARGE.",NEW CONSTRUCTION,7000.0,2023-09-14,0049P00219000000,"3948 MINTWOOD ST, Pittsburgh, 15224-",40.464033275,-79.9579457189,7.0,Lower Lawrenceville,6.0,15201.0,42003060300,42003060300,42003060300,38300,3.37,4,42003060300,2023
27761640,BP-2023-14372,BUILDING,NEW 2 STORY HOUSE WITH REAR DECK AT 1ST FLOOR,NEW CONSTRUCTION,175000.0,2024-01-31,0003R00305000000,"8 RENWICK ST, Pittsburgh, PA 15210-",40.4240792076,-79.9902635484,3.0,Allentown,18.0,15210.0,42003180300,42003180300,42003180300,38300,3.0,3,42003180300,2024
27761641,BP-2023-14374,BUILDING,NEW 3 STORY HOUSE WITH REAR DECK AT 2ND FLOOR,NEW CONSTRUCTION,175000.0,2024-01-31,0003R00306000000,"6 RENWICK ST, Pittsburgh, PA 15210-",40.4240119827,-79.9902632484,3.0,Allentown,18.0,15210.0,42003180300,42003180300,42003180300,38300,3.0,3,42003180300,2024
27761671,BP-2023-14502,BUILDING,CONSTRUCTION OF A 3 STORY MODULAR SINGLE FAMILY DWELLING (ATTACHED) WITH SITE BUILT FOUNDATION AND 2 CAR INTEGRAL GARAGE AND DECK AT FRONT,NEW CONSTRUCTION,150000.0,2023-12-08,0011D00043000000,"3117 ELLERS ST, Pittsburgh, PA 15213-",40.4411319958,-79.9672122877,6.0,West Oakland,4.0,15213.0,42003040200,42003040200,42003040200,38300,3.99,4,42003040200,2023
27761672,BP-2023-14503,BUILDING,CONSTRUCTION OF A 3 STORY MODULAR SINGLE FAMILY DWELLING (ATTACHED) WITH SITE BUILT FOUNDATION AND 2 CAR INTEGRAL GARAGE AND DECK AT FRONT,NEW CONSTRUCTION,150000.0,2023-12-08,0011D00042000000,"3119 ELLERS ST, Pittsburgh, PA 15213-",40.4411460381,-79.9671230102,6.0,West Oakland,4.0,15213.0,42003040200,42003040200,42003040200,38300,3.99,4,42003040200,2023
27761673,BP-2023-14504,BUILDING,CONSTRUCTION OF A 3 STORY MODULAR SINGLE FAMILY DWELLING (DETTACHED) WITH SITE BUILT FOUNDATION AND 2 CAR INTEGRAL GARAGE AND DECK AT FRONT,NEW CONSTRUCTION,150000.0,2023-12-08,0011D00041000000,"3121 ELLERS ST, Pittsburgh, PA 15213-",40.4411645987,-79.9670215006,6.0,West Oakland,4.0,15213.0,42003040200,42003040200,42003040200,38300,3.99,4,42003040200,2023
27761751,BP-2023-15068,BUILDING,CONSTRUCTION OF WOOD-FRAMED THREE-STORY SINGLE-FAMILY DWELLING WITH ROOF DECK AND INTEGRAL DOUBLE-CAR GARAGE,NEW CONSTRUCTION,125000.0,2023-11-15,0082N00155000000,"5436 JACKSON ST, Pittsburgh, PA 15206-",40.4733604127,-79.9290798822,7.0,Morningside,11.0,15206.0,42003101400,42003101400,42003101400,38300,2.29,2,42003101400,2023
27761755,BP-2023-15087,BUILDING,INSTALL 7' TALL FENCE AT SIDE AND REAR OF SINGLE FAMILY DWELLING.,NEW CONSTRUCTION,13000.0,2023-11-06,0052C00303000000,"624 PITCAIRN PL, Pittsburgh, 15232-",40.4509109995,-79.9397636155,8.0,Shadyside,7.0,15232.0,42003070300,42003070300,42003070300,38300,1.84,2,42003070300,2023
27761775,BP-2023-15142,BUILDING,CONSTRUCTION OF NEW SINGLE-FAMILY DWELLING,NEW CONSTRUCTION,150000.0,2023-12-12,0056C00241000000,"333 FLOWERS AVE, Pittsburgh, PA 15207-",40.4116705572,-79.9396850403,5.0,Hazelwood,15.0,15207.0,42003562300,42003562300,42003562300,38300,3.44,4,42003562300,2023
27761844,BP-2023-15630,BUILDING,NEW TWO STORY SINGLE FAMILY DWELLING.,NEW CONSTRUCTION,75000.0,2023-12-12,0056C00240000000,"337 FLOWERS AVE, Pittsburgh, PA 15207-",40.4117175053,-79.9395946278,5.0,Hazelwood,15.0,15207.0,42003562300,42003562300,42003562300,38300,3.44,4,42003562300,2023
27761845,BP-2023-15632,BUILDING,NEW 2 STORY SINGLE FAMILY DWELLING.,NEW CONSTRUCTION,75000.0,2023-12-12,0056C00239000000,"341 FLOWERS AVE, Pittsburgh, PA 15207-",40.4117599738,-79.9394958047,5.0,Hazelwood,15.0,15207.0,42003562300,42003562300,42003562300,38300,3.44,4,42003562300,2023
27761871,BP-2023-15783,BUILDING,"4,377 SF TENANT FIT-OUT ON GROUND FLOOR FOR DINING ESTABLISHMENT.",NEW CONSTRUCTION,100000.0,2024-03-04,0084C00055000000,"6226 PENN AVE, Pittsburgh, PA 15206-",40.460015708,-79.9231934238,8.0,Shadyside,7.0,15206.0,42003070800,42003070800,42003070800,38300,2.9,3,42003070800,2024
27761873,BP-2023-15842,BUILDING,"INTERIOR ALTERATIONS TO CONSTRUCT DEMISING WALL TO CREATE TWO SHELL TENANT SPACES (4,216 SQ FT AND 2,479 SQ FT) AND THE CONSTRUCTION OF INTERIOR AND EXTERIOR RAMPS.",NEW CONSTRUCTION,150000.0,2024-01-31,0049E00128000000,"3913 BUTLER ST, Pittsburgh, PA 15201-",40.4685327573,-79.9639972173,7.0,Lower Lawrenceville,6.0,15201.0,42003060300,42003060300,42003060300,38300,3.37,4,42003060300,2024
27761927,BP-2023-16160,BUILDING,"PHASED BUILDING CONSTRUCTION FOR OFFICE TENANT FIT-OUT ON 25TH AND 26TH FLOORS INCLUDING, RESTROOMS, WALLS, CASEWORK, AND FINISHES",NEW CONSTRUCTION,5875000.0,2024-01-29,0002C00450000100,"626 WASHINGTON PL #2501, Pittsburgh, PA 15219-",40.4415602968,-79.9914618561,6.0,Crawford-Roberts,3.0,15219.0,42003030500,42003030500,42003030500,38300,4.0,4,42003030500,2024
27762076,BP-2023-17243,BUILDING,"NEW CONSTRUCTION OF 3 STORY SINGLE FAMILY DWELLING WITH INTEGRAL GARAGE, ROOFTOP DECK, FRONT AND REAR PORCH",NEW CONSTRUCTION,500000.0,2024-05-01,0049K00026000000,"290 39TH ST, Pittsburgh, PA 15201-",40.4652551742,-79.961300599,7.0,Lower Lawrenceville,6.0,15201.0,42003060300,42003060300,42003060300,38300,3.37,4,42003060300,2024
27762078,BP-2023-17247,BUILDING,CONSTRUCTION OF 6 STORY APARTMENT BUILDING,NEW CONSTRUCTION,11900000.0,2024-01-03,0025F00184000000,"2935 SMALLMAN ST, Pittsburgh, PA 15201-",40.4592203327,-79.9744889146,1.0,Strip District,6.0,15201.0,42003020300,42003020300,42003020300,38300,4.0,4,42003020300,2024
27762079,BP-2023-17248,BUILDING,"CONSTRUCTION OF NEW SIX STORY PODIUM STRUCTURE (IA ON GROUND IIIA 2-6th FLOORS) WITH TENANT AMENITY SPACE, OUTDOOR COURTYARD AND POOL AT FIRST STORY ROOF, APARTMENTS ON STORIES TWO THROUGH SIX",NEW CONSTRUCTION,16100000.0,2024-01-03,0025F00110000000,"102 30TH ST #631, Pittsburgh, PA 15201-",40.4597006087,-79.9745783674,1.0,Strip District,6.0,15201.0,42003020300,42003020300,42003020300,38300,4.0,4,42003020300,2024
27762082,BP-2023-17255,BUILDING,DEMOLITION OF EXISTING GARAGE AND CONSTRUCTION OF NEW DETATCHED GARAGE AT REAR OF EXISTING SINGLE-FAMILY DWELLING,NEW CONSTRUCTION,30000.0,2023-11-09,0177E00129000000,"1111 RICHMOND ST, Pittsburgh, 15218-",40.4304326329,-79.8983615671,5.0,Regent Square,14.0,15218.0,42003141200,42003141200,42003141200,38300,1.56,1,42003141200,2023
27762206,BP-2023-17986,BUILDING,NEW 3 STORY HOUSE WITH PREFABRICATED FOUNDATION,NEW CONSTRUCTION,175000.0,2024-01-03,0014B00057000000,"719 EXCELSIOR ST, Pittsburgh, PA 15210-",40.4229180369,-79.9950334736,3.0,Allentown,18.0,15210.0,42003180300,42003180300,42003180300,38300,3.0,3,42003180300,2024
27762208,BP-2023-17989,BUILDING,NEW 3 STORY HOUSE WITH PREFABRICATED FOUNDATION,NEW CONSTRUCTION,175000.0,2024-01-03,0014B00067000000,"728 EXCELSIOR ST, Pittsburgh, PA 15210-",40.4226432349,-79.9947498429,3.0,Allentown,18.0,15210.0,42003180300,42003180300,42003180300,38300,3.0,3,42003180300,2024
27762210,BP-2023-17991,BUILDING,NEW 2 STORY HOUSE WITH PREFABRICATED FOUNDATION,NEW CONSTRUCTION,175000.0,2024-01-31,0014B00222000000,"803 EXCELSIOR ST, Pittsburgh, PA 15210-",40.4229757725,-79.9935776072,3.0,Allentown,18.0,15210.0,42003180300,42003180300,42003180300,38300,3.0,3,42003180300,2024
27762211,BP-2023-17992,BUILDING,NEW 3 STORY HOUSE WITH PREFABRICATED FOUNDATION,NEW CONSTRUCTION,175000.0,2024-11-19,0014B00223000000,"805 EXCELSIOR ST, Pittsburgh, PA 15210-",40.4229770315,-79.9934828595,3.0,Allentown,18.0,15210.0,42003180300,42003180300,42003180300,38300,3.0,3,42003180300,2024
27762212,BP-2023-17993,BUILDING,NEW 2 STORY HOUSE WITH PREFABRICATED FOUNDATION,NEW CONSTRUCTION,175000.0,2024-01-31,0014B00224000000,"807 EXCELSIOR ST, Pittsburgh, PA 15210-",40.4229774226,-79.9933875273,3.0,Allentown,18.0,15210.0,42003180300,42003180300,42003180300,38300,3.0,3,42003180300,2024
27762227,BP-2023-18109,BUILDING,NEW 3 STORY HOUSE WITH PREFABRICATED FOUNDATION,NEW CONSTRUCTION,175000.0,2024-01-03,0014B00078000000,"45 ALLEN ST, Pittsburgh, PA 15210-",40.4224404312,-79.9940011363,3.0,Allentown,18.0,15210.0,42003180300,42003180300,42003180300,38300,3.0,3,42003180300,2024
27762272,BP-2023-18323,BUILDING,NEW 3 STORY HOUSE WITH PREFABRICATED FOUNDATION,NEW CONSTRUCTION,175000.0,2024-01-03,0003P00186000000,"717 EUREKA ST, Pittsburgh, PA 15210-",40.42387665,-79.995086221,3.0,Allentown,18.0,15210.0,42003180300,42003180300,42003180300,38300,3.0,3,42003180300,2024
27762273,BP-2023-18326,BUILDING,NEW 3 STORY HOUSE WITH PREFABRICATED FOUNDATION,NEW CONSTRUCTION,175000.0,2024-01-03,0003P00187000000,"719 EUREKA ST, Pittsburgh, PA 15210-",40.4238791418,-79.9949754744,3.0,Allentown,18.0,15210.0,42003180300,42003180300,42003180300,38300,3.0,3,42003180300,2024
27762294,BP-2023-18427,BUILDING,CONSTRUCTION OF NEW THREE STORY BUILDING AS A SINGLE FAMILY (DETACHED) DWELLING WTH ONE PORCH AT FRONT; FIRST FLOOR DECK AND ONE CAR PARKING PAD AT REAR,NEW CONSTRUCTION,175000.0,2024-01-03,0014B00006000000,"724 EUREKA ST, Pittsburgh, PA 15210-",40.4234951571,-79.9948544176,3.0,Allentown,18.0,15210.0,42003180300,42003180300,42003180300,38300,3.0,3,42003180300,2024
27762296,BP-2023-18429,BUILDING,CONSTRUCTION OF NEW THREE STORY BUILDING AS A SINGLE FAMILY (DETACHED) DWELLING WTH ONE PORCH AT FRONT; FIRST FLOOR DECK AND ONE CAR PARKING PAD AT REAR,NEW CONSTRUCTION,175000.0,2024-01-03,0014B00007000000,"726 EUREKA ST, Pittsburgh, PA 15210-",40.4234944527,-79.9947664643,3.0,Allentown,18.0,15210.0,42003180300,42003180300,42003180300,38300,3.0,3,42003180300,2024
27762304,BP-2023-18473,BUILDING,CONSTRUCTION OF NEW ONE-STORY BUILDING,NEW CONSTRUCTION,900000.0,2024-04-01,0022D00109000000,"1901 BRIGHTON RD, Pittsburgh, 15212-",40.4603235851,-80.0184547241,6.0,California-Kirkbride,25.0,15212.0,42003565200,42003565200,42003565200,38300,4.0,4,42003565200,2024
27762306,BP-2023-18499,BUILDING,NEW 2 STORY HOUSE WITH PREFABRICATED FOUNDATION,NEW CONSTRUCTION,175000.0,2024-01-31,0003P00281000000,"732 EUREKA ST, Pittsburgh, PA 15210-",40.4236005848,-79.9945071017,3.0,Allentown,18.0,15210.0,42003180300,42003180300,42003180300,38300,3.0,3,42003180300,2024
27762308,BP-2023-18502,BUILDING,NEW 2 STORY HOUSE WITH PREFABRICATED FOUNDATION,NEW CONSTRUCTION,175000.0,2024-01-31,0003P00197000000,"731 EUREKA ST, Pittsburgh, PA 15210-",40.4238860563,-79.9945051939,3.0,Allentown,18.0,15210.0,42003180300,42003180300,42003180300,38300,3.0,3,42003180300,2024
27762309,BP-2023-18504,BUILDING,NEW 2 STORY HOUSE WITH PREFABRICATED FOUNDATION,NEW CONSTRUCTION,175000.0,2024-01-31,0014B00010000000,"734 EUREKA ST, Pittsburgh, PA 15210-",40.4234997207,-79.9944171242,3.0,Allentown,18.0,15210.0,42003180300,42003180300,42003180300,38300,3.0,3,42003180300,2024
27762310,BP-2023-18505,BUILDING,NEW 2 STORY HOUSE WITH PREFABRICATED FOUNDATION,NEW CONSTRUCTION,175000.0,2024-01-31,0003P00277000000,"740 EUREKA ST, Pittsburgh, PA 15210-",40.423586157,-79.9942357158,3.0,Allentown,18.0,15210.0,42003180300,42003180300,42003180300,38300,3.0,3,42003180300,2024
27762437,BP-2023-19298,BUILDING,CONSTRUCTTION OF NEW MODULAR SINGLE-FAMILY DWELLING ON PRECAST FOUNDATION,NEW CONSTRUCTION,200000.0,2024-04-09,0050G00303000000,"5205 COLUMBO ST, Pittsburgh, PA 15224-",40.4692769622,-79.938829449,9.0,Garfield,10.0,15224.0,42003101900,42003101900,42003101900,38300,3.97,4,42003101900,2024
27762444,BP-2023-19344,BUILDING,CONSTRUCTION OF 3 STORY 2 FAMILY ATTACHED DWELLING WITH INTEGRAL GARAGE IN LOWER LEVEL (Sub Building Permit for BP-2022-13065 ),NEW CONSTRUCTION,275000.0,2023-12-01,0028H00223000000,"373 YARROW Way #2, Pittsburgh, PA 15213-",40.4400640167,-79.9517622328,3.0,Central Oakland,4.0,15213.0,42003040500,42003040500,42003040500,38300,3.0,3,42003040500,2023
27762452,BP-2023-19380,BUILDING,CONSTRUCTION OF 3 STORY 2 FAMILY ATTACHED DWELLING WITH INTEGRAL GARAGE IN LOWER LEVEL (Sub Building Permit for BP-2022-13067 ),NEW CONSTRUCTION,275000.0,2023-12-01,0028H00221000000,"372 JONCAIRE ST #2, Pittsburgh, PA 15213-",40.4402874712,-79.9516551313,3.0,Central Oakland,4.0,15213.0,42003040500,42003040500,42003040500,38300,3.0,3,42003040500,2023
27762453,BP-2023-19381,BUILDING,CONSTRUCTION OF 3 STORY 2 FAMILY ATTACHED DWELLING WITH INTEGRAL GARAGE IN LOWER LEVEL (Sub Building Permit for BP-2022-13068 ),NEW CONSTRUCTION,275000.0,2023-12-01,0028H00222000000,"374 JONCAIRE ST #2, Pittsburgh, PA 15213-",40.4402668261,-79.9515456468,3.0,Central Oakland,4.0,15213.0,42003040500,42003040500,42003040500,38300,3.0,3,42003040500,2023
27762454,BP-2023-19384,BUILDING,CONSTRUCTION OF 3 STORY 2 UNIT DWELLING WITH INTEGRAL GARAGE IN LOWER LEVEL,NEW CONSTRUCTION,275000.0,2023-12-01,0028H00224000000,"371 YARROW Way #2, Pittsburgh, PA 15213-",40.4401082078,-79.9518450536,3.0,Central Oakland,4.0,15213.0,42003040500,42003040500,42003040500,38300,3.0,3,42003040500,2023
27762456,BP-2023-19390,BUILDING,INITIAL TENANT FIT OUT ON PARTIAL FIRST FLOOR OF A 6-STORY PODIUM BUILDING,NEW CONSTRUCTION,1200000.0,2025-03-05,0084G00258000000,"163 SHADY AVE #114, Pittsburgh, PA 15206-",40.4587972853,-79.9211060768,8.0,Shadyside,7.0,15206.0,42003070800,42003070800,42003070800,38300,2.9,3,42003070800,2025
27762457,BP-2023-19394,BUILDING,NEW CONSTRUCTION OF A THREE STORY MEDICAL OFFICE AND OUTPATIENT BUILDING WITH ACCESSORY SURFACE PARKING LOT.,NEW CONSTRUCTION,18300000.0,2024-09-05,0174N00077000000,"7225 HAMILTON AVE, Pittsburgh, PA 15208-",40.4545762561,-79.8960532333,9.0,Homewood South,13.0,15208.0,42003130800,42003130800,42003130800,38300,3.56,4,42003130800,2024
27762473,BP-2023-19503,BUILDING,"COMPLETION OF PHASED CONSTRUCTION OF NEW APARTMENT BUILDING: THIS PHASE INCLUDES SUPERSTRUCTURE ABOVE 2ND FLOOR MEZZANINE LEVEL; COMPLETE EXTERIOR SHELL, BUILDING CORE, AND INTERIOR FIT-OUT THROUGHOUT",NEW CONSTRUCTION,31990000.0,2024-09-16,0119S00242000000,"5275 BUTLER ST #690, Pittsburgh, PA 15201-",40.4820317757,-79.9531533024,7.0,Upper Lawrenceville,10.0,15201.0,42003101100,42003101100,42003101100,38300,3.32,4,42003101100,2024
27762483,BP-2023-19563,BUILDING,NEW CONSTRUCTION OF A 3-STORY BUILDING EXCLUDING FOUNDATION APPROVED UNDER BP-2023-14164,NEW CONSTRUCTION,23890000.0,2024-05-21,0056A00143000000,"4601 Composite ST, Pittsburgh, PA 15207-",40.4135183581,-79.9465743822,5.0,Hazelwood,15.0,15207.0,42003562901,42003562901,42003562901,38300,3.75,4,42003562901,2024
27762528,BP-2023-19862,BUILDING,"NEW STORY SINGLE FAMILY, SINGLE STORY DWELLING WITH PORCH AND FRONT AND REAR",NEW CONSTRUCTION,175000.0,2024-01-31,0003P00213000000,"6 ALLEN ST, Pittsburgh, PA 15210-",40.4239980757,-79.9936196793,3.0,Allentown,18.0,15210.0,42003180300,42003180300,42003180300,38300,3.0,3,42003180300,2024
27762529,BP-2023-19864,BUILDING,NEW SINGLE STORY HOUSE WITH PREFABRICATED FOUNDATION,NEW CONSTRUCTION,175000.0,2024-01-31,0014A00215000000,"636 EXCELSIOR ST, Pittsburgh, PA 15210-",40.4226573833,-79.9959846303,3.0,Allentown,18.0,15210.0,42003180300,42003180300,42003180300,38300,3.0,3,42003180300,2024
27762530,BP-2023-19865,BUILDING,NEW SINGLE STORY HOUSE WITH PREFABRICATED FOUNDATION,NEW CONSTRUCTION,175000.0,2024-01-31,0014A00314000000,"702 EXCELSIOR ST, Pittsburgh, PA 15210-",40.4226612161,-79.995653726,3.0,Allentown,18.0,15210.0,42003180300,42003180300,42003180300,38300,3.0,3,42003180300,2024
27762624,BP-2023-20540,BUILDING,"CONSTRUCTION OF ATTACHED SINGLE FAMILY 4 STORY DWELLING AT 1623 GRANDVIEW AVE, TOWN I",NEW CONSTRUCTION,325000.0,2024-12-24,0006G00010000000,"1623 GRANDVIEW AVE, Pittsburgh, PA 15211-",40.4405439125,-80.0239827781,2.0,Duquesne Heights,19.0,15211.0,42003191100,42003191100,42003191100,38300,3.42,4,42003191100,2024
27762626,BP-2023-20548,BUILDING,CONSTRUCTION OF ATTACHED SINGLE FAMILY 4 STORY DWELLING AT 1621 GRANDVIEW AVE TOWN II,NEW CONSTRUCTION,325000.0,2024-12-24,0006G00012000000,"1621 GRANDVIEW AVE, Pittsburgh, PA 15211-",40.4405090678,-80.0238978764,2.0,Duquesne Heights,19.0,15211.0,42003191100,42003191100,42003191100,38300,3.42,4,42003191100,2024
27762627,BP-2023-20549,BUILDING,CONSTRUCTION OF ATTACHED SINGLE FAMILY 4 STORY DWELLING AT 1619 GRANDVIEW AVE TOWN II,NEW CONSTRUCTION,325000.0,2024-12-24,0006G00015000000,"1619 GRANDVIEW AVE, Pittsburgh, PA 15211-",40.4404757556,-80.0238323885,2.0,Duquesne Heights,19.0,15211.0,42003191100,42003191100,42003191100,38300,3.42,4,42003191100,2024
27762628,BP-2023-20550,BUILDING,CONSTRUCTION OF ATTACHED SINGLE FAMILY 4 STORY DWELLING AT (1617 GRANDVIEW AVE TYPE TOWN 1,NEW CONSTRUCTION,325000.0,2024-12-24,0006G00016000000,"1617 GRANDVIEW AVE, Pittsburgh, PA 15211-",40.4404321481,-80.0237508775,2.0,Duquesne Heights,19.0,15211.0,42003191100,42003191100,42003191100,38300,3.42,4,42003191100,2024
27762679,BP-2023-20825,BUILDING,CONSTRUCTION OF A PRE-CAST CONCRETE WALL,NEW CONSTRUCTION,492800.0,2024-02-28,0084G00258000000,"163 SHADY AVE #114, Pittsburgh, PA 15206-",40.4587972853,-79.9211060768,8.0,Shadyside,7.0,15206.0,42003070800,42003070800,42003070800,38300,2.9,3,42003070800,2024
27762735,BP-2023-21229,BUILDING,"NEW CONSTRUCTION, 3-STORY CONDOMINIUM BUILDING WITH 4 DWELLING UNITS.",NEW CONSTRUCTION,1350000.0,2024-06-24,0056B00326000000,"125 HAZELWOOD AVE #202, Pittsburgh, PA 15207-",40.4116286437,-79.9442056368,5.0,Hazelwood,15.0,15207.0,42003562901,42003562901,42003562901,38300,3.75,4,42003562901,2024
27762860,BP-2024-00726,BUILDING,CONSTRUCTION OF ATTACHED SINGLE FAMILY 4 STORY DWELLING AT (1611 GRANDVIEW AVE TYPE TOWN 1,NEW CONSTRUCTION,325000.0,2024-12-24,0006G00018000000,"1611 GRANDVIEW AVE, Pittsburgh, PA 15211-",40.4403797902,-80.0236520731,2.0,Duquesne Heights,19.0,15211.0,42003191100,42003191100,42003191100,38300,3.42,4,42003191100,2024
27762861,BP-2024-00727,BUILDING,CONSTRUCTION OF ATTACHED SINGLE FAMILY 4 STORY DWELLING AT (1609 GRANDVIEW AVE TYPE TOWN II,NEW CONSTRUCTION,325000.0,2024-12-24,0006G00019000000,"1609 GRANDVIEW AVE, Pittsburgh, PA 15211-",40.440336542,-80.0235701615,2.0,Duquesne Heights,19.0,15211.0,42003191100,42003191100,42003191100,38300,3.42,4,42003191100,2024
27762862,BP-2024-00728,BUILDING,CONSTRUCTION OF ATTACHED SINGLE FAMILY 4 STORY DWELLING AT (1607 GRANDVIEW AVE TYPE TOWN II,NEW CONSTRUCTION,325000.0,2024-12-24,0006G00020000000,"1607 GRANDVIEW AVE, Pittsburgh, PA 15211-",40.4403019962,-80.0235052807,2.0,Duquesne Heights,19.0,15211.0,42003191100,42003191100,42003191100,38300,3.42,4,42003191100,2024
27762863,BP-2024-00729,BUILDING,CONSTRUCTION OF ATTACHED SINGLE FAMILY 4 STORY DWELLING AT (1605 GRANDVIEW AVE TYPE TOWN II,NEW CONSTRUCTION,325000.0,2024-12-24,0006G00021000000,"1605 GRANDVIEW AVE, Pittsburgh, PA 15211-",40.4402737661,-80.0234356063,2.0,Duquesne Heights,19.0,15211.0,42003191100,42003191100,42003191100,38300,3.42,4,42003191100,2024
27762864,BP-2024-00730,BUILDING,CONSTRUCTION OF ATTACHED SINGLE FAMILY 4 STORY DWELLING AT (1603 GRANDVIEW AVE TYPE TOWN I,NEW CONSTRUCTION,325000.0,2024-12-24,0006G00022000000,"1603 GRANDVIEW AVE, Pittsburgh, PA 15211-",40.4402475089,-80.0233415802,2.0,Duquesne Heights,19.0,15211.0,42003191100,42003191100,42003191100,38300,3.42,4,42003191100,2024
27762874,BP-2024-00754,BUILDING,CONSTRUCT A NEW TWO STORIES AND A BASEMENT SINGLE FAMILY DWELLING WITH A ROOF DECK AND A RETAINING WALL,NEW CONSTRUCTION,225000.0,2024-08-20,0003K00165000000,"620 WINDOM ST, Pittsburgh, PA 15203-",40.4271114307,-79.9931662843,3.0,South Side Slopes,17.0,15203.0,42003170600,42003170600,42003170600,38300,3.74,4,42003170600,2024
27762888,BP-2024-00874,BUILDING,NEW SINGLE FAMILY MODULAR DWELLING WITH MODULAR FOUNDATION SYSTEM,NEW CONSTRUCTION,200000.0,2024-07-17,0009M00167000000,"843 LEDLIE ST, Pittsburgh, PA 15219-",40.4469378987,-79.9833621168,6.0,Crawford-Roberts,3.0,15219.0,42003030500,42003030500,42003030500,38300,4.0,4,42003030500,2024
27762889,BP-2024-00875,BUILDING,NEW SINGLE FAMILY MODULAR DWELLING WITH MODULAR FOUNDATION SYSTEM,NEW CONSTRUCTION,200000.0,2024-07-17,0009M00169000000,"841 LEDLIE ST, Pittsburgh, PA 15219-",40.446882921,-79.9833222267,6.0,Crawford-Roberts,3.0,15219.0,42003030500,42003030500,42003030500,38300,4.0,4,42003030500,2024
27762909,BP-2024-00973,BUILDING,"PHASED BUILDING CONSTRUCTION FOR OFFICE TENANT FIT-OUT ON 16TH FLR INCLUDING, WALLS, CASEWORK, AND FINISHES",NEW CONSTRUCTION,2000000.0,2024-03-26,0002C00450000100,"626 WASHINGTON PL #2501, Pittsburgh, PA 15219-",40.4415602968,-79.9914618561,6.0,Crawford-Roberts,3.0,15219.0,42003030500,42003030500,42003030500,38300,4.0,4,42003030500,2024
27762913,BP-2024-00998,BUILDING,ADD 22.53' X 10' FIRST FLOOR DECK AT REAR OF SINGLE FAMILY DWELLING.,NEW CONSTRUCTION,14000.0,2024-02-22,0081C00244000000,"1149 MCCABE ST, Pittsburgh, 15201-",40.4797870204,-79.9398303192,9.0,Stanton Heights,10.0,15201.0,42003100500,42003100500,42003100500,38300,3.09,3,42003100500,2024
27762985,BP-2024-01451,BUILDING,"INSTALLATION OF FREE-STANDING PEDESTAL AND ARTIFACT (KETCHUP BOTTLE), ACCESSORY TO EXISTING BUILDING",NEW CONSTRUCTION,128680.0,2024-07-02,0009K00118000000,"1212 SMALLMAN ST, Pittsburgh, 15222-",40.4466359284,-79.992147371,1.0,Strip District,2.0,15222.0,42003020300,42003020300,42003020300,38300,4.0,4,42003020300,2024
27763026,BP-2024-01665,BUILDING,"INITIAL TENANT FIT-OUT, INCLUDING NEW WALLS, RESTROOMS, CASEWORK, AND FINISHES.",NEW CONSTRUCTION,250000.0,2024-04-25,0049E00128000000,"3913 BUTLER ST, Pittsburgh, PA 15201-",40.4685327573,-79.9639972173,7.0,Lower Lawrenceville,6.0,15201.0,42003060300,42003060300,42003060300,38300,3.37,4,42003060300,2024
27763042,BP-2024-01797,BUILDING,"INTERIOR ALTERATIONS FOR FIT-OUT OF RETAIL BANKING/ LOUNGE/ CAFE SPACE, INCLUDING NEW WALLS, FLOORS, RESTROOMS, STAIRS, LIFT, CASEWORK, AND FINISHES.",NEW CONSTRUCTION,1500000.0,2024-05-10,0002C00450000100,"626 WASHINGTON PL #2501, Pittsburgh, PA 15219-",40.4415602968,-79.9914618561,6.0,Crawford-Roberts,3.0,15219.0,42003030500,42003030500,42003030500,38300,4.0,4,42003030500,2024
27763047,BP-2024-01829,BUILDING,ALTERATIONS TO CORE AND SHELL BUILDING FOR INITIAL FIT-OUT OF GROCERY STORE.,NEW CONSTRUCTION,452046.0,2024-12-19,0084G00258000000,"163 SHADY AVE #114, Pittsburgh, PA 15206-",40.4587972853,-79.9211060768,8.0,Shadyside,7.0,15206.0,42003070800,42003070800,42003070800,38300,2.9,3,42003070800,2024
27763051,BP-2024-01838,BUILDING,"TENANT FIT OUT OF 11,814SQFT OF 2ND FLOOR SPACE INTO THREE SEPARATE TENANT SPACES.",NEW CONSTRUCTION,286000.0,2024-03-13,0125J00120000000,"6501 LIVING PL, Pittsburgh, PA 15206-",40.4562370919,-79.9162070297,8.0,Shadyside,7.0,15206.0,42003070800,42003070800,42003070800,38300,2.9,3,42003070800,2024
27763060,BP-2024-01881,BUILDING,CONSTRUCTION OF NEW TWO-STORY WOOD FRAMED SINGLE-FAMILY DWELLING WITH INTEGRAL TWO-CAR GARAGE AND ROOF DECKS AT SECOND-FLOOR LEVEL OF FRONT & REAR OF DWELLING. DWELLING LOCATED IN AMONGST AND ADJACENT TO REMAINING STONE WALLS LEFT AFTER DEMOLITION (DP-2022-15099) OF EXISTING RESIDENCE LEAVING FREE STANDING ONE-STORY STONE WALLS.,NEW CONSTRUCTION,1859339.0,2025-06-17,0052F00162000000,"624 MOREWOOD AVE, Pittsburgh, PA 15213-",40.4500836175,-79.9432378887,8.0,Shadyside,7.0,15213.0,42003070900,42003070900,42003070900,38300,1.57,1,42003070900,2025
27763061,BP-2024-01883,BUILDING,"TENANT FIT-OUT OF 6,047 SQFT OF OFFICE SPACE ON 2ND FLOOR OF 7-STORY BUILDING.",NEW CONSTRUCTION,367000.0,2024-03-20,0008K00022000000,"271 NORTH SHORE DR #700, Pittsburgh, PA 15212-",40.4460312776,-80.0093046886,6.0,North Shore,22.0,15212.0,42003981200,42003981200,42003981200,38300,4.0,4,42003981200,2024
27763086,BP-2024-02055,BUILDING,"INTERIOR ALTERATIONS, INCLUDING NEW WALLS, CASEWORK, AND FINSHES.",NEW CONSTRUCTION,100000.0,2024-03-26,0002C00450000100,"626 WASHINGTON PL #2501, Pittsburgh, PA 15219-",40.4415602968,-79.9914618561,6.0,Crawford-Roberts,3.0,15219.0,42003030500,42003030500,42003030500,38300,4.0,4,42003030500,2024
27763089,BP-2024-02077,BUILDING,INITIAL TENANT FITOUT OF 1ST FLOOR TENANT SPACE AS RESTAURANT,NEW CONSTRUCTION,1082451.0,2024-12-16,0009G00170000000,"1447 SMALLMAN ST, Pittsburgh, PA 15222-",40.4486022823,-79.9903585214,1.0,Strip District,2.0,15222.0,42003020300,42003020300,42003020300,38300,4.0,4,42003020300,2024
27763100,BP-2024-02120,BUILDING,"NEW THREE STORY STRUCTURE WITH TWO CAR INTEGRAL GARAGE AND 18'8"" X 11'9"" THIRD FLOOR DECK AT REAR & 8' X 6' SECOND FLOOR DECK AT SOUTHERLY SIDE, TWO CAR PARKING PAD AT REAR, 6' TALL FENCE ALONG NORTHERLY SIDE OF SINGLE FAMILY DWELLING.",NEW CONSTRUCTION,300000.0,2024-04-12,0024K00328000000,"909 RICKENBACH ST, Pittsburgh, PA 15212-",40.4568581576,-79.9934473985,1.0,East Allegheny,23.0,15212.0,42003563202,42003563202,42003563202,38300,3.99,4,42003563202,2024
27763101,BP-2024-02124,BUILDING,"NEW THREE STORY STRUCTURE WITH TWO CAR INTEGRAL GARAGE AND 18'8"" X 11'9"" THIRD FLOOR DECK AT REAR & 8' X 6' SECOND FLOOR DECK AT SOUTHERLY SIDE, TWO CAR PARKING PAD AT REAR, 6' TALL FENCE ALONG NORTHERLY SIDE OF SINGLE FAMILY DWELLING.",NEW CONSTRUCTION,300000.0,2024-04-12,0024K00329000000,"911 RICKENBACH ST, Pittsburgh, PA 15212-",40.4569435572,-79.9934769393,1.0,East Allegheny,23.0,15212.0,42003563202,42003563202,42003563202,38300,3.99,4,42003563202,2024
27763149,BP-2024-02436,BUILDING,"SINGLE FAMILY 3 STORY WITH INTEGRATED 1 CAR GARAGE, 2ND FLOOR REAR DECK,  AND 3RD STORY FRONT COVERED DECK",NEW CONSTRUCTION,300000.0,2024-10-18,0003M00113000000,"1407 SARAH ST, Pittsburgh, PA 15203-",40.4277805388,-79.9838149891,3.0,South Side Flats,17.0,15203.0,42003170200,42003170200,42003170200,38300,4.0,4,42003170200,2024
27763150,BP-2024-02437,BUILDING,2-FAMILY 3 STORY WITH INTEGRATED 2 CAR GARAGE AND 3RD STORY FRONT COVERED DECK,NEW CONSTRUCTION,300000.0,2024-10-18,0003M00112000000,"1403 SARAH ST #2, Pittsburgh, PA 15203-",40.4277801237,-79.9838913071,3.0,South Side Flats,17.0,15203.0,42003170200,42003170200,42003170200,38300,4.0,4,42003170200,2024
27763234,BP-2024-02954,BUILDING,"GROUND FLOOR, INTERIOR FIT-OUT OF EXISTING CORE & SHELL SPACE FOR NEW RETAIL STORE.",NEW CONSTRUCTION,60000.0,2024-04-22,0084B00173000C00,"5818 PENN AVE, Pittsburgh, PA 15206-",40.4621549752,-79.9275565313,9.0,East Liberty,8.0,15206.0,42003111500,42003111500,42003111500,38300,3.87,4,42003111500,2024
27763313,BP-2024-03498,BUILDING,"CONSTRUCTION OF A NEW ONE-STORY BUILDING, INCLUDING SURFACE PARKING SPACES.",NEW CONSTRUCTION,1500000.0,2025-03-05,0084G00239000000,"245 SHADY AVE, Pittsburgh, PA 15206-",40.4582089145,-79.9219426816,8.0,Shadyside,7.0,15206.0,42003070800,42003070800,42003070800,38300,2.9,3,42003070800,2025
27763321,BP-2024-03545,BUILDING,CONSTRUCTION OF 3 STORY DETACHED SINGLE FAMILY DWELLING INCLUDING PORCH ON SIDE AND SECOND FLOOR DECK AT REAR WITH DETACHED GARAGE AT REAR OF PROPERTY,NEW CONSTRUCTION,975000.0,2024-06-04,0008A00051000000,"829 WESTERN AVE, Pittsburgh, PA 15233-",40.4519722616,-80.0151285851,1.0,Allegheny West,22.0,15233.0,42003562700,42003562700,42003562700,38300,4.0,4,42003562700,2024
27763459,BP-2024-04388,BUILDING,CONSTRUCTION OF SINGLE FAMILY DETACHED DWELLING WITH INTEGRAL GARAGE AND BALCONIES FROM SECOND AND THIRD FLOORS IN FRONT,NEW CONSTRUCTION,215000.0,2024-11-27,0009M00322000000,"1907 WEBSTER AVE, Pittsburgh, PA 15219-",40.4454709799,-79.9830162032,6.0,Crawford-Roberts,3.0,15219.0,42003030500,42003030500,42003030500,38300,4.0,4,42003030500,2024
27763526,BP-2024-04796,BUILDING,"INTERIOR ALTERATIONS FOR INITIAL TENANT FIT-OUT, INCLUDING NEW WALLS, CASEWORK, AND FINISHES.",NEW CONSTRUCTION,355000.0,2024-07-17,0002C00450000000,"626 WASHINGTON PL #2501, Pittsburgh, PA 15219-",40.441712114,-79.9912748545,6.0,Crawford-Roberts,3.0,15219.0,42003030500,42003030500,42003030500,38300,4.0,4,42003030500,2024
27763528,BP-2024-04808,BUILDING,"INITIAL TENANT FIT-OUT, INCLUDING NEW WALLS, RESTROOMS, CASEWORK, AND FINISHES.",NEW CONSTRUCTION,80000.0,2024-08-19,0049E00128000000,"3913 BUTLER ST, Pittsburgh, PA 15201-",40.4685327573,-79.9639972173,7.0,Lower Lawrenceville,6.0,15201.0,42003060300,42003060300,42003060300,38300,3.37,4,42003060300,2024
27763565,BP-2024-05014,BUILDING,CONSTRUCT A NEW 3 STORY BUILDING TO INCLUDE 8 RESIDENTIAL APARTMENT UNITS (INCLUDING 2 TYPE B UNITS),NEW CONSTRUCTION,1000000.0,2024-08-08,0050J00081000000,"4842 PENN AVE #303, Pittsburgh, PA 15224-",40.4651130984,-79.9455790183,7.0,Bloomfield,8.0,15224.0,42003080900,42003080900,42003080900,38300,3.0,3,42003080900,2024
27763575,BP-2024-05085,BUILDING,CONSTRUCTION OF WOOD & STEEL FRAMED THREE-STORY SINGLE-FAMILY DWELLING WITH INTEGRAL ONE-CAR GARAGE AND ROOF DECK AT THIRD FLOOR LEVEL,NEW CONSTRUCTION,250000.0,2024-05-10,0012N00012000000,"183 S 16TH ST, Pittsburgh, 15203-",40.4259223764,-79.9827538783,3.0,South Side Flats,17.0,15203.0,42003170200,42003170200,42003170200,38300,4.0,4,42003170200,2024
27763579,BP-2024-05105,BUILDING,"CONSTRUCTION OF PLAZA WITH ACCESSORY STRUCTURES INCLUDING STAGE, RESTROOMS AND STORAGE. (FOOD STAND WITH PERGOLA AND EXTERIOR SEATING TO BE CONSTRUCTED UNDER BDA-2025-05979)",NEW CONSTRUCTION,3000000.0,2024-09-05,0008K00036000000,"155 MAZEROSKI Way, Pittsburgh, PA 15212-",40.4473030103,-80.0079927279,6.0,North Shore,22.0,15212.0,42003981200,42003981200,42003981200,38300,4.0,4,42003981200,2024
27763611,BP-2024-05300,BUILDING,NEW CONSTRUCTION OF METAL WAREHOUSE AND OFFICE BUILDING,NEW CONSTRUCTION,500000.0,2024-08-26,0068R00075000000,"2994 IDLEWOOD RD, Pittsburgh, PA 15205-",40.4243291029,-80.0744135004,2.0,East Carnegie,28.0,15205.0,42003562800,42003562800,42003562800,38300,2.78,3,42003562800,2024
27763612,BP-2024-05313,BUILDING,CONSTRUCTION AND INSTALLATION OF PREFABRICATED NEW 1000SF GAS REGULATOR BUILDING,NEW CONSTRUCTION,381500.0,2024-08-29,0042B00300000000,"446 STADIUM ST, Pittsburgh, PA 15204-",40.4603794161,-80.0582049547,2.0,Sheraden,20.0,15204.0,42003562500,42003562500,42003562500,38300,3.16,3,42003562500,2024
27763658,BP-2024-05523,BUILDING,CONSTRUCTION OF FOUR STORY TOWNHOUSE WITH INTEGRAL GARAGE,NEW CONSTRUCTION,200000.0,2024-09-03,0025K00261000000,"319 27TH ST, Pittsburgh, PA 15222-",40.4558327029,-79.976702153,1.0,Strip District,6.0,15222.0,42003020300,42003020300,42003020300,38300,4.0,4,42003020300,2024
27763659,BP-2024-05525,BUILDING,CONSTRUCTION OF FOUR STORY TOWNHOUSE WITH INTEGRAL GARAGE,NEW CONSTRUCTION,200000.0,2024-11-19,0025K00261000000,"319 27TH ST, Pittsburgh, PA 15222-",40.4558327029,-79.976702153,1.0,Strip District,6.0,15222.0,42003020300,42003020300,42003020300,38300,4.0,4,42003020300,2024
27763883,BP-2024-06519,BUILDING,"PHASED BUILDING CONSTRUCTION FOR OFFICE TENANT FIT-OUT ON PARTIAL 19TH FLR INCLUDING, WALLS, CASEWORK, AND FINISHES",NEW CONSTRUCTION,500000.0,2024-06-13,0002C00450000400,"632 WASHINGTON PL, Pittsburgh, PA 15219-",40.4416547248,-79.9916338482,6.0,Crawford-Roberts,3.0,15219.0,42003030500,42003030500,42003030500,38300,4.0,4,42003030500,2024
27763922,BP-2024-06742,BUILDING,NEW 2 STORY STRUCTURE WITH FIRST FLOOR PORCH AND TWO (2) PARKING PADS AT REAR OF SINGLE FAMILY DWELLING.,NEW CONSTRUCTION,250000.0,2024-10-07,0050L00156000000,"5217 BROAD ST, Pittsburgh, PA 15224-",40.466183373,-79.9388375843,9.0,Garfield,10.0,15224.0,42003101900,42003101900,42003101900,38300,3.97,4,42003101900,2024
27763966,BP-2024-06976,BUILDING,PROVIDING AN INTERIOR PARTION TO SUB-DIVIDE EXISTING COMMERCIAL SHELL SPACE.,NEW CONSTRUCTION,8000.0,2024-07-17,0027D00060000000,"4500 CENTRE AVE #1019, Pittsburgh, PA 15213-",40.4513898314,-79.9525999311,8.0,North Oakland,4.0,15213.0,42003562000,42003562000,42003562000,38300,2.44,2,42003562000,2024
27763985,BP-2024-07055,BUILDING,"TENANT FIT OUT OF PARTIALLY VACANT CORE AND SHELL SPACE TO CONSTRUCT OFFICES, RESTROOMS AND COURTROOMS IN EXISTING 3 STORY BUILDING.",NEW CONSTRUCTION,100000.0,2024-07-08,0124J00266000000,"116 WINSLOW ST, Pittsburgh, PA 15206-",40.4652844329,-79.9133217409,9.0,Larimer,12.0,15206.0,42003120900,42003120900,42003120900,38300,3.84,4,42003120900,2024
27764099,BP-2024-07735,BUILDING,"INITIAL TENANT FIT-OUT OF NEW BAR AND RESTAURANT - INCLUDING NEW MEZZANINE, TOILET ROOMS, BULKHEADS, KITCHEN, ENTRY VESTIBULE, AND OUTDOOR SEATING",NEW CONSTRUCTION,2500000.0,2025-11-26,0008K00035000000,"220 NORTH SHORE DR #628, Pittsburgh, PA 15212-",40.4468565587,-80.0080661064,6.0,North Shore,22.0,15212.0,42003981200,42003981200,42003981200,38300,4.0,4,42003981200,2025
27764171,BP-2024-08143,BUILDING,"CONSTRUCTION OF FOUNDATION, SUPERSTRUCTURE AND RETAINING WALL FOR NEW BUILDING.",NEW CONSTRUCTION,45000000.0,2024-09-03,0052N00059000000,"4644 FORBES AVE, Pittsburgh, PA 15213-",40.4440308089,-79.9478363646,8.0,North Oakland,4.0,15213.0,42003982200,42003982200,42003982200,38300,2.28,2,42003982200,2024
27764239,BP-2024-08436,BUILDING,CONSTRUCTION OF THREE-STORY WOOD-FRAMED SINGLE FAMILY DWELLING WITH INTEGRAL TWO-CAR GARAGE AND BASEMENT,NEW CONSTRUCTION,400000.0,2024-09-10,0081A00129000000,"5406 DUNCAN ST, Pittsburgh, PA 15201-",40.480855961,-79.9481472522,7.0,Upper Lawrenceville,10.0,15201.0,42003101100,42003101100,42003101100,38300,3.32,4,42003101100,2024
27764299,BP-2024-08777,BUILDING,CONSTRUCTION OF 4 STORY SINGLE FAMILY ATTACHED DWELLING UNIT WITH INTEGRAL GARAGE AS PART OF 8 UNIT CLUSTER.,NEW CONSTRUCTION,150000.0,2024-10-29,0049B00287000000,"233 43RD ST, Pittsburgh, PA 15201-",40.4704397556,-79.9590168681,7.0,Central Lawrenceville,9.0,15201.0,42003090200,42003090200,42003090200,38300,3.02,3,42003090200,2024
27764301,BP-2024-08780,BUILDING,CONSTRUCTION OF 4 STORY SINGLE FAMILY ATTACHED DWELLING UNIT WITH INTEGRAL GARAGE AS PART OF 8 UNIT CLUSTER.,NEW CONSTRUCTION,150000.0,2024-10-29,0049B00287000000,"233 43RD ST, Pittsburgh, PA 15201-",40.4704397556,-79.9590168681,7.0,Central Lawrenceville,9.0,15201.0,42003090200,42003090200,42003090200,38300,3.02,3,42003090200,2024
27764302,BP-2024-08781,BUILDING,CONSTRUCTION OF 4 STORY SINGLE FAMILY ATTACHED DWELLING UNIT WITH INTEGRAL GARAGE AS PART OF 8 UNIT CLUSTER.,NEW CONSTRUCTION,150000.0,2024-10-21,0049B00287000000,"233 43RD ST, Pittsburgh, PA 15201-",40.4704397556,-79.9590168681,7.0,Central Lawrenceville,9.0,15201.0,42003090200,42003090200,42003090200,38300,3.02,3,42003090200,2024
27764304,BP-2024-08783,BUILDING,CONSTRUCTION OF 4 STORY SINGLE FAMILY ATTACHED DWELLING UNIT WITH INTEGRAL GARAGE AS PART OF 8 UNIT CLUSTER.,NEW CONSTRUCTION,150000.0,2024-10-21,0049B00287000000,"233 43RD ST, Pittsburgh, PA 15201-",40.4704397556,-79.9590168681,7.0,Central Lawrenceville,9.0,15201.0,42003090200,42003090200,42003090200,38300,3.02,3,42003090200,2024
27764305,BP-2024-08785,BUILDING,CONSTRUCTION OF 4 STORY SINGLE FAMILY ATTACHED DWELLING UNIT WITH INTEGRAL GARAGE AS PART OF 8 UNIT CLUSTER.,NEW CONSTRUCTION,150000.0,2024-10-03,0049B00287000000,"233 43RD ST, Pittsburgh, PA 15201-",40.4704397556,-79.9590168681,7.0,Central Lawrenceville,9.0,15201.0,42003090200,42003090200,42003090200,38300,3.02,3,42003090200,2024
27764306,BP-2024-08786,BUILDING,CONSTRUCTION OF 4 STORY SINGLE FAMILY ATTACHED DWELLING UNIT WITH INTEGRAL GARAGE AS PART OF 8 UNIT CLUSTER.,NEW CONSTRUCTION,150000.0,2024-10-03,0049B00287000000,"233 43RD ST, Pittsburgh, PA 15201-",40.4704397556,-79.9590168681,7.0,Central Lawrenceville,9.0,15201.0,42003090200,42003090200,42003090200,38300,3.02,3,42003090200,2024
27764307,BP-2024-08787,BUILDING,CONSTRUCTION OF 4 STORY SINGLE FAMILY ATTACHED DWELLING UNIT WITH INTEGRAL GARAGE AS PART OF 8 UNIT CLUSTER.,NEW CONSTRUCTION,150000.0,2024-09-16,0049B00287000000,"233 43RD ST, Pittsburgh, PA 15201-",40.4704397556,-79.9590168681,7.0,Central Lawrenceville,9.0,15201.0,42003090200,42003090200,42003090200,38300,3.02,3,42003090200,2024
27764308,BP-2024-08788,BUILDING,CONSTRUCTION OF 4 STORY SINGLE FAMILY ATTACHED DWELLING UNIT WITH INTEGRAL GARAGE AS PART OF 8 UNIT CLUSTER.,NEW CONSTRUCTION,150000.0,2024-09-16,0049B00287000000,"233 43RD ST, Pittsburgh, PA 15201-",40.4704397556,-79.9590168681,7.0,Central Lawrenceville,9.0,15201.0,42003090200,42003090200,42003090200,38300,3.02,3,42003090200,2024
27764309,BP-2024-08789,BUILDING,CONSTRUCTION OF 4 STORY SINGLE FAMILY ATTACHED DWELLING UNIT WITH INTEGRAL GARAGE AS PART OF 2 UNIT CLUSTER.,NEW CONSTRUCTION,150000.0,2024-11-01,0049B00300000000,"254 44TH ST, Pittsburgh, PA 15201-",40.4702381546,-79.9583813074,7.0,Central Lawrenceville,9.0,15201.0,42003090200,42003090200,42003090200,38300,3.02,3,42003090200,2024
27764310,BP-2024-08790,BUILDING,CONSTRUCTION OF 4 STORY SINGLE FAMILY ATTACHED DWELLING UNIT WITH INTEGRAL GARAGE AS PART OF 2 UNIT CLUSTER.,NEW CONSTRUCTION,150000.0,2024-11-01,0049B00301000000,"256 44TH ST, Pittsburgh, PA 15201-",40.4701916967,-79.9583187082,7.0,Central Lawrenceville,9.0,15201.0,42003090200,42003090200,42003090200,38300,3.02,3,42003090200,2024
27764311,BP-2024-08791,BUILDING,CONSTRUCTION OF 4 STORY SINGLE FAMILY ATTACHED DWELLING UNIT WITH INTEGRAL GARAGE AS PART OF 2 UNIT CLUSTER.,NEW CONSTRUCTION,150000.0,2024-09-05,0049B00287000000,"233 43RD ST, Pittsburgh, PA 15201-",40.4704397556,-79.9590168681,7.0,Central Lawrenceville,9.0,15201.0,42003090200,42003090200,42003090200,38300,3.02,3,42003090200,2024
27764312,BP-2024-08792,BUILDING,CONSTRUCTION OF 4 STORY SINGLE FAMILY ATTACHED DWELLING UNIT WITH INTEGRAL GARAGE AS PART OF 2 UNIT CLUSTER.,NEW CONSTRUCTION,150000.0,2024-09-05,0049B00287000000,"233 43RD ST, Pittsburgh, PA 15201-",40.4704397556,-79.9590168681,7.0,Central Lawrenceville,9.0,15201.0,42003090200,42003090200,42003090200,38300,3.02,3,42003090200,2024
27764389,BP-2024-09157,BUILDING,CONSTRUCTION OF SITE BUILD UTILITY BUILDING,NEW CONSTRUCTION,250000.0,2024-11-01,0002C00405000000,"632 WASHINGTON PL, Pittsburgh, PA 15219",40.4410124668,-79.9879197719,6.0,Crawford-Roberts,3.0,15219.0,42003030500,42003030500,42003030500,38300,4.0,4,42003030500,2024
27764447,BP-2024-09599,BUILDING,CONSTRUCTION OF FOUR STORY TOWNHOUSE WITH INTEGRAL GARAGE,NEW CONSTRUCTION,250000.0,2024-11-19,0025K00261000000,"319 27TH ST, Pittsburgh, PA 15222-",40.4558327029,-79.976702153,1.0,Strip District,6.0,15222.0,42003020300,42003020300,42003020300,38300,4.0,4,42003020300,2024
27764448,BP-2024-09600,BUILDING,CONSTRUCTION OF FOUR STORY TOWNHOUSE WITH INTEGRAL GARAGE,NEW CONSTRUCTION,250000.0,2024-11-19,0025K00261000000,"319 27TH ST, Pittsburgh, PA 15222-",40.4558327029,-79.976702153,1.0,Strip District,6.0,15222.0,42003020300,42003020300,42003020300,38300,4.0,4,42003020300,2024
27764449,BP-2024-09601,BUILDING,CONSTRUCTION OF 4 STORY TOWNHOUSE WITH INTEGRAL GARAGE,NEW CONSTRUCTION,250000.0,2024-11-21,0025K00261000000,"319 27TH ST, Pittsburgh, PA 15222-",40.4558327029,-79.976702153,1.0,Strip District,6.0,15222.0,42003020300,42003020300,42003020300,38300,4.0,4,42003020300,2024
27764451,BP-2024-10699,BUILDING,"CONSTRUCTION OF A THREE-STORY WOOD-FRAMED, TWO-FAMILY DWELLING WITH SECOND FLOOR FRONT PORCH AND REAR LANDING & STAIRS.",NEW CONSTRUCTION,200000.0,2024-12-13,0174G00392000000,"7419 HERMITAGE ST, Pittsburgh, PA 15208-",40.4592081661,-79.8901196469,9.0,Homewood North,13.0,15208.0,42003130700,42003130700,42003130700,38300,3.5,4,42003130700,2024
27764452,BP-2024-10700,BUILDING,"CONSTRUCTION OF A THREE-STORY WOOD-FRAMED, TWO-FAMILY DWELLING WITH SECOND FLOOR FRONT PORCH AND REAR LANDING & STAIRS.",NEW CONSTRUCTION,200000.0,2024-12-13,0174G00394000000,"7423 HERMITAGE ST, Pittsburgh, PA 15208-",40.4591881057,-79.8900314849,9.0,Homewood North,13.0,15208.0,42003130700,42003130700,42003130700,38300,3.5,4,42003130700,2024
27764453,BP-2024-10701,BUILDING,"CONSTRUCTION OF A THREE-STORY WOOD-FRAMED, TWO-FAMILY DWELLING WITH SECOND FLOOR FRONT PORCH AND REAR LANDING & STAIRS.",NEW CONSTRUCTION,200000.0,2024-12-13,0174G00396000000,"7427 HERMITAGE ST, Pittsburgh, PA 15208-",40.4591688656,-79.8899454117,9.0,Homewood North,13.0,15208.0,42003130700,42003130700,42003130700,38300,3.5,4,42003130700,2024
27764473,BP-2024-13989,BUILDING,"CONSTRUCTION OF 3 STORY APARTMENT, BUILDING NUMBER A7 WITH 9 APARTMENTS (3) ONE BEDROOM AND (6) TWO BEDROOM UNITS",NEW CONSTRUCTION,1664169.0,2025-05-29,0010C00100000000,"2702 Lucas CT, Pittsburgh, PA 15219-",40.4519346183,-79.9709651456,6.0,Bedford Dwellings,5.0,15219.0,42003050900,42003050900,42003050900,38300,3.99,4,42003050900,2025
27764474,BP-2024-13990,BUILDING,CONSTRUCTION OF 3 STORY APARTMENT BUILDING NUMBER A6 WITH 14 APARTMENTS (8) ONE BEDROOM AND (6) TWO BEDROOM UNITS,NEW CONSTRUCTION,2362895.0,2025-05-29,0010C00100000000,"2702 Lucas CT, Pittsburgh, PA 15219-",40.4519346183,-79.9709651456,6.0,Bedford Dwellings,5.0,15219.0,42003050900,42003050900,42003050900,38300,3.99,4,42003050900,2025
27764475,BP-2024-13991,BUILDING,CONSTRUCTION OF 3 STORY APARTMENT BUILDING NUMBER A4 WITH 9 APARTMENTS (3) TWO BEDROOM AND (6) THREE BEDROOM UNITS,NEW CONSTRUCTION,2102324.0,2025-05-29,0010C00100000000,"2702 Lucas CT, Pittsburgh, PA 15219-",40.4519346183,-79.9709651456,6.0,Bedford Dwellings,5.0,15219.0,42003050900,42003050900,42003050900,38300,3.99,4,42003050900,2025
27764476,BP-2024-13992,BUILDING,CONSTRUCTION OF 3 STORY APARTMENT BUILDING NO A3 WITH 9 APARTMENTS (3) TWO BEDROOM AND (6) THREE BEDROOM UNITS,NEW CONSTRUCTION,2102324.0,2025-05-29,0010C00100000000,"2702 Lucas CT, Pittsburgh, PA 15219-",40.4519346183,-79.9709651456,6.0,Bedford Dwellings,5.0,15219.0,42003050900,42003050900,42003050900,38300,3.99,4,42003050900,2025
27764477,BP-2024-13993,BUILDING,"NEW THREE BEDROOM TWO STORY SINGLE FAMILY ATTACHED DWELLING, UNIT 100 IN BUILDING A1 (GROUP OF 4 TOWN HOMES)",NEW CONSTRUCTION,257838.0,2025-05-29,0010C00100000000,"2702 Lucas CT, Pittsburgh, PA 15219-",40.4519346183,-79.9709651456,6.0,Bedford Dwellings,5.0,15219.0,42003050900,42003050900,42003050900,38300,3.99,4,42003050900,2025
27764478,BP-2024-13994,BUILDING,"NEW THREE BEDROOM TWO STORY SINGLE FAMILY ATTACHED DWELLING, UNIT 101 IN BUILDING A1 (GROUP OF 4 TOWN HOMES)",NEW CONSTRUCTION,257838.0,2025-05-29,0010C00100000000,"2702 Lucas CT, Pittsburgh, PA 15219-",40.4519346183,-79.9709651456,6.0,Bedford Dwellings,5.0,15219.0,42003050900,42003050900,42003050900,38300,3.99,4,42003050900,2025
27764479,BP-2024-13995,BUILDING,"NEW THREE BEDROOM TWO STORY SINGLE FAMILY ATTACHED DWELLING, UNIT 102 IN BUILDING A1 (GROUP OF 4 TOWN HOMES)",NEW CONSTRUCTION,257838.0,2025-05-29,0010C00100000000,"2702 Lucas CT, Pittsburgh, PA 15219-",40.4519346183,-79.9709651456,6.0,Bedford Dwellings,5.0,15219.0,42003050900,42003050900,42003050900,38300,3.99,4,42003050900,2025
27764480,BP-2024-13996,BUILDING,"NEW THREE BEDROOM TWO STORY SINGLE FAMILY ATTACHED DWELLING, UNIT 103 IN BUILDING A1 (GROUP OF 4 TOWN HOMES)",NEW CONSTRUCTION,257838.0,2025-05-29,0010C00100000000,"2702 Lucas CT, Pittsburgh, PA 15219-",40.4519346183,-79.9709651456,6.0,Bedford Dwellings,5.0,15219.0,42003050900,42003050900,42003050900,38300,3.99,4,42003050900,2025
27764481,BP-2024-13997,BUILDING,"NEW FOUR BEDROOM THREE STORY SINGLE FAMILY ATTACHED DWELLING, UNIT 200 IN BUILDING A2 (GROUP OF 6 TOWN HOMES)",NEW CONSTRUCTION,276792.0,2025-05-29,0010C00100000000,"2702 Lucas CT, Pittsburgh, PA 15219-",40.4519346183,-79.9709651456,6.0,Bedford Dwellings,5.0,15219.0,42003050900,42003050900,42003050900,38300,3.99,4,42003050900,2025
27764482,BP-2024-13998,BUILDING,"NEW FOUR BEDROOM THREE STORY SINGLE FAMILY ATTACHED DWELLING, UNIT 201 IN BUILDING A2 (GROUP OF 6 TOWN HOMES)",NEW CONSTRUCTION,276792.0,2025-05-29,0010C00100000000,"2702 Lucas CT, Pittsburgh, PA 15219-",40.4519346183,-79.9709651456,6.0,Bedford Dwellings,5.0,15219.0,42003050900,42003050900,42003050900,38300,3.99,4,42003050900,2025
27764483,BP-2024-13999,BUILDING,"NEW THREE BEDROOM TWO STORY SINGLE FAMILY ATTACHED DWELLING, UNIT 202 IN BUILDING A2 (GROUP OF 6 TOWN HOMES)",NEW CONSTRUCTION,276792.0,2025-05-29,0010C00100000000,"2702 Lucas CT, Pittsburgh, PA 15219-",40.4519346183,-79.9709651456,6.0,Bedford Dwellings,5.0,15219.0,42003050900,42003050900,42003050900,38300,3.99,4,42003050900,2025
27764484,BP-2024-14000,BUILDING,"NEW THREE BEDROOM TWO STORY SINGLE FAMILY ATTACHED DWELLING, UNIT 203 IN BUILDING A2 (GROUP OF 6 TOWN HOMES)",NEW CONSTRUCTION,276792.0,2025-05-29,0010C00100000000,"2702 Lucas CT, Pittsburgh, PA 15219-",40.4519346183,-79.9709651456,6.0,Bedford Dwellings,5.0,15219.0,42003050900,42003050900,42003050900,38300,3.99,4,42003050900,2025
27764485,BP-2024-14001,BUILDING,"NEW THREE BEDROOM TWO STORY SINGLE FAMILY ATTACHED DWELLING, UNIT 204 IN BUILDING A2 (GROUP OF 6 TOWN HOMES)",NEW CONSTRUCTION,276792.0,2025-05-29,0010C00100000000,"2702 Lucas CT, Pittsburgh, PA 15219-",40.4519346183,-79.9709651456,6.0,Bedford Dwellings,5.0,15219.0,42003050900,42003050900,42003050900,38300,3.99,4,42003050900,2025
27764486,BP-2024-14002,BUILDING,"NEW THREE BEDROOM TWO STORY SINGLE FAMILY ATTACHED DWELLING, UNIT 205 IN BUILDING A2 (GROUP OF 6 TOWN HOMES)",NEW CONSTRUCTION,276792.0,2025-05-29,0010C00100000000,"2702 Lucas CT, Pittsburgh, PA 15219-",40.4519346183,-79.9709651456,6.0,Bedford Dwellings,5.0,15219.0,42003050900,42003050900,42003050900,38300,3.99,4,42003050900,2025
27764487,BP-2024-14003,BUILDING,"NEW THREE BEDROOM TWO STORY SINGLE FAMILY ATTACHED DWELLING, UNIT 500 IN BUILDING A5 (GROUP OF 6 TOWN HOMES)",NEW CONSTRUCTION,257839.0,2025-05-29,0010C00100000000,"2702 Lucas CT, Pittsburgh, PA 15219-",40.4519346183,-79.9709651456,6.0,Bedford Dwellings,5.0,15219.0,42003050900,42003050900,42003050900,38300,3.99,4,42003050900,2025
27764488,BP-2024-14004,BUILDING,"NEW THREE BEDROOM TWO STORY SINGLE FAMILY ATTACHED DWELLING, UNIT 501 IN BUILDING A5 (GROUP OF 6 TOWN HOMES)",NEW CONSTRUCTION,257839.0,2025-05-29,0010C00100000000,"2702 Lucas CT, Pittsburgh, PA 15219-",40.4519346183,-79.9709651456,6.0,Bedford Dwellings,5.0,15219.0,42003050900,42003050900,42003050900,38300,3.99,4,42003050900,2025
27764489,BP-2024-14005,BUILDING,"NEW THREE BEDROOM TWO STORY SINGLE FAMILY ATTACHED DWELLING, UNIT 502  IN BUILDING A5 (GROUP OF 6 TOWN HOMES)",NEW CONSTRUCTION,257839.0,2025-05-29,0010C00100000000,"2702 Lucas CT, Pittsburgh, PA 15219-",40.4519346183,-79.9709651456,6.0,Bedford Dwellings,5.0,15219.0,42003050900,42003050900,42003050900,38300,3.99,4,42003050900,2025
27764490,BP-2024-14006,BUILDING,"NEW THREE BEDROOM TWO STORY SINGLE FAMILY ATTACHED DWELLING, UNIT 503 IN BUILDING A5 (GROUP OF 6 TOWN HOMES)",NEW CONSTRUCTION,257839.0,2025-05-29,0010C00100000000,"2702 Lucas CT, Pittsburgh, PA 15219-",40.4519346183,-79.9709651456,6.0,Bedford Dwellings,5.0,15219.0,42003050900,42003050900,42003050900,38300,3.99,4,42003050900,2025
27764491,BP-2024-14007,BUILDING,"NEW THREE BEDROOM TWO STORY SINGLE FAMILY ATTACHED DWELLING, UNIT 504 IN BUILDING A5 (GROUP OF 6 TOWN HOMES)",NEW CONSTRUCTION,257839.0,2025-05-29,0010C00100000000,"2702 Lucas CT, Pittsburgh, PA 15219-",40.4519346183,-79.9709651456,6.0,Bedford Dwellings,5.0,15219.0,42003050900,42003050900,42003050900,38300,3.99,4,42003050900,2025
27764492,BP-2024-14008,BUILDING,"NEW THREE BEDROOM TWO STORY SINGLE FAMILY ATTACHED DWELLING, UNIT 505  IN BUILDING A5 (GROUP OF 6 TOWN HOMES)",NEW CONSTRUCTION,257839.0,2025-05-29,0010C00100000000,"2702 Lucas CT, Pittsburgh, PA 15219-",40.4519346183,-79.9709651456,6.0,Bedford Dwellings,5.0,15219.0,42003050900,42003050900,42003050900,38300,3.99,4,42003050900,2025
27764494,BP-2025-00108,BUILDING,CONSTRUCTION OF 3 STORY APARTMENT BUILDING NUMBER A8 WITH 13 APARTMENTS (7) ONE BEDROOM AND (6) TWO BEDROOM UNITS,NEW CONSTRUCTION,1.0,2025-05-29,0010C00100000000,"2702 Lucas CT, Pittsburgh, PA 15219-",40.4519346183,-79.9709651456,6.0,Bedford Dwellings,5.0,15219.0,42003050900,42003050900,42003050900,38300,3.99,4,42003050900,2025
27764497,BP-2025-04951,BUILDING,CONSTRUCITON OF SINGLE FAMILY ATTACHED DWELLING,NEW CONSTRUCTION,500000.0,2025-08-26,0125B00283000000,"554 LINCOLN AVE, Pittsburgh, PA 15206-",40.4613497396,-79.9079767566,9.0,Larimer,12.0,15206.0,42003120900,42003120900,42003120900,38300,3.84,4,42003120900,2025
27764498,BP-2025-07214,BUILDING,"IN PHASE III OF BEDFORD DWELLING, NEW 3 STORY BUILDING WITH 1 AND 2 BEDROOM APARTMENTS (10 UNITS TOTAL ) 1 TYPE A AND 5 TYPE B UNIT ON FIRST FLOOR",NEW CONSTRUCTION,1.0,2026-09-14,0010F00300000000,"2281 BEDFORD AVE #104, Pittsburgh, PA 15219-",40.4495198705,-79.9763439431,6.0,Bedford Dwellings,5.0,15219.0,42003050900,42003050900,42003050900,38300,3.99,4,42003050900,2026
27764499,BP-2025-07215,BUILDING,NEW 3 STORY BUILDING WITH 2 AND 3 BEDROOM UNITS (TOTAL 9) APARTMENTS  (1 TYPE A AND 2 TYPE B),NEW CONSTRUCTION,1.0,2026-09-14,0010F00300000000,"2281 BEDFORD AVE #104, Pittsburgh, PA 15219-",40.4495198705,-79.9763439431,6.0,Bedford Dwellings,5.0,15219.0,42003050900,42003050900,42003050900,38300,3.99,4,42003050900,2026
27764500,BP-2025-07216,BUILDING,NEW 3 STORY BUILDING E1  WITH 2 AND 3 BEDROOM UNITS (TOTAL 9) APARTMENTS  (2 TYPE A AND  1 TYPE B),NEW CONSTRUCTION,1.0,2026-09-14,0010F00400000000,"2257 SOMERS DR, Pittsburgh, PA 15219-",40.4501701024,-79.9767810143,6.0,Bedford Dwellings,5.0,15219.0,42003050900,42003050900,42003050900,38300,3.99,4,42003050900,2026
27764501,BP-2025-07217,BUILDING,NEW 3 STORY BUILDING E2  WITH 2 AND 3 BEDROOM UNITS (TOTAL 9) APARTMENTS  (2 TYPE A AND 1 TYPE B),NEW CONSTRUCTION,1.0,2026-09-14,0010F00400000000,"2257 SOMERS DR, Pittsburgh, PA 15219-",40.4501701024,-79.9767810143,6.0,Bedford Dwellings,5.0,15219.0,42003050900,42003050900,42003050900,38300,3.99,4,42003050900,2026
27764502,BP-2025-07218,BUILDING,CONSTRUCTION OF 3 STORY BUILDING E3  WITH 2 AND 3 BEDROOM UNITS (TOTAL 9) APARTMENTS  (3 TYPE B),NEW CONSTRUCTION,1.0,2026-09-14,0010F00400000000,"2257 SOMERS DR, Pittsburgh, PA 15219-",40.4501701024,-79.9767810143,6.0,Bedford Dwellings,5.0,15219.0,42003050900,42003050900,42003050900,38300,3.99,4,42003050900,2026
27764503,BP-2025-07219,BUILDING,"NEW THREE STORY, THREE BEDROOM SINGLE FAMILY ATTACHED DWELLING, UNIT 100 IN BUILDING A (GROUP OF 7 TOWN HOMES)",NEW CONSTRUCTION,1.0,2026-09-14,0010F00300000000,"2281 BEDFORD AVE #104, Pittsburgh, PA 15219-",40.4495198705,-79.9763439431,6.0,Bedford Dwellings,5.0,15219.0,42003050900,42003050900,42003050900,38300,3.99,4,42003050900,2026
27764504,BP-2025-07220,BUILDING,"NEW THREE STORY, THREE BEDROOM SINGLE FAMILY ATTACHED DWELLING, UNIT 101 IN BUILDING A (GROUP OF 7 TOWN HOMES)",NEW CONSTRUCTION,1.0,2026-09-14,0010F00300000000,"2281 BEDFORD AVE #104, Pittsburgh, PA 15219-",40.4495198705,-79.9763439431,6.0,Bedford Dwellings,5.0,15219.0,42003050900,42003050900,42003050900,38300,3.99,4,42003050900,2026
27764505,BP-2025-07221,BUILDING,"NEW THREE STORY, THREE BEDROOM SINGLE FAMILY ATTACHED DWELLING, UNIT 102 IN BUILDING A (GROUP OF 7 TOWN HOMES)",NEW CONSTRUCTION,1.0,2026-09-14,0010F00300000000,"2281 BEDFORD AVE #104, Pittsburgh, PA 15219-",40.4495198705,-79.9763439431,6.0,Bedford Dwellings,5.0,15219.0,42003050900,42003050900,42003050900,38300,3.99,4,42003050900,2026
27764506,BP-2025-07222,BUILDING,"NEW THREE STORY, THREE BEDROOM SINGLE FAMILY ATTACHED DWELLING, UNIT 103 IN BUILDING A (GROUP OF 7 TOWN HOMES)",NEW CONSTRUCTION,1.0,2026-09-14,0010F00300000000,"2281 BEDFORD AVE #104, Pittsburgh, PA 15219-",40.4495198705,-79.9763439431,6.0,Bedford Dwellings,5.0,15219.0,42003050900,42003050900,42003050900,38300,3.99,4,42003050900,2026
27764507,BP-2025-07223,BUILDING,"NEW THREE STORY, THREE BEDROOM SINGLE FAMILY ATTACHED DWELLING, UNIT 104 IN BUILDING A (GROUP OF 7 TOWN HOMES)",NEW CONSTRUCTION,1.0,2026-09-14,0010F00300000000,"2281 BEDFORD AVE #104, Pittsburgh, PA 15219-",40.4495198705,-79.9763439431,6.0,Bedford Dwellings,5.0,15219.0,42003050900,42003050900,42003050900,38300,3.99,4,42003050900,2026
27764508,BP-2025-07224,BUILDING,"NEW THREE STORY, THREE BEDROOM SINGLE FAMILY ATTACHED DWELLING, UNIT 105 IN BUILDING A (GROUP OF 7 TOWN HOMES)",NEW CONSTRUCTION,1.0,2026-09-14,0010F00300000000,"2281 BEDFORD AVE #104, Pittsburgh, PA 15219-",40.4495198705,-79.9763439431,6.0,Bedford Dwellings,5.0,15219.0,42003050900,42003050900,42003050900,38300,3.99,4,42003050900,2026
27764509,BP-2025-07225,BUILDING,"NEW THREE STORY, THREE BEDROOM SINGLE FAMILY ATTACHED DWELLING, UNIT 106 IN BUILDING A (GROUP OF 7 TOWN HOMES)",NEW CONSTRUCTION,1.0,2026-09-14,0010F00300000000,"2281 BEDFORD AVE #104, Pittsburgh, PA 15219-",40.4495198705,-79.9763439431,6.0,Bedford Dwellings,5.0,15219.0,42003050900,42003050900,42003050900,38300,3.99,4,42003050900,2026
27764512,BP-2025-08779,BUILDING,CONSTRUCTION OF NEW CONCESSION STAND,NEW CONSTRUCTION,1000.0,2026-01-09,0056E00075000000,"4884 GLOSTER ST, Pittsburgh, PA 15207-",40.4100511292,-79.9458867174,5.0,Hazelwood,15.0,15207.0,42003562901,42003562901,42003562901,38300,3.75,4,42003562901,2026
27764513,BP-2025-08780,BUILDING,"ALTERATIONS TO EXISTING 1 STORY BUILDING TO CREATE STORAGE, LOCKER ROOMS, AND TOILET ROOMS FOR SPORTS FIELD ON ADJACENT PARCEL",NEW CONSTRUCTION,1000.0,2026-01-09,0056F00394000000,"4942 GLOSTER ST, Pittsburgh, PA 15207-",40.4088728706,-79.9455300188,5.0,Hazelwood,15.0,15207.0,42003562901,42003562901,42003562901,38300,3.75,4,42003562901,2026
27764514,BP-2025-09222,BUILDING,NEW CONSTRUCTION OF 3-STORY TOWNHOME WITH INTEGRAL GARAGE AND DECKS,NEW CONSTRUCTION,337052.0,2026-01-27,0084M00036000000,"6348 KAUFMAN Way, Pittsburgh, PA 15206-",40.4567829891,-79.9200493342,8.0,Shadyside,7.0,15206.0,42003070800,42003070800,42003070800,38300,2.9,3,42003070800,2026
27764515,BP-2025-09223,BUILDING,NEW CONSTRUCTION OF 3-STORY TOWNHOME WITH INTEGRAL GARAGE AND DECKS,NEW CONSTRUCTION,337052.0,2026-01-27,0084M00036000000,"6348 KAUFMAN Way, Pittsburgh, PA 15206-",40.4567829891,-79.9200493342,8.0,Shadyside,7.0,15206.0,42003070800,42003070800,42003070800,38300,2.9,3,42003070800,2026
27764516,BP-2025-09224,BUILDING,NEW CONSTRUCTION OF 3-STORY TOWNHOME WITH INTEGRAL GARAGE AND DECKS,NEW CONSTRUCTION,337052.0,2026-01-27,0084M00036000000,"6348 KAUFMAN Way, Pittsburgh, PA 15206-",40.4567829891,-79.9200493342,8.0,Shadyside,7.0,15206.0,42003070800,42003070800,42003070800,38300,2.9,3,42003070800,2026
27764517,BP-2026-00483,BUILDING,"NEW TOWNHOUSE INCLUDING FOUNDATION, WALLS, DOORS, AND FINSIHES.",NEW CONSTRUCTION,276559.0,2026-04-06,0084R00261000000,"6229 SELLERS ST, Pittsburgh, PA 15206-",40.4551107705,-79.9232347759,8.0,Shadyside,7.0,15206.0,42003070600,42003070600,42003070600,38300,1.79,2,42003070600,2026
27764518,BP-2026-00484,BUILDING,"NEW TOWNHOUSE INCLUDING FOUNDATION, WALLS, DOORS, AND FINSIHES.",NEW CONSTRUCTION,276559.0,2026-04-06,0084R00261000000,"6229 SELLERS ST, Pittsburgh, PA 15206-",40.4551107705,-79.9232347759,8.0,Shadyside,7.0,15206.0,42003070600,42003070600,42003070600,38300,1.79,2,42003070600,2026
27764519,BP-2026-00485,BUILDING,"NEW TOWNHOUSE INCLUDING FOUNDATION, WALLS, DOORS, AND FINSIHES.",NEW CONSTRUCTION,276559.0,2026-04-06,0084R00261000000,"6229 SELLERS ST, Pittsburgh, PA 15206-",40.4551107705,-79.9232347759,8.0,Shadyside,7.0,15206.0,42003070600,42003070600,42003070600,38300,1.79,2,42003070600,2026
27764520,BP-2026-00486,BUILDING,"NEW TOWNHOUSE INCLUDING FOUNDATION, WALLS, DOORS, AND FINSIHES.",NEW CONSTRUCTION,276559.0,2026-04-06,0084R00261000000,"6229 SELLERS ST, Pittsburgh, PA 15206-",40.4551107705,-79.9232347759,8.0,Shadyside,7.0,15206.0,42003070600,42003070600,42003070600,38300,1.79,2,42003070600,2026
27764521,BP-2026-00487,BUILDING,"NEW TOWNHOUSE INCLUDING FOUNDATION, WALLS, DOORS, AND FINSIHES.",NEW CONSTRUCTION,276559.0,2026-04-06,0084R00261000000,"6229 SELLERS ST, Pittsburgh, PA 15206-",40.4551107705,-79.9232347759,8.0,Shadyside,7.0,15206.0,42003070600,42003070600,42003070600,38300,1.79,2,42003070600,2026
27764522,BP-2026-00488,BUILDING,"NEW TOWNHOUSE INCLUDING FOUNDATION, WALLS, DOORS, AND FINSIHES.",NEW CONSTRUCTION,276559.0,2026-04-06,0084R00261000000,"6229 SELLERS ST, Pittsburgh, PA 15206-",40.4551107705,-79.9232347759,8.0,Shadyside,7.0,15206.0,42003070600,42003070600,42003070600,38300,1.79,2,42003070600,2026
27764523,BP-2026-00489,BUILDING,"NEW TOWNHOUSE INCLUDING FOUNDATION, WALLS, DOORS, AND FINSIHES.",NEW CONSTRUCTION,276559.0,2026-04-06,0084R00261000000,"6229 SELLERS ST, Pittsburgh, PA 15206-",40.4551107705,-79.9232347759,8.0,Shadyside,7.0,15206.0,42003070600,42003070600,42003070600,38300,1.79,2,42003070600,2026
27764524,BP-2026-00490,BUILDING,"NEW TOWNHOUSE INCLUDING FOUNDATION, WALLS, DOORS, AND FINSIHES.",NEW CONSTRUCTION,276559.0,2026-04-06,0084R00261000000,"6229 SELLERS ST, Pittsburgh, PA 15206-",40.4551107705,-79.9232347759,8.0,Shadyside,7.0,15206.0,42003070600,42003070600,42003070600,38300,1.79,2,42003070600,2026
27764525,BP-2026-00491,BUILDING,"NEW TOWNHOUSE INCLUDING FOUNDATION, WALLS, DOORS, AND FINSIHES.",NEW CONSTRUCTION,276559.0,2026-04-06,0084R00261000000,"6229 SELLERS ST, Pittsburgh, PA 15206-",40.4551107705,-79.9232347759,8.0,Shadyside,7.0,15206.0,42003070600,42003070600,42003070600,38300,1.79,2,42003070600,2026
27764526,BP-2026-00492,BUILDING,"NEW TOWNHOUSE INCLUDING FOUNDATION, WALLS, DOORS, AND FINSIHES.",NEW CONSTRUCTION,276559.0,2026-04-06,0084R00261000000,"6229 SELLERS ST, Pittsburgh, PA 15206-",40.4551107705,-79.9232347759,8.0,Shadyside,7.0,15206.0,42003070600,42003070600,42003070600,38300,1.79,2,42003070600,2026
27764527,BP-2026-00493,BUILDING,"NEW TOWNHOUSE INCLUDING FOUNDATION, WALLS, DOORS, AND FINSIHES.",NEW CONSTRUCTION,276559.0,2026-04-06,0084R00261000000,"6229 SELLERS ST, Pittsburgh, PA 15206-",40.4551107705,-79.9232347759,8.0,Shadyside,7.0,15206.0,42003070600,42003070600,42003070600,38300,1.79,2,42003070600,2026
27764528,BP-2026-00494,BUILDING,"NEW TOWNHOUSE INCLUDING FOUNDATION, WALLS, DOORS, AND FINSIHES.",NEW CONSTRUCTION,276559.0,2026-04-06,0084R00261000000,"6229 SELLERS ST, Pittsburgh, PA 15206-",40.4551107705,-79.9232347759,8.0,Shadyside,7.0,15206.0,42003070600,42003070600,42003070600,38300,1.79,2,42003070600,2026
27764529,BP-2026-00539,BUILDING,"CONSTRUCTION OF ATTACHED SINGLE FAMILY 4 STORY DWELLING WITH INTEGRAL GARAGE, AND ROOF TERRACE AT (1505 GRANDVIEW AVE) UNIT 20 -101B",NEW CONSTRUCTION,325000.0,2026-09-25,0006G00044000000,"1505 GRANDVIEW AVE, Pittsburgh, PA 15211-",40.4396527056,-80.0222670401,2.0,Duquesne Heights,19.0,15211.0,42003191100,42003191100,42003191100,38300,3.42,4,42003191100,2026
27764530,BP-2026-00540,BUILDING,"CONSTRUCTION OF ATTACHED SINGLE FAMILY 4 STORY DWELLING WITH INTEGRAL GARAGE, AND ROOF TERRACE AT (1509 GRANDVIEW AVE) UNIT 19 -101C",NEW CONSTRUCTION,325000.0,2026-09-25,0006G00043000000,"1509 GRANDVIEW AVE, Pittsburgh, PA 15211-",40.4396893446,-80.0223298501,2.0,Duquesne Heights,19.0,15211.0,42003191100,42003191100,42003191100,38300,3.42,4,42003191100,2026
27764531,BP-2026-00541,BUILDING,"CONSTRUCTION OF ATTACHED SINGLE FAMILY 4 STORY DWELLING WITH INTEGRAL GARAGE, AND ROOF TERRACE AT (1513 GRANDVIEW AVE) UNIT 18 -101D",NEW CONSTRUCTION,325000.0,2026-09-25,0006G00042000000,"1513 GRANDVIEW AVE, Pittsburgh, PA 15211-",40.4397430131,-80.0223768469,2.0,Duquesne Heights,19.0,15211.0,42003191100,42003191100,42003191100,38300,3.42,4,42003191100,2026
27764532,BP-2026-00542,BUILDING,"CONSTRUCTION OF ATTACHED SINGLE FAMILY 4 STORY DWELLING WITH INTEGRAL GARAGE, AND ROOF TERRACE AT (1517 GRANDVIEW AVE) UNIT 17 -101E",NEW CONSTRUCTION,325000.0,2026-09-25,0006G00040000000,"1517 GRANDVIEW AVE, Pittsburgh, PA 15211-",40.4398011782,-80.0224195047,2.0,Duquesne Heights,19.0,15211.0,42003191100,42003191100,42003191100,38300,3.42,4,42003191100,2026
27764533,BP-2026-00543,BUILDING,"CONSTRUCTION OF ATTACHED SINGLE FAMILY 4 STORY DWELLING WITH INTEGRAL GARAGE, AND ROOF TERRACE AT (1521 GRANDVIEW AVE) UNIT 16 -101F",NEW CONSTRUCTION,325000.0,2026-09-25,0006G00039000000,"1521 GRANDVIEW AVE, Pittsburgh, PA 15211-",40.439842963,-80.0225521201,2.0,Duquesne Heights,19.0,15211.0,42003191100,42003191100,42003191100,38300,3.42,4,42003191100,2026
27764534,BP-2026-00544,BUILDING,"CONSTRUCTION OF ATTACHED SINGLE FAMILY 4 STORY DWELLING WITH INTEGRAL GARAGE, AND ROOF TERRACE AT (1539 GRANDVIEW AVE) UNIT 15 -102A",NEW CONSTRUCTION,325000.0,2026-09-25,0006G00037000000,"1539 GRANDVIEW AVE, Pittsburgh, PA 15211-",40.4399152279,-80.0226901128,2.0,Duquesne Heights,19.0,15211.0,42003191100,42003191100,42003191100,38300,3.42,4,42003191100,2026
27764535,BP-2026-00545,BUILDING,"CONSTRUCTION OF ATTACHED SINGLE FAMILY 4 STORY DWELLING WITH INTEGRAL GARAGE, AND ROOF TERRACE AT (1543 GRANDVIEW AVE) UNIT 14 -102B",NEW CONSTRUCTION,325000.0,2026-09-25,0006G00036000000,"1543 GRANDVIEW AVE, Pittsburgh, PA 15211-",40.4399680877,-80.0228048912,2.0,Duquesne Heights,19.0,15211.0,42003191100,42003191100,42003191100,38300,3.42,4,42003191100,2026
27764536,BP-2026-00546,BUILDING,"CONSTRUCTION OF ATTACHED SINGLE FAMILY 4 STORY DWELLING WITH INTEGRAL GARAGE, AND ROOF TERRACE AT (1547 GRANDVIEW AVE) UNIT 13 -102C",NEW CONSTRUCTION,325000.0,2026-09-25,0006G00034000000,"1547 GRANDVIEW AVE, Pittsburgh, PA 15211-",40.4399407071,-80.0229365249,2.0,Duquesne Heights,19.0,15211.0,42003191100,42003191100,42003191100,38300,3.42,4,42003191100,2026
27764537,BP-2026-00547,BUILDING,"CONSTRUCTION OF ATTACHED SINGLE FAMILY 4 STORY DWELLING WITH INTEGRAL GARAGE, AND ROOF TERRACE AT (1551 GRANDVIEW AVE) UNIT 12 -102D",NEW CONSTRUCTION,325000.0,2026-09-25,0006G00033000000,"1551 GRANDVIEW AVE, Pittsburgh, PA 15211-",40.4400143743,-80.0229341988,2.0,Duquesne Heights,19.0,15211.0,42003191100,42003191100,42003191100,38300,3.42,4,42003191100,2026
27764538,BP-2026-00548,BUILDING,"CONSTRUCTION OF ATTACHED SINGLE FAMILY 4 STORY DWELLING WITH INTEGRAL GARAGE, AND ROOF TERRACE AT (1555 GRANDVIEW AVE) UNIT 11 -102E",NEW CONSTRUCTION,325000.0,2026-09-25,0006G00032000000,"1555 GRANDVIEW AVE, Pittsburgh, PA 15211-",40.4400096129,-80.0230665696,2.0,Duquesne Heights,19.0,15211.0,42003191100,42003191100,42003191100,38300,3.42,4,42003191100,2026
27764539,BP-2026-00549,BUILDING,"CONSTRUCTION OF ATTACHED SINGLE FAMILY 4 STORY DWELLING WITH INTEGRAL GARAGE, AND ROOF TERRACE AT (1557 GRANDVIEW AVE) UNIT 10 -102F",NEW CONSTRUCTION,325000.0,2026-09-25,0006G00030000000,"1557 GRANDVIEW AVE, Pittsburgh, PA 15211-",40.4401235873,-80.0230894297,2.0,Duquesne Heights,19.0,15211.0,42003191100,42003191100,42003191100,38300,3.42,4,42003191100,2026
27764540,BP-2026-02194,BUILDING,"NEW CONSTRUCTION OF A DETACHED DWELLING, SITE WORK, SLAB ON GRADE, AND PARKING PAD",NEW CONSTRUCTION,210000.0,2026-06-04,0175B00058000000,"7610 TIOGA ST, Pittsburgh, PA 15208-",40.451582516,-79.891364391,9.0,Homewood South,13.0,15221.0,42003130800,42003130800,42003130800,38300,3.56,4,42003130800,2026
27764541,BP-2026-02195,BUILDING,"NEW CONSTRUCTION OF A DETACHED DWELLING, SITE WORK, SLAB ON GRADE, AND PARKING PAD",NEW CONSTRUCTION,210000.0,2026-06-04,0175B00060000000,"7614 TIOGA ST, Pittsburgh, PA 15208-",40.4515243871,-79.8912379308,9.0,Homewood South,13.0,15221.0,42003130800,42003130800,42003130800,38300,3.56,4,42003130800,2026
27764542,BP-2026-02696,BUILDING,CONSTRUCTION OF AN ATTACHED TWO-STORY TWO-FAMILY DWELLING WITH FRONT PORCH AND DECK STRUCTURE,NEW CONSTRUCTION,400000.0,2026-10-06,0124N00096000000,"135 MAYFLOWER ST, Pittsburgh, PA 15206",40.4636917792,-79.9149192413,9.0,Larimer,12.0,15206.0,42003120900,42003120900,42003120900,38300,3.84,4,42003120900,2026
27764543,BP-2026-02697,BUILDING,CONSTRUCTION OF AN ATTACHED TWO-STORY TWO-FAMILY DWELLING WITH FRONT PORCH AND DECK STRUCTURE,NEW CONSTRUCTION,400000.0,2026-10-06,0124N00096000A00,"137 MAYFLOWER ST, Pittsburgh, PA 15206",40.4636545347,-79.9148795622,9.0,Larimer,12.0,15206.0,42003120900,42003120900,42003120900,38300,3.84,4,42003120900,2026
